{
  "fio version" : "fio-3.15",
  "timestamp" : 1586203533,
  "timestamp_ms" : 1586203533151,
  "time" : "Mon Apr  6 20:05:33 2020",
  "global options" : {
    "direct" : "1",
    "iodepth" : "22",
    "ioengine" : "libaio",
    "runtime" : "10",
    "time_based" : "1",
    "ramp_time" : "5",
    "size" : "1g",
    "numjobs" : "1",
    "rw" : "rw",
    "bs" : "128k",
    "rwmixread" : "90",
    "rwmixwrite" : "10"
  },
  "jobs" : [
    {
      "jobname" : "read_bw_test",
      "groupid" : 0,
      "error" : 0,
      "eta" : 0,
      "elapsed" : 16,
      "job options" : {
        "name" : "read_bw_test",
        "filename" : "/dev/sdb"
      },
      "read" : {
        "io_bytes" : 4378984448,
        "io_kbytes" : 4276352,
        "bw_bytes" : 437548406,
        "bw" : 427293,
        "iops" : 3336.131095,
        "runtime" : 10008,
        "total_ios" : 33388,
        "short_ios" : 0,
        "drop_ios" : 0,
        "slat_ns" : {
          "min" : 8368,
          "max" : 53270,
          "mean" : 17145.168953,
          "stddev" : 4139.749889
        },
        "clat_ns" : {
          "min" : 4709558,
          "max" : 24626014,
          "mean" : 6159519.401000,
          "stddev" : 1299582.978336,
          "percentile" : {
            "1.000000" : 5079040,
            "5.000000" : 5144576,
            "10.000000" : 5144576,
            "20.000000" : 5210112,
            "30.000000" : 5341184,
            "40.000000" : 5406720,
            "50.000000" : 5603328,
            "60.000000" : 5865472,
            "70.000000" : 6389760,
            "80.000000" : 7110656,
            "90.000000" : 7831552,
            "95.000000" : 8585216,
            "99.000000" : 10682368,
            "99.500000" : 11337728,
            "99.900000" : 14221312,
            "99.950000" : 16711680,
            "99.990000" : 22151168
          }
        },
        "lat_ns" : {
          "min" : 4725225,
          "max" : 24641258,
          "mean" : 6176924.828489,
          "stddev" : 1300282.258881
        },
        "bw_min" : 352063,
        "bw_max" : 458496,
        "bw_agg" : 100.000000,
        "bw_mean" : 427343.950000,
        "bw_dev" : 30905.344413,
        "bw_samples" : 20,
        "iops_min" : 2750,
        "iops_max" : 3582,
        "iops_mean" : 3338.600000,
        "iops_stddev" : 241.511120,
        "iops_samples" : 20
      },
      "write" : {
        "io_bytes" : 496893952,
        "io_kbytes" : 485248,
        "bw_bytes" : 49649675,
        "bw" : 48486,
        "iops" : 378.796962,
        "runtime" : 10008,
        "total_ios" : 3791,
        "short_ios" : 0,
        "drop_ios" : 0,
        "slat_ns" : {
          "min" : 13648,
          "max" : 61567,
          "mean" : 25920.831443,
          "stddev" : 4895.537221
        },
        "clat_ns" : {
          "min" : 270134,
          "max" : 21708833,
          "mean" : 3609207.929834,
          "stddev" : 1663262.696866,
          "percentile" : {
            "1.000000" : 481280,
            "5.000000" : 978944,
            "10.000000" : 1449984,
            "20.000000" : 2146304,
            "30.000000" : 2637824,
            "40.000000" : 3129344,
            "50.000000" : 3588096,
            "60.000000" : 4079616,
            "70.000000" : 4554752,
            "80.000000" : 4947968,
            "90.000000" : 5406720,
            "95.000000" : 6324224,
            "99.000000" : 7634944,
            "99.500000" : 8585216,
            "99.900000" : 10027008,
            "99.950000" : 13828096,
            "99.990000" : 21626880
          }
        },
        "lat_ns" : {
          "min" : 294854,
          "max" : 21733357,
          "mean" : 3635421.842258,
          "stddev" : 1663492.811198
        },
        "bw_min" : 38400,
        "bw_max" : 54272,
        "bw_agg" : 100.000000,
        "bw_mean" : 48508.000000,
        "bw_dev" : 4900.395344,
        "bw_samples" : 20,
        "iops_min" : 300,
        "iops_max" : 424,
        "iops_mean" : 378.950000,
        "iops_stddev" : 38.319261,
        "iops_samples" : 20
      },
      "trim" : {
        "io_bytes" : 0,
        "io_kbytes" : 0,
        "bw_bytes" : 0,
        "bw" : 0,
        "iops" : 0.000000,
        "runtime" : 0,
        "total_ios" : 0,
        "short_ios" : 0,
        "drop_ios" : 0,
        "slat_ns" : {
          "min" : 0,
          "max" : 0,
          "mean" : 0.000000,
          "stddev" : 0.000000
        },
        "clat_ns" : {
          "min" : 0,
          "max" : 0,
          "mean" : 0.000000,
          "stddev" : 0.000000,
          "percentile" : {
            "1.000000" : 0,
            "5.000000" : 0,
            "10.000000" : 0,
            "20.000000" : 0,
            "30.000000" : 0,
            "40.000000" : 0,
            "50.000000" : 0,
            "60.000000" : 0,
            "70.000000" : 0,
            "80.000000" : 0,
            "90.000000" : 0,
            "95.000000" : 0,
            "99.000000" : 0,
            "99.500000" : 0,
            "99.900000" : 0,
            "99.950000" : 0,
            "99.990000" : 0
          }
        },
        "lat_ns" : {
          "min" : 0,
          "max" : 0,
          "mean" : 0.000000,
          "stddev" : 0.000000
        },
        "bw_min" : 0,
        "bw_max" : 0,
        "bw_agg" : 0.000000,
        "bw_mean" : 0.000000,
        "bw_dev" : 0.000000,
        "bw_samples" : 0,
        "iops_min" : 0,
        "iops_max" : 0,
        "iops_mean" : 0.000000,
        "iops_stddev" : 0.000000,
        "iops_samples" : 0
      },
      "sync" : {
        "lat_ns" : {
          "min" : 0,
          "max" : 0,
          "mean" : 0.000000,
          "stddev" : 0.000000,
          "percentile" : {
            "1.000000" : 0,
            "5.000000" : 0,
            "10.000000" : 0,
            "20.000000" : 0,
            "30.000000" : 0,
            "40.000000" : 0,
            "50.000000" : 0,
            "60.000000" : 0,
            "70.000000" : 0,
            "80.000000" : 0,
            "90.000000" : 0,
            "95.000000" : 0,
            "99.000000" : 0,
            "99.500000" : 0,
            "99.900000" : 0,
            "99.950000" : 0,
            "99.990000" : 0
          }
        },
        "total_ios" : 0
      },
      "job_runtime" : 10007,
      "usr_cpu" : 2.328370,
      "sys_cpu" : 9.273509,
      "ctx" : 37201,
      "majf" : 0,
      "minf" : 15,
      "iodepth_level" : {
        "1" : 0.000000,
        "2" : 0.000000,
        "4" : 0.000000,
        "8" : 0.000000,
        "16" : 100.000000,
        "32" : 0.000000,
        ">=64" : 0.000000
      },
      "iodepth_submit" : {
        "0" : 0.000000,
        "4" : 100.000000,
        "8" : 0.000000,
        "16" : 0.000000,
        "32" : 0.000000,
        "64" : 0.000000,
        ">=64" : 0.000000
      },
      "iodepth_complete" : {
        "0" : 0.000000,
        "4" : 99.997310,
        "8" : 0.000000,
        "16" : 0.000000,
        "32" : 0.100000,
        "64" : 0.000000,
        ">=64" : 0.000000
      },
      "latency_ns" : {
        "2" : 0.000000,
        "4" : 0.000000,
        "10" : 0.000000,
        "20" : 0.000000,
        "50" : 0.000000,
        "100" : 0.000000,
        "250" : 0.000000,
        "500" : 0.000000,
        "750" : 0.000000,
        "1000" : 0.000000
      },
      "latency_us" : {
        "2" : 0.000000,
        "4" : 0.000000,
        "10" : 0.000000,
        "20" : 0.000000,
        "50" : 0.000000,
        "100" : 0.000000,
        "250" : 0.000000,
        "500" : 0.110277,
        "750" : 0.193658,
        "1000" : 0.258210
      },
      "latency_ms" : {
        "2" : 1.320638,
        "4" : 4.015708,
        "10" : 92.173001,
        "20" : 1.952715,
        "50" : 0.032276,
        "100" : 0.000000,
        "250" : 0.000000,
        "500" : 0.000000,
        "750" : 0.000000,
        "1000" : 0.000000,
        "2000" : 0.000000,
        ">=2000" : 0.000000
      },
      "latency_depth" : 22,
      "latency_target" : 0,