{
  "fio version" : "fio-3.15",
  "timestamp" : 1586203587,
  "timestamp_ms" : 1586203587113,
  "time" : "Mon Apr  6 20:06:27 2020",
  "global options" : {
    "direct" : "1",
    "iodepth" : "22",
    "ioengine" : "libaio",
    "runtime" : "10",
    "time_based" : "1",
    "ramp_time" : "5",
    "size" : "1g",
    "numjobs" : "1",
    "rw" : "rw",
    "bs" : "1024k",
    "rwmixread" : "90",
    "rwmixwrite" : "10"
  },
  "jobs" : [
    {
      "jobname" : "read_bw_test",
      "groupid" : 0,
      "error" : 0,
      "eta" : 0,
      "elapsed" : 16,
      "job options" : {
        "name" : "read_bw_test",
        "filename" : "/dev/sdb"
      },
      "read" : {
        "io_bytes" : 4341104640,
        "io_kbytes" : 4239360,
        "bw_bytes" : 432208745,
        "bw" : 422078,
        "iops" : 410.394265,
        "runtime" : 10044,
        "total_ios" : 4122,
        "short_ios" : 0,
        "drop_ios" : 0,
        "slat_ns" : {
          "min" : 70130,
          "max" : 95057,
          "mean" : 71756.376031,
          "stddev" : 2465.299922
        },
        "clat_ns" : {
          "min" : 40576367,
          "max" : 95600754,
          "mean" : 49974951.695411,
          "stddev" : 7090421.713773,
          "percentile" : {
            "1.000000" : 43253760,
            "5.000000" : 43778048,
            "10.000000" : 43778048,
            "20.000000" : 45350912,
            "30.000000" : 45875200,
            "40.000000" : 47448064,
            "50.000000" : 47972352,
            "60.000000" : 49020928,
            "70.000000" : 50593792,
            "80.000000" : 52166656,
            "90.000000" : 58458112,
            "95.000000" : 65798144,
            "99.000000" : 77070336,
            "99.500000" : 83361792,
            "99.900000" : 90701824,
            "99.950000" : 92798976,
            "99.990000" : 95944704
          }
        },
        "lat_ns" : {
          "min" : 40648341,
          "max" : 95672917,
          "mean" : 50047463.502898,
          "stddev" : 7090458.445366
        },
        "bw_min" : 321536,
        "bw_max" : 454656,
        "bw_agg" : 99.885187,
        "bw_mean" : 421593.400000,
        "bw_dev" : 38078.457228,
        "bw_samples" : 20,
        "iops_min" : 314,
        "iops_max" : 444,
        "iops_mean" : 411.700000,
        "iops_stddev" : 37.176818,
        "iops_samples" : 20
      },
      "write" : {
        "io_bytes" : 505413632,
        "io_kbytes" : 493568,
        "bw_bytes" : 50319955,
        "bw" : 49140,
        "iops" : 47.690163,
        "runtime" : 10044,
        "total_ios" : 479,
        "short_ios" : 0,
        "drop_ios" : 0,
        "slat_ns" : {
          "min" : 79777,
          "max" : 130704,
          "mean" : 97871.160752,
          "stddev" : 7462.551677
        },
        "clat_ns" : {
          "min" : 3735960,
          "max" : 52501645,
          "mean" : 29321863.952282,
          "stddev" : 12429723.688371,
          "percentile" : {
            "1.000000" : 4882432,
            "5.000000" : 7831552,
            "10.000000" : 10813440,
            "20.000000" : 16580608,
            "30.000000" : 21626880,
            "40.000000" : 26607616,
            "50.000000" : 30277632,
            "60.000000" : 35389440,
            "70.000000" : 38535168,
            "80.000000" : 41680896,
            "90.000000" : 44826624,
            "95.000000" : 46399488,
            "99.000000" : 49020928,
            "99.500000" : 50069504,
            "99.900000" : 52690944,
            "99.950000" : 52690944,
            "99.990000" : 52690944
          }
        },
        "lat_ns" : {
          "min" : 3836287,
          "max" : 52601300,
          "mean" : 29420512.873444,
          "stddev" : 12429767.387980
        },
        "bw_min" : 38912,
        "bw_max" : 59392,
        "bw_agg" : 100.000000,
        "bw_mean" : 49348.200000,
        "bw_dev" : 6309.143003,
        "bw_samples" : 20,
        "iops_min" : 38,
        "iops_max" : 58,
        "iops_mean" : 48.100000,
        "iops_stddev" : 6.265192,
        "iops_samples" : 20
      },
      "trim" : {
        "io_bytes" : 0,
        "io_kbytes" : 0,
        "bw_bytes" : 0,
        "bw" : 0,
        "iops" : 0.000000,
        "runtime" : 0,
        "total_ios" : 0,
        "short_ios" : 0,
        "drop_ios" : 0,
        "slat_ns" : {
          "min" : 0,
          "max" : 0,
          "mean" : 0.000000,
          "stddev" : 0.000000
        },
        "clat_ns" : {
          "min" : 0,
          "max" : 0,
          "mean" : 0.000000,
          "stddev" : 0.000000,
          "percentile" : {
            "1.000000" : 0,
            "5.000000" : 0,
            "10.000000" : 0,
            "20.000000" : 0,
            "30.000000" : 0,
            "40.000000" : 0,
            "50.000000" : 0,
            "60.000000" : 0,
            "70.000000" : 0,
            "80.000000" : 0,
            "90.000000" : 0,
            "95.000000" : 0,
            "99.000000" : 0,
            "99.500000" : 0,
            "99.900000" : 0,
            "99.950000" : 0,
            "99.990000" : 0
          }
        },
        "lat_ns" : {
          "min" : 0,
          "max" : 0,
          "mean" : 0.000000,
          "stddev" : 0.000000
        },
        "bw_min" : 0,
        "bw_max" : 0,
        "bw_agg" : 0.000000,
        "bw_mean" : 0.000000,
        "bw_dev" : 0.000000,
        "bw_samples" : 0,
        "iops_min" : 0,
        "iops_max" : 0,
        "iops_mean" : 0.000000,
        "iops_stddev" : 0.000000,
        "iops_samples" : 0
      },
      "sync" : {
        "lat_ns" : {
          "min" : 0,
          "max" : 0,
          "mean" : 0.000000,
          "stddev" : 0.000000,
          "percentile" : {
            "1.000000" : 0,
            "5.000000" : 0,
            "10.000000" : 0,
            "20.000000" : 0,
            "30.000000" : 0,
            "40.000000" : 0,
            "50.000000" : 0,
            "60.000000" : 0,
            "70.000000" : 0,
            "80.000000" : 0,
            "90.000000" : 0,
            "95.000000" : 0,
            "99.000000" : 0,
            "99.500000" : 0,
            "99.900000" : 0,
            "99.950000" : 0,
            "99.990000" : 0
          }
        },
        "total_ios" : 0
      },
      "job_runtime" : 10043,
      "usr_cpu" : 0.697003,
      "sys_cpu" : 4.042617,
      "ctx" : 4622,
      "majf" : 0,
      "minf" : 15,
      "iodepth_level" : {
        "1" : 0.000000,
        "2" : 0.000000,
        "4" : 0.000000,
        "8" : 0.000000,
        "16" : 100.000000,
        "32" : 0.000000,
        ">=64" : 0.000000
      },
      "iodepth_submit" : {
        "0" : 0.000000,
        "4" : 100.000000,
        "8" : 0.000000,
        "16" : 0.000000,
        "32" : 0.000000,
        "64" : 0.000000,
        ">=64" : 0.000000
      },
      "iodepth_complete" : {
        "0" : 0.000000,
        "4" : 99.978270,
        "8" : 0.000000,
        "16" : 0.000000,
        "32" : 0.100000,
        "64" : 0.000000,
        ">=64" : 0.000000
      },
      "latency_ns" : {
        "2" : 0.000000,
        "4" : 0.000000,
        "10" : 0.000000,
        "20" : 0.000000,
        "50" : 0.000000,
        "100" : 0.000000,
        "250" : 0.000000,
        "500" : 0.000000,
        "750" : 0.000000,
        "1000" : 0.000000
      },
      "latency_us" : {
        "2" : 0.000000,
        "4" : 0.000000,
        "10" : 0.000000,
        "20" : 0.000000,
        "50" : 0.000000,
        "100" : 0.000000,
        "250" : 0.000000,
        "500" : 0.000000,
        "750" : 0.000000,
        "1000" : 0.000000
      },
      "latency_ms" : {
        "2" : 0.000000,
        "4" : 0.021734,
        "10" : 0.869376,
        "20" : 1.912628,
        "50" : 67.485329,
        "100" : 30.167355,
        "250" : 0.000000,
        "500" : 0.000000,
        "750" : 0.000000,
        "1000" : 0.000000,
        "2000" : 0.000000,
        ">=2000" : 0.000000
      },
      "latency_depth" : 22,