{
  "fio version" : "fio-3.15",
  "timestamp" : 1586203551,
  "timestamp_ms" : 1586203551112,
  "time" : "Mon Apr  6 20:05:51 2020",
  "global options" : {
    "direct" : "1",
    "iodepth" : "22",
    "ioengine" : "libaio",
    "runtime" : "10",
    "time_based" : "1",
    "ramp_time" : "5",
    "size" : "1g",
    "numjobs" : "1",
    "rw" : "rw",
    "bs" : "256k",
    "rwmixread" : "90",
    "rwmixwrite" : "10"
  },
  "jobs" : [
    {
      "jobname" : "read_bw_test",
      "groupid" : 0,
      "error" : 0,
      "eta" : 0,
      "elapsed" : 16,
      "job options" : {
        "name" : "read_bw_test",
        "filename" : "/dev/sdb"
      },
      "read" : {
        "io_bytes" : 4503109632,
        "io_kbytes" : 4397568,
        "bw_bytes" : 449816165,
        "bw" : 439273,
        "iops" : 1713.914694,
        "runtime" : 10011,
        "total_ios" : 17158,
        "short_ios" : 0,
        "drop_ios" : 0,
        "slat_ns" : {
          "min" : 23421,
          "max" : 59983,
          "mean" : 26730.696993,
          "stddev" : 4672.914298
        },
        "clat_ns" : {
          "min" : 9933691,
          "max" : 31906345,
          "mean" : 11963349.278205,
          "stddev" : 1827459.611434,
          "percentile" : {
            "1.000000" : 10289152,
            "5.000000" : 10420224,
            "10.000000" : 10420224,
            "20.000000" : 10551296,
            "30.000000" : 10944512,
            "40.000000" : 11075584,
            "50.000000" : 11468800,
            "60.000000" : 11862016,
            "70.000000" : 12517376,
            "80.000000" : 13041664,
            "90.000000" : 13959168,
            "95.000000" : 15007744,
            "99.000000" : 18481152,
            "99.500000" : 20054016,
            "99.900000" : 31850496,
            "99.950000" : 31850496,
            "99.990000" : 31850496
          }
        },
        "lat_ns" : {
          "min" : 9958342,
          "max" : 31931435,
          "mean" : 11990518.766620,
          "stddev" : 1828223.712349
        },
        "bw_min" : 379145,
        "bw_max" : 460800,
        "bw_agg" : 99.968994,
        "bw_mean" : 439136.800000,
        "bw_dev" : 25984.614319,
        "bw_samples" : 20,
        "iops_min" : 1481,
        "iops_max" : 1800,
        "iops_mean" : 1715.350000,
        "iops_stddev" : 101.501504,
        "iops_samples" : 20
      },
      "write" : {
        "io_bytes" : 497811456,
        "io_kbytes" : 486144,
        "bw_bytes" : 49726446,
        "bw" : 48560,
        "iops" : 189.591449,
        "runtime" : 10011,
        "total_ios" : 1898,
        "short_ios" : 0,
        "drop_ios" : 0,
        "slat_ns" : {
          "min" : 25073,
          "max" : 64247,
          "mean" : 31269.254478,
          "stddev" : 5014.730148
        },
        "clat_ns" : {
          "min" : 556916,
          "max" : 17212703,
          "mean" : 7498225.719853,
          "stddev" : 3039159.794934,
          "percentile" : {
            "1.000000" : 1056768,
            "5.000000" : 1990656,
            "10.000000" : 3260416,
            "20.000000" : 4685824,
            "30.000000" : 5734400,
            "40.000000" : 6782976,
            "50.000000" : 7634944,
            "60.000000" : 8585216,
            "70.000000" : 9502720,
            "80.000000" : 10289152,
            "90.000000" : 11206656,
            "95.000000" : 12124160,
            "99.000000" : 14090240,
            "99.500000" : 14614528,
            "99.900000" : 17170432,
            "99.950000" : 17170432,
            "99.990000" : 17170432
          }
        },
        "lat_ns" : {
          "min" : 583530,
          "max" : 17245273,
          "mean" : 7529861.436546,
          "stddev" : 3039146.724221
        },
        "bw_min" : 40448,
        "bw_max" : 55296,
        "bw_agg" : 100.000000,
        "bw_mean" : 48604.900000,
        "bw_dev" : 4156.790271,
        "bw_samples" : 20,
        "iops_min" : 158,
        "iops_max" : 216,
        "iops_mean" : 189.800000,
        "iops_stddev" : 16.262971,
        "iops_samples" : 20
      },
      "trim" : {
        "io_bytes" : 0,
        "io_kbytes" : 0,
        "bw_bytes" : 0,
        "bw" : 0,
        "iops" : 0.000000,
        "runtime" : 0,
        "total_ios" : 0,
        "short_ios" : 0,
        "drop_ios" : 0,
        "slat_ns" : {
          "min" : 0,
          "max" : 0,
          "mean" : 0.000000,
          "stddev" : 0.000000
        },
        "clat_ns" : {
          "min" : 0,
          "max" : 0,
          "mean" : 0.000000,
          "stddev" : 0.000000,
          "percentile" : {
            "1.000000" : 0,
            "5.000000" : 0,
            "10.000000" : 0,
            "20.000000" : 0,
            "30.000000" : 0,
            "40.000000" : 0,
            "50.000000" : 0,
            "60.000000" : 0,
            "70.000000" : 0,
            "80.000000" : 0,
            "90.000000" : 0,
            "95.000000" : 0,
            "99.000000" : 0,
            "99.500000" : 0,
            "99.900000" : 0,
            "99.950000" : 0,
            "99.990000" : 0
          }
        },
        "lat_ns" : {
          "min" : 0,
          "max" : 0,
          "mean" : 0.000000,
          "stddev" : 0.000000
        },
        "bw_min" : 0,
        "bw_max" : 0,
        "bw_agg" : 0.000000,
        "bw_mean" : 0.000000,
        "bw_dev" : 0.000000,
        "bw_samples" : 0,
        "iops_min" : 0,
        "iops_max" : 0,
        "iops_mean" : 0.000000,
        "iops_stddev" : 0.000000,
        "iops_samples" : 0
      },
      "sync" : {
        "lat_ns" : {
          "min" : 0,
          "max" : 0,
          "mean" : 0.000000,
          "stddev" : 0.000000,
          "percentile" : {
            "1.000000" : 0,
            "5.000000" : 0,
            "10.000000" : 0,
            "20.000000" : 0,
            "30.000000" : 0,
            "40.000000" : 0,
            "50.000000" : 0,
            "60.000000" : 0,
            "70.000000" : 0,
            "80.000000" : 0,
            "90.000000" : 0,
            "95.000000" : 0,
            "99.000000" : 0,
            "99.500000" : 0,
            "99.900000" : 0,
            "99.950000" : 0,
            "99.990000" : 0
          }
        },
        "total_ios" : 0
      },
      "job_runtime" : 10010,
      "usr_cpu" : 1.598402,
      "sys_cpu" : 7.202797,
      "ctx" : 19077,
      "majf" : 0,
      "minf" : 15,
      "iodepth_level" : {
        "1" : 0.000000,
        "2" : 0.000000,
        "4" : 0.000000,
        "8" : 0.000000,
        "16" : 100.000000,
        "32" : 0.000000,
        ">=64" : 0.000000
      },
      "iodepth_submit" : {
        "0" : 0.000000,
        "4" : 100.000000,
        "8" : 0.000000,
        "16" : 0.000000,
        "32" : 0.000000,
        "64" : 0.000000,
        ">=64" : 0.000000
      },
      "iodepth_complete" : {
        "0" : 0.000000,
        "4" : 99.994753,
        "8" : 0.000000,
        "16" : 0.000000,
        "32" : 0.100000,
        "64" : 0.000000,
        ">=64" : 0.000000
      },
      "latency_ns" : {
        "2" : 0.000000,
        "4" : 0.000000,
        "10" : 0.000000,
        "20" : 0.000000,
        "50" : 0.000000,
        "100" : 0.000000,
        "250" : 0.000000,
        "500" : 0.000000,
        "750" : 0.000000,
        "1000" : 0.000000
      },
      "latency_us" : {
        "2" : 0.000000,
        "4" : 0.000000,
        "10" : 0.000000,
        "20" : 0.000000,
        "50" : 0.000000,
        "100" : 0.000000,
        "250" : 0.000000,
        "500" : 0.000000,
        "750" : 0.010495,
        "1000" : 0.041982
      },
      "latency_ms" : {
        "2" : 0.456549,
        "4" : 1.049538,
        "10" : 6.229009,
        "20" : 91.860831,
        "50" : 0.461797,
        "100" : 0.000000,
        "250" : 0.000000,
        "500" : 0.000000,
        "750" : 0.000000,
        "1000" : 0.000000,
        "2000" : 0.000000,
        ">=2000" : 0.000000
      },
      "latency_depth" : 22,