{
  "fio version" : "fio-3.15",
  "timestamp" : 1586203515,
  "timestamp_ms" : 1586203515220,
  "time" : "Mon Apr  6 20:05:15 2020",
  "global options" : {
    "direct" : "1",
    "iodepth" : "22",
    "ioengine" : "libaio",
    "runtime" : "10",
    "time_based" : "1",
    "ramp_time" : "5",
    "size" : "1g",
    "numjobs" : "1",
    "rw" : "rw",
    "bs" : "64k",
    "rwmixread" : "90",
    "rwmixwrite" : "10"
  },
  "jobs" : [
    {
      "jobname" : "read_bw_test",
      "groupid" : 0,
      "error" : 0,
      "eta" : 0,
      "elapsed" : 16,
      "job options" : {
        "name" : "read_bw_test",
        "filename" : "/dev/sdb"
      },
      "read" : {
        "io_bytes" : 4250861568,
        "io_kbytes" : 4151232,
        "bw_bytes" : 424958669,
        "bw" : 414998,
        "iops" : 6482.455263,
        "runtime" : 10003,
        "total_ios" : 64844,
        "short_ios" : 0,
        "drop_ios" : 0,
        "slat_ns" : {
          "min" : 11856,
          "max" : 41093,
          "mean" : 12730.618932,
          "stddev" : 1073.496539
        },
        "clat_ns" : {
          "min" : 1450272,
          "max" : 9332759,
          "mean" : 3171190.977553,
          "stddev" : 869009.408570,
          "percentile" : {
            "1.000000" : 2572288,
            "5.000000" : 2605056,
            "10.000000" : 2605056,
            "20.000000" : 2637824,
            "30.000000" : 2703360,
            "40.000000" : 2736128,
            "50.000000" : 2801664,
            "60.000000" : 2867200,
            "70.000000" : 3031040,
            "80.000000" : 3457024,
            "90.000000" : 4554752,
            "95.000000" : 5144576,
            "99.000000" : 6389760,
            "99.500000" : 7110656,
            "99.900000" : 8290304,
            "99.950000" : 8585216,
            "99.990000" : 9109504
          }
        },
        "lat_ns" : {
          "min" : 1464065,
          "max" : 9346713,
          "mean" : 3184151.144813,
          "stddev" : 869072.810508
        },
        "bw_min" : 298624,
        "bw_max" : 439680,
        "bw_agg" : 99.999325,
        "bw_mean" : 414995.200000,
        "bw_dev" : 36738.740994,
        "bw_samples" : 20,
        "iops_min" : 4666,
        "iops_max" : 6870,
        "iops_mean" : 6484.300000,
        "iops_stddev" : 574.042828,
        "iops_samples" : 20
      },
      "write" : {
        "io_bytes" : 469172224,
        "io_kbytes" : 458176,
        "bw_bytes" : 46903151,
        "bw" : 45803,
        "iops" : 715.485354,
        "runtime" : 10003,
        "total_ios" : 7157,
        "short_ios" : 0,
        "drop_ios" : 0,
        "slat_ns" : {
          "min" : 16820,
          "max" : 50444,
          "mean" : 18924.455778,
          "stddev" : 1532.955071
        },
        "clat_ns" : {
          "min" : 144128,
          "max" : 7961930,
          "mean" : 1864356.928621,
          "stddev" : 945658.855406,
          "percentile" : {
            "1.000000" : 175104,
            "5.000000" : 477184,
            "10.000000" : 741376,
            "20.000000" : 1089536,
            "30.000000" : 1335296,
            "40.000000" : 1581056,
            "50.000000" : 1843200,
            "60.000000" : 2088960,
            "70.000000" : 2310144,
            "80.000000" : 2506752,
            "90.000000" : 2736128,
            "95.000000" : 3489792,
            "99.000000" : 4947968,
            "99.500000" : 5210112,
            "99.900000" : 6717440,
            "99.950000" : 7241728,
            "99.990000" : 7962624
          }
        },
        "lat_ns" : {
          "min" : 162858,
          "max" : 7987017,
          "mean" : 1883529.225590,
          "stddev" : 945671.331507
        },
        "bw_min" : 34816,
        "bw_max" : 50176,
        "bw_agg" : 100.000000,
        "bw_mean" : 45811.200000,
        "bw_dev" : 3603.890670,
        "bw_samples" : 20,
        "iops_min" : 544,
        "iops_max" : 784,
        "iops_mean" : 715.800000,
        "iops_stddev" : 56.310792,
        "iops_samples" : 20
      },
      "trim" : {
        "io_bytes" : 0,
        "io_kbytes" : 0,
        "bw_bytes" : 0,
        "bw" : 0,
        "iops" : 0.000000,
        "runtime" : 0,
        "total_ios" : 0,
        "short_ios" : 0,
        "drop_ios" : 0,
        "slat_ns" : {
          "min" : 0,
          "max" : 0,
          "mean" : 0.000000,
          "stddev" : 0.000000
        },
        "clat_ns" : {
          "min" : 0,
          "max" : 0,
          "mean" : 0.000000,
          "stddev" : 0.000000,
          "percentile" : {
            "1.000000" : 0,
            "5.000000" : 0,
            "10.000000" : 0,
            "20.000000" : 0,
            "30.000000" : 0,
            "40.000000" : 0,
            "50.000000" : 0,
            "60.000000" : 0,
            "70.000000" : 0,
            "80.000000" : 0,
            "90.000000" : 0,
            "95.000000" : 0,
            "99.000000" : 0,
            "99.500000" : 0,
            "99.900000" : 0,
            "99.950000" : 0,
            "99.990000" : 0
          }
        },
        "lat_ns" : {
          "min" : 0,
          "max" : 0,
          "mean" : 0.000000,
          "stddev" : 0.000000
        },
        "bw_min" : 0,
        "bw_max" : 0,
        "bw_agg" : 0.000000,
        "bw_mean" : 0.000000,
        "bw_dev" : 0.000000,
        "bw_samples" : 0,
        "iops_min" : 0,
        "iops_max" : 0,
        "iops_mean" : 0.000000,
        "iops_stddev" : 0.000000,
        "iops_samples" : 0
      },
      "sync" : {
        "lat_ns" : {
          "min" : 0,
          "max" : 0,
          "mean" : 0.000000,
          "stddev" : 0.000000,
          "percentile" : {
            "1.000000" : 0,
            "5.000000" : 0,
            "10.000000" : 0,
            "20.000000" : 0,
            "30.000000" : 0,
            "40.000000" : 0,
            "50.000000" : 0,
            "60.000000" : 0,
            "70.000000" : 0,
            "80.000000" : 0,
            "90.000000" : 0,
            "95.000000" : 0,
            "99.000000" : 0,
            "99.500000" : 0,
            "99.900000" : 0,
            "99.950000" : 0,
            "99.990000" : 0
          }
        },
        "total_ios" : 0
      },
      "job_runtime" : 10002,
      "usr_cpu" : 4.949010,
      "sys_cpu" : 12.407518,
      "ctx" : 72009,
      "majf" : 0,
      "minf" : 15,
      "iodepth_level" : {
        "1" : 0.000000,
        "2" : 0.000000,
        "4" : 0.000000,
        "8" : 0.000000,
        "16" : 100.000000,
        "32" : 0.000000,
        ">=64" : 0.000000
      },
      "iodepth_submit" : {
        "0" : 0.000000,
        "4" : 100.000000,
        "8" : 0.000000,
        "16" : 0.000000,
        "32" : 0.000000,
        "64" : 0.000000,
        ">=64" : 0.000000
      },
      "iodepth_complete" : {
        "0" : 0.000000,
        "4" : 99.998611,
        "8" : 0.000000,
        "16" : 0.000000,
        "32" : 0.100000,
        "64" : 0.000000,
        ">=64" : 0.000000
      },
      "latency_ns" : {
        "2" : 0.000000,
        "4" : 0.000000,
        "10" : 0.000000,
        "20" : 0.000000,
        "50" : 0.000000,
        "100" : 0.000000,
        "250" : 0.000000,
        "500" : 0.000000,
        "750" : 0.000000,
        "1000" : 0.000000
      },
      "latency_us" : {
        "2" : 0.000000,
        "4" : 0.000000,
        "10" : 0.000000,
        "20" : 0.000000,
        "50" : 0.000000,
        "100" : 0.000000,
        "250" : 0.159720,
        "500" : 0.349995,
        "750" : 0.602769,
        "1000" : 0.737490
      },
      "latency_ms" : {
        "2" : 3.699949,
        "4" : 81.476646,
        "10" : 13.002597,
        "20" : 0.000000,
        "50" : 0.000000,
        "100" : 0.000000,
        "250" : 0.000000,
        "500" : 0.000000,
        "750" : 0.000000,
        "1000" : 0.000000,
        "2000" : 0.000000,
        ">=2000" : 0.000000
      },
      "latency_depth" : 22,
      "latency_target" : 0,