{
  "fio version" : "fio-3.15",
  "timestamp" : 1585710534,
  "timestamp_ms" : 1585710534515,
  "time" : "Tue Mar 31 20:08:54 2020",
  "global options" : {
    "direct" : "1",
    "iodepth" : "8",
    "ioengine" : "libaio",
    "runtime" : "60",
    "time_based" : "1",
    "ramp_time" : "5",
    "size" : "1g",
    "numjobs" : "1",
    "rw" : "write",
    "bs" : "512k",
    "rwmixread" : "90",
    "rwmixwrite" : "10"
  },
  "jobs" : [
    {
      "jobname" : "read_bw_test",
      "groupid" : 0,
      "error" : 0,
      "eta" : 0,
      "elapsed" : 66,
      "job options" : {
        "name" : "read_bw_test",
        "filename" : "/mnt/xfs/testdir/testfio"
      },
      "read" : {
        "io_bytes" : 0,
        "io_kbytes" : 0,
        "bw_bytes" : 0,
        "bw" : 0,
        "iops" : 0.000000,
        "runtime" : 0,
        "total_ios" : 0,
        "short_ios" : 0,
        "drop_ios" : 0,
        "slat_ns" : {
          "min" : 0,
          "max" : 0,
          "mean" : 0.000000,
          "stddev" : 0.000000
        },
        "clat_ns" : {
          "min" : 0,
          "max" : 0,
          "mean" : 0.000000,
          "stddev" : 0.000000,
          "percentile" : {
            "1.000000" : 0,
            "5.000000" : 0,
            "10.000000" : 0,
            "20.000000" : 0,
            "30.000000" : 0,
            "40.000000" : 0,
            "50.000000" : 0,
            "60.000000" : 0,
            "70.000000" : 0,
            "80.000000" : 0,
            "90.000000" : 0,
            "95.000000" : 0,
            "99.000000" : 0,
            "99.500000" : 0,
            "99.900000" : 0,
            "99.950000" : 0,
            "99.990000" : 0
          }
        },
        "lat_ns" : {
          "min" : 0,
          "max" : 0,
          "mean" : 0.000000,
          "stddev" : 0.000000
        },
        "bw_min" : 0,
        "bw_max" : 0,
        "bw_agg" : 0.000000,
        "bw_mean" : 0.000000,
        "bw_dev" : 0.000000,
        "bw_samples" : 0,
        "iops_min" : 0,
        "iops_max" : 0,
        "iops_mean" : 0.000000,
        "iops_stddev" : 0.000000,
        "iops_samples" : 0
      },
      "write" : {
        "io_bytes" : 16175857664,
        "io_kbytes" : 15796736,
        "bw_bytes" : 269494321,
        "bw" : 263178,
        "iops" : 513.903004,
        "runtime" : 60023,
        "total_ios" : 30846,
        "short_ios" : 0,
        "drop_ios" : 0,
        "slat_ns" : {
          "min" : 52437,
          "max" : 28645681,
          "mean" : 200946.653958,
          "stddev" : 401272.356469
        },
        "clat_ns" : {
          "min" : 5419,
          "max" : 57545985,
          "mean" : 15356653.655333,
          "stddev" : 11790763.130891,
          "percentile" : {
            "1.000000" : 193536,
            "5.000000" : 218112,
            "10.000000" : 276480,
            "20.000000" : 610304,
            "30.000000" : 1122304,
            "40.000000" : 19267584,
            "50.000000" : 23199744,
            "60.000000" : 24772608,
            "70.000000" : 24772608,
            "80.000000" : 25034752,
            "90.000000" : 25559040,
            "95.000000" : 26083328,
            "99.000000" : 31326208,
            "99.500000" : 35913728,
            "99.900000" : 42729472,
            "99.950000" : 45875200,
            "99.990000" : 53215232
          }
        },
        "lat_ns" : {
          "min" : 227510,
          "max" : 57735274,
          "mean" : 15559523.378018,
          "stddev" : 11791194.871875
        },
        "bw_min" : 251904,
        "bw_max" : 270336,
        "bw_agg" : 99.916099,
        "bw_mean" : 262957.191667,
        "bw_dev" : 3209.668538,
        "bw_samples" : 120,
        "iops_min" : 492,
        "iops_max" : 528,
        "iops_mean" : 513.191667,
        "iops_stddev" : 6.344846,
        "iops_samples" : 120
      },
      "trim" : {
        "io_bytes" : 0,
        "io_kbytes" : 0,
        "bw_bytes" : 0,
        "bw" : 0,
        "iops" : 0.000000,
        "runtime" : 0,
        "total_ios" : 0,
        "short_ios" : 0,
        "drop_ios" : 0,
        "slat_ns" : {
          "min" : 0,
          "max" : 0,
          "mean" : 0.000000,
          "stddev" : 0.000000
        },
        "clat_ns" : {
          "min" : 0,
          "max" : 0,
          "mean" : 0.000000,
          "stddev" : 0.000000,
          "percentile" : {
            "1.000000" : 0,
            "5.000000" : 0,
            "10.000000" : 0,
            "20.000000" : 0,
            "30.000000" : 0,
            "40.000000" : 0,
            "50.000000" : 0,
            "60.000000" : 0,
            "70.000000" : 0,
            "80.000000" : 0,
            "90.000000" : 0,
            "95.000000" : 0,
            "99.000000" : 0,
            "99.500000" : 0,
            "99.900000" : 0,
            "99.950000" : 0,
            "99.990000" : 0
          }
        },
        "lat_ns" : {
          "min" : 0,
          "max" : 0,
          "mean" : 0.000000,
          "stddev" : 0.000000
        },
        "bw_min" : 0,
        "bw_max" : 0,
        "bw_agg" : 0.000000,
        "bw_mean" : 0.000000,
        "bw_dev" : 0.000000,
        "bw_samples" : 0,
        "iops_min" : 0,
        "iops_max" : 0,
        "iops_mean" : 0.000000,
        "iops_stddev" : 0.000000,
        "iops_samples" : 0
      },
      "sync" : {
        "lat_ns" : {
          "min" : 0,
          "max" : 0,
          "mean" : 0.000000,
          "stddev" : 0.000000,
          "percentile" : {
            "1.000000" : 0,
            "5.000000" : 0,
            "10.000000" : 0,
            "20.000000" : 0,
            "30.000000" : 0,
            "40.000000" : 0,
            "50.000000" : 0,
            "60.000000" : 0,
            "70.000000" : 0,
            "80.000000" : 0,
            "90.000000" : 0,
            "95.000000" : 0,
            "99.000000" : 0,
            "99.500000" : 0,
            "99.900000" : 0,
            "99.950000" : 0,
            "99.990000" : 0
          }
        },
        "total_ios" : 0
      },
      "job_runtime" : 60022,
      "usr_cpu" : 1.066276,
      "sys_cpu" : 10.389524,
      "ctx" : 25880,
      "majf" : 0,
      "minf" : 16,
      "iodepth_level" : {
        "1" : 0.000000,
        "2" : 0.000000,
        "4" : 0.000000,
        "8" : 100.000000,
        "16" : 0.000000,
        "32" : 0.000000,
        ">=64" : 0.000000
      },
      "iodepth_submit" : {
        "0" : 0.000000,
        "4" : 100.000000,
        "8" : 0.000000,
        "16" : 0.000000,
        "32" : 0.000000,
        "64" : 0.000000,
        ">=64" : 0.000000
      },
      "iodepth_complete" : {
        "0" : 0.000000,
        "4" : 99.996758,
        "8" : 0.100000,
        "16" : 0.000000,
        "32" : 0.000000,
        "64" : 0.000000,
        ">=64" : 0.000000
      },
      "latency_ns" : {
        "2" : 0.000000,
        "4" : 0.000000,
        "10" : 0.000000,
        "20" : 0.000000,
        "50" : 0.000000,
        "100" : 0.000000,
        "250" : 0.000000,
        "500" : 0.000000,
        "750" : 0.000000,
        "1000" : 0.000000
      },
      "latency_us" : {
        "2" : 0.000000,
        "4" : 0.000000,
        "10" : 0.010000,
        "20" : 0.000000,
        "50" : 0.000000,
        "100" : 0.010000,
        "250" : 7.783829,
        "500" : 10.695066,
        "750" : 6.892304,
        "1000" : 2.869092
      },
      "latency_ms" : {
        "2" : 8.312261,
        "4" : 1.750632,
        "10" : 0.622447,
        "20" : 1.374570,
        "50" : 59.690073,
        "100" : 0.022693,
        "250" : 0.000000,
        "500" : 0.000000,
        "750" : 0.000000,
        "1000" : 0.000000,
        "2000" : 0.000000,
        ">=2000" : 0.000000
      },
      "latency_depth" : 8,
      "latency_target" : 0,
      "latency_percentile" : 100.000000,
      "latency_window" : 0
    }
  ],
  "disk_util" : [
    {
      "name" : "sdb",
      "read_ios" : 0,
      "write_ios" : 33400,
      "read_merges" : 0,