{
  "fio version" : "fio-3.15",
  "timestamp" : 1586205662,
  "timestamp_ms" : 1586205662115,
  "time" : "Mon Apr  6 20:41:02 2020",
  "global options" : {
    "direct" : "1",
    "iodepth" : "22",
    "ioengine" : "libaio",
    "runtime" : "10",
    "time_based" : "1",
    "ramp_time" : "5",
    "size" : "1g",
    "numjobs" : "1",
    "rw" : "rw",
    "bs" : "128k",
    "rwmixread" : "90",
    "rwmixwrite" : "10"
  },
  "jobs" : [
    {
      "jobname" : "read_bw_test",
      "groupid" : 0,
      "error" : 0,
      "eta" : 0,
      "elapsed" : 16,
      "job options" : {
        "name" : "read_bw_test",
        "filename" : "/dev/sdb"
      },
      "read" : {
        "io_bytes" : 4386717696,
        "io_kbytes" : 4283904,
        "bw_bytes" : 438364914,
        "bw" : 428090,
        "iops" : 3342.460278,
        "runtime" : 10007,
        "total_ios" : 33448,
        "short_ios" : 0,
        "drop_ios" : 0,
        "slat_ns" : {
          "min" : 8109,
          "max" : 119513,
          "mean" : 17709.767310,
          "stddev" : 4426.184917
        },
        "clat_ns" : {
          "min" : 4697824,
          "max" : 31241079,
          "mean" : 6154909.412334,
          "stddev" : 1419386.267129,
          "percentile" : {
            "1.000000" : 5079040,
            "5.000000" : 5144576,
            "10.000000" : 5144576,
            "20.000000" : 5144576,
            "30.000000" : 5341184,
            "40.000000" : 5406720,
            "50.000000" : 5603328,
            "60.000000" : 5865472,
            "70.000000" : 6258688,
            "80.000000" : 7045120,
            "90.000000" : 7831552,
            "95.000000" : 8585216,
            "99.000000" : 10944512,
            "99.500000" : 12910592,
            "99.900000" : 17170432,
            "99.950000" : 23199744,
            "99.990000" : 31064064
          }
        },
        "lat_ns" : {
          "min" : 4713994,
          "max" : 31257476,
          "mean" : 6172940.064181,
          "stddev" : 1420086.020504
        },
        "bw_min" : 318208,
        "bw_max" : 454912,
        "bw_agg" : 100.000000,
        "bw_mean" : 428134.400000,
        "bw_dev" : 35735.658038,
        "bw_samples" : 20,
        "iops_min" : 2486,
        "iops_max" : 3554,
        "iops_mean" : 3344.800000,
        "iops_stddev" : 279.184828,
        "iops_samples" : 20
      },
      "write" : {
        "io_bytes" : 494665728,
        "io_kbytes" : 483072,
        "bw_bytes" : 49431970,
        "bw" : 48273,
        "iops" : 377.036075,
        "runtime" : 10007,
        "total_ios" : 3773,
        "short_ios" : 0,
        "drop_ios" : 0,
        "slat_ns" : {
          "min" : 15474,
          "max" : 60134,
          "mean" : 27014.915717,
          "stddev" : 5055.784226
        },
        "clat_ns" : {
          "min" : 269748,
          "max" : 18493492,
          "mean" : 3570114.624271,
          "stddev" : 1695395.099813,
          "percentile" : {
            "1.000000" : 387072,
            "5.000000" : 978944,
            "10.000000" : 1417216,
            "20.000000" : 2039808,
            "30.000000" : 2605056,
            "40.000000" : 3096576,
            "50.000000" : 3555328,
            "60.000000" : 4014080,
            "70.000000" : 4489216,
            "80.000000" : 4882432,
            "90.000000" : 5406720,
            "95.000000" : 6258688,
            "99.000000" : 7700480,
            "99.500000" : 8454144,
            "99.900000" : 16449536,
            "99.950000" : 18219008,
            "99.990000" : 18481152
          }
        },
        "lat_ns" : {
          "min" : 299191,
          "max" : 18517719,
          "mean" : 3597470.927663,
          "stddev" : 1695637.532298
        },
        "bw_min" : 33280,
        "bw_max" : 54272,
        "bw_agg" : 100.000000,
        "bw_mean" : 48294.400000,
        "bw_dev" : 4927.251891,
        "bw_samples" : 20,
        "iops_min" : 260,
        "iops_max" : 424,
        "iops_mean" : 377.300000,
        "iops_stddev" : 38.494155,
        "iops_samples" : 20
      },
      "trim" : {
        "io_bytes" : 0,
        "io_kbytes" : 0,
        "bw_bytes" : 0,
        "bw" : 0,
        "iops" : 0.000000,
        "runtime" : 0,
        "total_ios" : 0,
        "short_ios" : 0,
        "drop_ios" : 0,
        "slat_ns" : {
          "min" : 0,
          "max" : 0,
          "mean" : 0.000000,
          "stddev" : 0.000000
        },
        "clat_ns" : {
          "min" : 0,
          "max" : 0,
          "mean" : 0.000000,
          "stddev" : 0.000000,
          "percentile" : {
            "1.000000" : 0,
            "5.000000" : 0,
            "10.000000" : 0,
            "20.000000" : 0,
            "30.000000" : 0,
            "40.000000" : 0,
            "50.000000" : 0,
            "60.000000" : 0,
            "70.000000" : 0,
            "80.000000" : 0,
            "90.000000" : 0,
            "95.000000" : 0,
            "99.000000" : 0,
            "99.500000" : 0,
            "99.900000" : 0,
            "99.950000" : 0,
            "99.990000" : 0
          }
        },
        "lat_ns" : {
          "min" : 0,
          "max" : 0,
          "mean" : 0.000000,
          "stddev" : 0.000000
        },
        "bw_min" : 0,
        "bw_max" : 0,
        "bw_agg" : 0.000000,
        "bw_mean" : 0.000000,
        "bw_dev" : 0.000000,
        "bw_samples" : 0,
        "iops_min" : 0,
        "iops_max" : 0,
        "iops_mean" : 0.000000,
        "iops_stddev" : 0.000000,
        "iops_samples" : 0
      },
      "sync" : {
        "lat_ns" : {
          "min" : 0,
          "max" : 0,
          "mean" : 0.000000,
          "stddev" : 0.000000,
          "percentile" : {
            "1.000000" : 0,
            "5.000000" : 0,
            "10.000000" : 0,
            "20.000000" : 0,
            "30.000000" : 0,
            "40.000000" : 0,
            "50.000000" : 0,
            "60.000000" : 0,
            "70.000000" : 0,
            "80.000000" : 0,
            "90.000000" : 0,
            "95.000000" : 0,
            "99.000000" : 0,
            "99.500000" : 0,
            "99.900000" : 0,
            "99.950000" : 0,
            "99.990000" : 0
          }
        },
        "total_ios" : 0
      },
      "job_runtime" : 10006,
      "usr_cpu" : 2.408555,
      "sys_cpu" : 9.554267,
      "ctx" : 37248,
      "majf" : 0,
      "minf" : 15,
      "iodepth_level" : {
        "1" : 0.000000,
        "2" : 0.000000,
        "4" : 0.000000,
        "8" : 0.000000,
        "16" : 100.000000,
        "32" : 0.000000,
        ">=64" : 0.000000
      },
      "iodepth_submit" : {
        "0" : 0.000000,
        "4" : 100.000000,
        "8" : 0.000000,
        "16" : 0.000000,
        "32" : 0.000000,
        "64" : 0.000000,
        ">=64" : 0.000000
      },
      "iodepth_complete" : {
        "0" : 0.000000,
        "4" : 99.997313,
        "8" : 0.000000,
        "16" : 0.000000,
        "32" : 0.100000,
        "64" : 0.000000,
        ">=64" : 0.000000
      },
      "latency_ns" : {
        "2" : 0.000000,
        "4" : 0.000000,
        "10" : 0.000000,
        "20" : 0.000000,
        "50" : 0.000000,
        "100" : 0.000000,
        "250" : 0.000000,
        "500" : 0.000000,
        "750" : 0.000000,
        "1000" : 0.000000
      },
      "latency_us" : {
        "2" : 0.000000,
        "4" : 0.000000,
        "10" : 0.000000,
        "20" : 0.000000,
        "50" : 0.000000,
        "100" : 0.000000,
        "250" : 0.000000,
        "500" : 0.137019,
        "750" : 0.212246,
        "1000" : 0.276726
      },
      "latency_ms" : {
        "2" : 1.386314,
        "4" : 3.968190,
        "10" : 92.149593,
        "20" : 1.877972,
        "50" : 0.048360,
        "100" : 0.000000,
        "250" : 0.000000,
        "500" : 0.000000,
        "750" : 0.000000,
        "1000" : 0.000000,
        "2000" : 0.000000,
        ">=2000" : 0.000000
      },
      "latency_depth" : 22,
      "latency_target" : 0,