{
  "fio version" : "fio-3.15",
  "timestamp" : 1586205698,
  "timestamp_ms" : 1586205698113,
  "time" : "Mon Apr  6 20:41:38 2020",
  "global options" : {
    "direct" : "1",
    "iodepth" : "22",
    "ioengine" : "libaio",
    "runtime" : "10",
    "time_based" : "1",
    "ramp_time" : "5",
    "size" : "1g",
    "numjobs" : "1",
    "rw" : "rw",
    "bs" : "512k",
    "rwmixread" : "90",
    "rwmixwrite" : "10"
  },
  "jobs" : [
    {
      "jobname" : "read_bw_test",
      "groupid" : 0,
      "error" : 0,
      "eta" : 0,
      "elapsed" : 16,
      "job options" : {
        "name" : "read_bw_test",
        "filename" : "/dev/sdb"
      },
      "read" : {
        "io_bytes" : 4462215168,
        "io_kbytes" : 4357632,
        "bw_bytes" : 445197562,
        "bw" : 434763,
        "iops" : 847.151551,
        "runtime" : 10023,
        "total_ios" : 8491,
        "short_ios" : 0,
        "drop_ios" : 0,
        "slat_ns" : {
          "min" : 16700,
          "max" : 103517,
          "mean" : 49167.608998,
          "stddev" : 2225.396101
        },
        "clat_ns" : {
          "min" : 19635271,
          "max" : 53038705,
          "mean" : 24192084.413935,
          "stddev" : 2893445.358089,
          "percentile" : {
            "1.000000" : 21364736,
            "5.000000" : 21364736,
            "10.000000" : 21364736,
            "20.000000" : 21626880,
            "30.000000" : 22413312,
            "40.000000" : 22937600,
            "50.000000" : 23461888,
            "60.000000" : 24248320,
            "70.000000" : 25034752,
            "80.000000" : 26083328,
            "90.000000" : 27656192,
            "95.000000" : 28704768,
            "99.000000" : 34340864,
            "99.500000" : 36962304,
            "99.900000" : 47972352,
            "99.950000" : 49020928,
            "99.990000" : 53215232
          }
        },
        "lat_ns" : {
          "min" : 19684457,
          "max" : 53087408,
          "mean" : 24241937.487604,
          "stddev" : 2893459.142699
        },
        "bw_min" : 366592,
        "bw_max" : 454656,
        "bw_agg" : 99.986199,
        "bw_mean" : 434703.000000,
        "bw_dev" : 26466.047356,
        "bw_samples" : 20,
        "iops_min" : 716,
        "iops_max" : 888,
        "iops_mean" : 849.000000,
        "iops_stddev" : 51.689356,
        "iops_samples" : 20
      },
      "write" : {
        "io_bytes" : 485490688,
        "io_kbytes" : 474112,
        "bw_bytes" : 48437662,
        "bw" : 47302,
        "iops" : 92.287738,
        "runtime" : 10023,
        "total_ios" : 925,
        "short_ios" : 0,
        "drop_ios" : 0,
        "slat_ns" : {
          "min" : 49104,
          "max" : 80768,
          "mean" : 58194.889730,
          "stddev" : 3628.864007
        },
        "clat_ns" : {
          "min" : 1976716,
          "max" : 37680697,
          "mean" : 15433277.996760,
          "stddev" : 5693573.000959,
          "percentile" : {
            "1.000000" : 2932736,
            "5.000000" : 5341184,
            "10.000000" : 7766016,
            "20.000000" : 9895936,
            "30.000000" : 12648448,
            "40.000000" : 14090240,
            "50.000000" : 15794176,
            "60.000000" : 17432576,
            "70.000000" : 19005440,
            "80.000000" : 20578304,
            "90.000000" : 22151168,
            "95.000000" : 23724032,
            "99.000000" : 26607616,
            "99.500000" : 29229056,
            "99.900000" : 37486592,
            "99.950000" : 37486592,
            "99.990000" : 37486592
          }
        },
        "lat_ns" : {
          "min" : 2036233,
          "max" : 37741011,
          "mean" : 15492205.667387,
          "stddev" : 5693405.959520
        },
        "bw_min" : 38912,
        "bw_max" : 56207,
        "bw_agg" : 99.883937,
        "bw_mean" : 47247.100000,
        "bw_dev" : 5318.031857,
        "bw_samples" : 20,
        "iops_min" : 76,
        "iops_max" : 109,
        "iops_mean" : 92.200000,
        "iops_stddev" : 10.314017,
        "iops_samples" : 20
      },
      "trim" : {
        "io_bytes" : 0,
        "io_kbytes" : 0,
        "bw_bytes" : 0,
        "bw" : 0,
        "iops" : 0.000000,
        "runtime" : 0,
        "total_ios" : 0,
        "short_ios" : 0,
        "drop_ios" : 0,
        "slat_ns" : {
          "min" : 0,
          "max" : 0,
          "mean" : 0.000000,
          "stddev" : 0.000000
        },
        "clat_ns" : {
          "min" : 0,
          "max" : 0,
          "mean" : 0.000000,
          "stddev" : 0.000000,
          "percentile" : {
            "1.000000" : 0,
            "5.000000" : 0,
            "10.000000" : 0,
            "20.000000" : 0,
            "30.000000" : 0,
            "40.000000" : 0,
            "50.000000" : 0,
            "60.000000" : 0,
            "70.000000" : 0,
            "80.000000" : 0,
            "90.000000" : 0,
            "95.000000" : 0,
            "99.000000" : 0,
            "99.500000" : 0,
            "99.900000" : 0,
            "99.950000" : 0,
            "99.990000" : 0
          }
        },
        "lat_ns" : {
          "min" : 0,
          "max" : 0,
          "mean" : 0.000000,
          "stddev" : 0.000000
        },
        "bw_min" : 0,
        "bw_max" : 0,
        "bw_agg" : 0.000000,
        "bw_mean" : 0.000000,
        "bw_dev" : 0.000000,
        "bw_samples" : 0,
        "iops_min" : 0,
        "iops_max" : 0,
        "iops_mean" : 0.000000,
        "iops_stddev" : 0.000000,
        "iops_samples" : 0
      },
      "sync" : {
        "lat_ns" : {
          "min" : 0,
          "max" : 0,
          "mean" : 0.000000,
          "stddev" : 0.000000,
          "percentile" : {
            "1.000000" : 0,
            "5.000000" : 0,
            "10.000000" : 0,
            "20.000000" : 0,
            "30.000000" : 0,
            "40.000000" : 0,
            "50.000000" : 0,
            "60.000000" : 0,
            "70.000000" : 0,
            "80.000000" : 0,
            "90.000000" : 0,
            "95.000000" : 0,
            "99.000000" : 0,
            "99.500000" : 0,
            "99.900000" : 0,
            "99.950000" : 0,
            "99.990000" : 0
          }
        },
        "total_ios" : 0
      },
      "job_runtime" : 10022,
      "usr_cpu" : 1.726202,
      "sys_cpu" : 5.897027,
      "ctx" : 9438,
      "majf" : 0,
      "minf" : 15,
      "iodepth_level" : {
        "1" : 0.000000,
        "2" : 0.000000,
        "4" : 0.000000,
        "8" : 0.000000,
        "16" : 100.000000,
        "32" : 0.000000,
        ">=64" : 0.000000
      },
      "iodepth_submit" : {
        "0" : 0.000000,
        "4" : 100.000000,
        "8" : 0.000000,
        "16" : 0.000000,
        "32" : 0.000000,
        "64" : 0.000000,
        ">=64" : 0.000000
      },
      "iodepth_complete" : {
        "0" : 0.000000,
        "4" : 99.989381,
        "8" : 0.000000,
        "16" : 0.000000,
        "32" : 0.100000,
        "64" : 0.000000,
        ">=64" : 0.000000
      },
      "latency_ns" : {
        "2" : 0.000000,
        "4" : 0.000000,
        "10" : 0.000000,
        "20" : 0.000000,
        "50" : 0.000000,
        "100" : 0.000000,
        "250" : 0.000000,
        "500" : 0.000000,
        "750" : 0.000000,
        "1000" : 0.000000
      },
      "latency_us" : {
        "2" : 0.000000,
        "4" : 0.000000,
        "10" : 0.000000,
        "20" : 0.000000,
        "50" : 0.000000,
        "100" : 0.000000,
        "250" : 0.000000,
        "500" : 0.000000,
        "750" : 0.000000,
        "1000" : 0.000000
      },
      "latency_ms" : {
        "2" : 0.021240,
        "4" : 0.265506,
        "10" : 1.709856,
        "20" : 5.586236,
        "50" : 92.597706,
        "100" : 0.042481,
        "250" : 0.000000,
        "500" : 0.000000,
        "750" : 0.000000,
        "1000" : 0.000000,
        "2000" : 0.000000,
        ">=2000" : 0.000000
      },
      "latency_depth" : 22,