{
  "fio version" : "fio-3.15",
  "timestamp" : 1586205716,
  "timestamp_ms" : 1586205716217,
  "time" : "Mon Apr  6 20:41:56 2020",
  "global options" : {
    "direct" : "1",
    "iodepth" : "22",
    "ioengine" : "libaio",
    "runtime" : "10",
    "time_based" : "1",
    "ramp_time" : "5",
    "size" : "1g",
    "numjobs" : "1",
    "rw" : "rw",
    "bs" : "1024k",
    "rwmixread" : "90",
    "rwmixwrite" : "10"
  },
  "jobs" : [
    {
      "jobname" : "read_bw_test",
      "groupid" : 0,
      "error" : 0,
      "eta" : 0,
      "elapsed" : 16,
      "job options" : {
        "name" : "read_bw_test",
        "filename" : "/dev/sdb"
      },
      "read" : {
        "io_bytes" : 4263510016,
        "io_kbytes" : 4163584,
        "bw_bytes" : 424483275,
        "bw" : 414534,
        "iops" : 402.927121,
        "runtime" : 10044,
        "total_ios" : 4047,
        "short_ios" : 0,
        "drop_ios" : 0,
        "slat_ns" : {
          "min" : 70247,
          "max" : 97408,
          "mean" : 71636.884112,
          "stddev" : 2253.099687
        },
        "clat_ns" : {
          "min" : 40616814,
          "max" : 132401621,
          "mean" : 50863117.013281,
          "stddev" : 9697840.801937,
          "percentile" : {
            "1.000000" : 43253760,
            "5.000000" : 43778048,
            "10.000000" : 43778048,
            "20.000000" : 45350912,
            "30.000000" : 46399488,
            "40.000000" : 47448064,
            "50.000000" : 49020928,
            "60.000000" : 50593792,
            "70.000000" : 51642368,
            "80.000000" : 53215232,
            "90.000000" : 57409536,
            "95.000000" : 64225280,
            "99.000000" : 104333312,
            "99.500000" : 114819072,
            "99.900000" : 126353408,
            "99.950000" : 131596288,
            "99.990000" : 132644864
          }
        },
        "lat_ns" : {
          "min" : 40689224,
          "max" : 132473961,
          "mean" : 50935492.108214,
          "stddev" : 9697829.378871
        },
        "bw_min" : 268288,
        "bw_max" : 473088,
        "bw_agg" : 99.876970,
        "bw_mean" : 414024.000000,
        "bw_dev" : 46392.702407,
        "bw_samples" : 20,
        "iops_min" : 262,
        "iops_max" : 462,
        "iops_mean" : 404.300000,
        "iops_stddev" : 45.308417,
        "iops_samples" : 20
      },
      "write" : {
        "io_bytes" : 494927872,
        "io_kbytes" : 483328,
        "bw_bytes" : 49275972,
        "bw" : 48121,
        "iops" : 46.794106,
        "runtime" : 10044,
        "total_ios" : 470,
        "short_ios" : 0,
        "drop_ios" : 0,
        "slat_ns" : {
          "min" : 80027,
          "max" : 121927,
          "mean" : 97875.242553,
          "stddev" : 7025.745097
        },
        "clat_ns" : {
          "min" : 2779662,
          "max" : 52406749,
          "mean" : 30210216.961864,
          "stddev" : 12614853.249803,
          "percentile" : {
            "1.000000" : 4079616,
            "5.000000" : 7897088,
            "10.000000" : 11993088,
            "20.000000" : 17694720,
            "30.000000" : 22937600,
            "40.000000" : 26607616,
            "50.000000" : 30801920,
            "60.000000" : 35913728,
            "70.000000" : 39583744,
            "80.000000" : 43253760,
            "90.000000" : 45875200,
            "95.000000" : 47448064,
            "99.000000" : 51118080,
            "99.500000" : 52166656,
            "99.900000" : 52166656,
            "99.950000" : 52166656,
            "99.990000" : 52166656
          }
        },
        "lat_ns" : {
          "min" : 2880176,
          "max" : 52505873,
          "mean" : 30308862.601695,
          "stddev" : 12614940.132708
        },
        "bw_min" : 22528,
        "bw_max" : 67449,
        "bw_agg" : 100.000000,
        "bw_mean" : 48319.900000,
        "bw_dev" : 12168.846249,
        "bw_samples" : 20,
        "iops_min" : 22,
        "iops_max" : 65,
        "iops_mean" : 47.100000,
        "iops_stddev" : 11.764800,
        "iops_samples" : 20
      },
      "trim" : {
        "io_bytes" : 0,
        "io_kbytes" : 0,
        "bw_bytes" : 0,
        "bw" : 0,
        "iops" : 0.000000,
        "runtime" : 0,
        "total_ios" : 0,
        "short_ios" : 0,
        "drop_ios" : 0,
        "slat_ns" : {
          "min" : 0,
          "max" : 0,
          "mean" : 0.000000,
          "stddev" : 0.000000
        },
        "clat_ns" : {
          "min" : 0,
          "max" : 0,
          "mean" : 0.000000,
          "stddev" : 0.000000,
          "percentile" : {
            "1.000000" : 0,
            "5.000000" : 0,
            "10.000000" : 0,
            "20.000000" : 0,
            "30.000000" : 0,
            "40.000000" : 0,
            "50.000000" : 0,
            "60.000000" : 0,
            "70.000000" : 0,
            "80.000000" : 0,
            "90.000000" : 0,
            "95.000000" : 0,
            "99.000000" : 0,
            "99.500000" : 0,
            "99.900000" : 0,
            "99.950000" : 0,
            "99.990000" : 0
          }
        },
        "lat_ns" : {
          "min" : 0,
          "max" : 0,
          "mean" : 0.000000,
          "stddev" : 0.000000
        },
        "bw_min" : 0,
        "bw_max" : 0,
        "bw_agg" : 0.000000,
        "bw_mean" : 0.000000,
        "bw_dev" : 0.000000,
        "bw_samples" : 0,
        "iops_min" : 0,
        "iops_max" : 0,
        "iops_mean" : 0.000000,
        "iops_stddev" : 0.000000,
        "iops_samples" : 0
      },
      "sync" : {
        "lat_ns" : {
          "min" : 0,
          "max" : 0,
          "mean" : 0.000000,
          "stddev" : 0.000000,
          "percentile" : {
            "1.000000" : 0,
            "5.000000" : 0,
            "10.000000" : 0,
            "20.000000" : 0,
            "30.000000" : 0,
            "40.000000" : 0,
            "50.000000" : 0,
            "60.000000" : 0,
            "70.000000" : 0,
            "80.000000" : 0,
            "90.000000" : 0,
            "95.000000" : 0,
            "99.000000" : 0,
            "99.500000" : 0,
            "99.900000" : 0,
            "99.950000" : 0,
            "99.990000" : 0
          }
        },
        "total_ios" : 0
      },
      "job_runtime" : 10043,
      "usr_cpu" : 0.378373,
      "sys_cpu" : 4.251718,
      "ctx" : 4538,
      "majf" : 0,
      "minf" : 16,
      "iodepth_level" : {
        "1" : 0.000000,
        "2" : 0.000000,
        "4" : 0.000000,
        "8" : 0.000000,
        "16" : 100.000000,
        "32" : 0.000000,
        ">=64" : 0.000000
      },
      "iodepth_submit" : {
        "0" : 0.000000,
        "4" : 100.000000,
        "8" : 0.000000,
        "16" : 0.000000,
        "32" : 0.000000,
        "64" : 0.000000,
        ">=64" : 0.000000
      },
      "iodepth_complete" : {
        "0" : 0.000000,
        "4" : 99.977866,
        "8" : 0.000000,
        "16" : 0.000000,
        "32" : 0.100000,
        "64" : 0.000000,
        ">=64" : 0.000000
      },
      "latency_ns" : {
        "2" : 0.000000,
        "4" : 0.000000,
        "10" : 0.000000,
        "20" : 0.000000,
        "50" : 0.000000,
        "100" : 0.000000,
        "250" : 0.000000,
        "500" : 0.000000,
        "750" : 0.000000,
        "1000" : 0.000000
      },
      "latency_us" : {
        "2" : 0.000000,
        "4" : 0.000000,
        "10" : 0.000000,
        "20" : 0.000000,
        "50" : 0.000000,
        "100" : 0.000000,
        "250" : 0.000000,
        "500" : 0.000000,
        "750" : 0.000000,
        "1000" : 0.000000
      },
      "latency_ms" : {
        "2" : 0.000000,
        "4" : 0.066416,
        "10" : 0.730573,
        "20" : 1.682533,
        "50" : 59.774186,
        "100" : 37.192827,
        "250" : 1.018375,
        "500" : 0.000000,
        "750" : 0.000000,
        "1000" : 0.000000,
        "2000" : 0.000000,
        ">=2000" : 0.000000
      },
      "latency_depth" : 22,