{
  "fio version" : "fio-3.15",
  "timestamp" : 1586205608,
  "timestamp_ms" : 1586205608257,
  "time" : "Mon Apr  6 20:40:08 2020",
  "global options" : {
    "direct" : "1",
    "iodepth" : "22",
    "ioengine" : "libaio",
    "runtime" : "10",
    "time_based" : "1",
    "ramp_time" : "5",
    "size" : "1g",
    "numjobs" : "1",
    "rw" : "rw",
    "bs" : "16k",
    "rwmixread" : "90",
    "rwmixwrite" : "10"
  },
  "jobs" : [
    {
      "jobname" : "read_bw_test",
      "groupid" : 0,
      "error" : 0,
      "eta" : 0,
      "elapsed" : 16,
      "job options" : {
        "name" : "read_bw_test",
        "filename" : "/dev/sdb"
      },
      "read" : {
        "io_bytes" : 4058660864,
        "io_kbytes" : 3963536,
        "bw_bytes" : 405744363,
        "bw" : 396234,
        "iops" : 24762.671199,
        "runtime" : 10003,
        "total_ios" : 247701,
        "short_ios" : 0,
        "drop_ios" : 0,
        "slat_ns" : {
          "min" : 3930,
          "max" : 35363,
          "mean" : 5961.745750,
          "stddev" : 709.783549
        },
        "clat_ns" : {
          "min" : 123716,
          "max" : 3869162,
          "mean" : 825117.828828,
          "stddev" : 348783.768788,
          "percentile" : {
            "1.000000" : 667648,
            "5.000000" : 692224,
            "10.000000" : 700416,
            "20.000000" : 716800,
            "30.000000" : 724992,
            "40.000000" : 741376,
            "50.000000" : 749568,
            "60.000000" : 757760,
            "70.000000" : 774144,
            "80.000000" : 798720,
            "90.000000" : 880640,
            "95.000000" : 1171456,
            "99.000000" : 2998272,
            "99.500000" : 3293184,
            "99.900000" : 3489792,
            "99.950000" : 3555328,
            "99.990000" : 3653632
          }
        },
        "lat_ns" : {
          "min" : 134193,
          "max" : 3876093,
          "mean" : 831226.715583,
          "stddev" : 348797.022353
        },
        "bw_min" : 378464,
        "bw_max" : 410368,
        "bw_agg" : 99.991596,
        "bw_mean" : 396200.700000,
        "bw_dev" : 6494.729929,
        "bw_samples" : 20,
        "iops_min" : 23654,
        "iops_max" : 25648,
        "iops_mean" : 24762.500000,
        "iops_stddev" : 405.996176,
        "iops_samples" : 20
      },
      "write" : {
        "io_bytes" : 455098368,
        "io_kbytes" : 444432,
        "bw_bytes" : 45496187,
        "bw" : 44429,
        "iops" : 2776.766970,
        "runtime" : 10003,
        "total_ios" : 27776,
        "short_ios" : 0,
        "drop_ios" : 0,
        "slat_ns" : {
          "min" : 6542,
          "max" : 28387,
          "mean" : 8487.684044,
          "stddev" : 1002.405380
        },
        "clat_ns" : {
          "min" : 47782,
          "max" : 3434300,
          "mean" : 492100.353206,
          "stddev" : 253627.250641,
          "percentile" : {
            "1.000000" : 84480,
            "5.000000" : 150528,
            "10.000000" : 220160,
            "20.000000" : 305152,
            "30.000000" : 387072,
            "40.000000" : 444416,
            "50.000000" : 501760,
            "60.000000" : 552960,
            "70.000000" : 602112,
            "80.000000" : 634880,
            "90.000000" : 684032,
            "95.000000" : 708608,
            "99.000000" : 1384448,
            "99.500000" : 2072576,
            "99.900000" : 3162112,
            "99.950000" : 3293184,
            "99.990000" : 3391488
          }
        },
        "lat_ns" : {
          "min" : 55489,
          "max" : 3445081,
          "mean" : 500751.234871,
          "stddev" : 253613.893840
        },
        "bw_min" : 40096,
        "bw_max" : 46048,
        "bw_agg" : 100.000000,
        "bw_mean" : 44430.050000,
        "bw_dev" : 1327.324593,
        "bw_samples" : 20,
        "iops_min" : 2506,
        "iops_max" : 2878,
        "iops_mean" : 2776.800000,
        "iops_stddev" : 83.007672,
        "iops_samples" : 20
      },
      "trim" : {
        "io_bytes" : 0,
        "io_kbytes" : 0,
        "bw_bytes" : 0,
        "bw" : 0,
        "iops" : 0.000000,
        "runtime" : 0,
        "total_ios" : 0,
        "short_ios" : 0,
        "drop_ios" : 0,
        "slat_ns" : {
          "min" : 0,
          "max" : 0,
          "mean" : 0.000000,
          "stddev" : 0.000000
        },
        "clat_ns" : {
          "min" : 0,
          "max" : 0,
          "mean" : 0.000000,
          "stddev" : 0.000000,
          "percentile" : {
            "1.000000" : 0,
            "5.000000" : 0,
            "10.000000" : 0,
            "20.000000" : 0,
            "30.000000" : 0,
            "40.000000" : 0,
            "50.000000" : 0,
            "60.000000" : 0,
            "70.000000" : 0,
            "80.000000" : 0,
            "90.000000" : 0,
            "95.000000" : 0,
            "99.000000" : 0,
            "99.500000" : 0,
            "99.900000" : 0,
            "99.950000" : 0,
            "99.990000" : 0
          }
        },
        "lat_ns" : {
          "min" : 0,
          "max" : 0,
          "mean" : 0.000000,
          "stddev" : 0.000000
        },
        "bw_min" : 0,
        "bw_max" : 0,
        "bw_agg" : 0.000000,
        "bw_mean" : 0.000000,
        "bw_dev" : 0.000000,
        "bw_samples" : 0,
        "iops_min" : 0,
        "iops_max" : 0,
        "iops_mean" : 0.000000,
        "iops_stddev" : 0.000000,
        "iops_samples" : 0
      },
      "sync" : {
        "lat_ns" : {
          "min" : 0,
          "max" : 0,
          "mean" : 0.000000,
          "stddev" : 0.000000,
          "percentile" : {
            "1.000000" : 0,
            "5.000000" : 0,
            "10.000000" : 0,
            "20.000000" : 0,
            "30.000000" : 0,
            "40.000000" : 0,
            "50.000000" : 0,
            "60.000000" : 0,
            "70.000000" : 0,
            "80.000000" : 0,
            "90.000000" : 0,
            "95.000000" : 0,
            "99.000000" : 0,
            "99.500000" : 0,
            "99.900000" : 0,
            "99.950000" : 0,
            "99.990000" : 0
          }
        },
        "total_ios" : 0
      },
      "job_runtime" : 10002,
      "usr_cpu" : 9.768046,
      "sys_cpu" : 23.235353,
      "ctx" : 275387,
      "majf" : 0,
      "minf" : 15,
      "iodepth_level" : {
        "1" : 0.000000,
        "2" : 0.000000,
        "4" : 0.000000,
        "8" : 0.000000,
        "16" : 100.000000,
        "32" : 0.000000,
        ">=64" : 0.000000
      },
      "iodepth_submit" : {
        "0" : 0.000000,
        "4" : 100.000000,
        "8" : 0.000000,
        "16" : 0.000000,
        "32" : 0.000000,
        "64" : 0.000000,
        ">=64" : 0.000000
      },
      "iodepth_complete" : {
        "0" : 0.000000,
        "4" : 99.999637,
        "8" : 0.000000,
        "16" : 0.000000,
        "32" : 0.100000,
        "64" : 0.000000,
        ">=64" : 0.000000
      },
      "latency_ns" : {
        "2" : 0.000000,
        "4" : 0.000000,
        "10" : 0.000000,
        "20" : 0.000000,
        "50" : 0.000000,
        "100" : 0.000000,
        "250" : 0.000000,
        "500" : 0.000000,
        "750" : 0.000000,
        "1000" : 0.000000
      },
      "latency_us" : {
        "2" : 0.000000,
        "4" : 0.000000,
        "10" : 0.000000,
        "20" : 0.000000,
        "50" : 0.024321,
        "100" : 0.144477,
        "250" : 1.280688,
        "500" : 3.754215,
        "750" : 50.701873,
        "1000" : 38.558936
      },
      "latency_ms" : {
        "2" : 3.364346,
        "4" : 2.178766,
        "10" : 0.000000,
        "20" : 0.000000,
        "50" : 0.000000,
        "100" : 0.000000,
        "250" : 0.000000,
        "500" : 0.000000,
        "750" : 0.000000,
        "1000" : 0.000000,
        "2000" : 0.000000,
        ">=2000" : 0.000000
      },
      "latency_depth" : 22,
      "latency_target" : 0,
      "latency_percentile" : 100.000000,