{
  "fio version" : "fio-3.15",
  "timestamp" : 1586205644,
  "timestamp_ms" : 1586205644189,
  "time" : "Mon Apr  6 20:40:44 2020",
  "global options" : {
    "direct" : "1",
    "iodepth" : "22",
    "ioengine" : "libaio",
    "runtime" : "10",
    "time_based" : "1",
    "ramp_time" : "5",
    "size" : "1g",
    "numjobs" : "1",
    "rw" : "rw",
    "bs" : "64k",
    "rwmixread" : "90",
    "rwmixwrite" : "10"
  },
  "jobs" : [
    {
      "jobname" : "read_bw_test",
      "groupid" : 0,
      "error" : 0,
      "eta" : 0,
      "elapsed" : 16,
      "job options" : {
        "name" : "read_bw_test",
        "filename" : "/dev/sdb"
      },
      "read" : {
        "io_bytes" : 4279894016,
        "io_kbytes" : 4179584,
        "bw_bytes" : 427861043,
        "bw" : 417833,
        "iops" : 6526.841947,
        "runtime" : 10003,
        "total_ios" : 65288,
        "short_ios" : 0,
        "drop_ios" : 0,
        "slat_ns" : {
          "min" : 11454,
          "max" : 61341,
          "mean" : 12583.910596,
          "stddev" : 1145.754609
        },
        "clat_ns" : {
          "min" : 1707771,
          "max" : 17046932,
          "mean" : 3147984.548158,
          "stddev" : 861059.294007,
          "percentile" : {
            "1.000000" : 2572288,
            "5.000000" : 2605056,
            "10.000000" : 2605056,
            "20.000000" : 2637824,
            "30.000000" : 2703360,
            "40.000000" : 2736128,
            "50.000000" : 2801664,
            "60.000000" : 2867200,
            "70.000000" : 2998272,
            "80.000000" : 3391488,
            "90.000000" : 4489216,
            "95.000000" : 5144576,
            "99.000000" : 6324224,
            "99.500000" : 6979584,
            "99.900000" : 8224768,
            "99.950000" : 10682368,
            "99.990000" : 12517376
          }
        },
        "lat_ns" : {
          "min" : 1720475,
          "max" : 17059169,
          "mean" : 3160800.715616,
          "stddev" : 861117.176434
        },
        "bw_min" : 360576,
        "bw_max" : 442496,
        "bw_agg" : 100.000000,
        "bw_mean" : 417836.800000,
        "bw_dev" : 24408.880027,
        "bw_samples" : 20,
        "iops_min" : 5634,
        "iops_max" : 6914,
        "iops_mean" : 6528.700000,
        "iops_stddev" : 381.388750,
        "iops_samples" : 20
      },
      "write" : {
        "io_bytes" : 471400448,
        "io_kbytes" : 460352,
        "bw_bytes" : 47125907,
        "bw" : 46021,
        "iops" : 718.784365,
        "runtime" : 10003,
        "total_ios" : 7190,
        "short_ios" : 0,
        "drop_ios" : 0,
        "slat_ns" : {
          "min" : 16440,
          "max" : 50934,
          "mean" : 18664.928373,
          "stddev" : 1580.013775
        },
        "clat_ns" : {
          "min" : 144036,
          "max" : 10007454,
          "mean" : 1871357.154039,
          "stddev" : 937466.748594,
          "percentile" : {
            "1.000000" : 173056,
            "5.000000" : 505856,
            "10.000000" : 741376,
            "20.000000" : 1089536,
            "30.000000" : 1335296,
            "40.000000" : 1630208,
            "50.000000" : 1843200,
            "60.000000" : 2113536,
            "70.000000" : 2310144,
            "80.000000" : 2506752,
            "90.000000" : 2736128,
            "95.000000" : 3489792,
            "99.000000" : 4882432,
            "99.500000" : 5144576,
            "99.900000" : 6520832,
            "99.950000" : 7045120,
            "99.990000" : 10027008
          }
        },
        "lat_ns" : {
          "min" : 161907,
          "max" : 10025914,
          "mean" : 1890279.867093,
          "stddev" : 937431.007579
        },
        "bw_min" : 36480,
        "bw_max" : 51584,
        "bw_agg" : 100.000000,
        "bw_mean" : 46022.400000,
        "bw_dev" : 4187.499070,
        "bw_samples" : 20,
        "iops_min" : 570,
        "iops_max" : 806,
        "iops_mean" : 719.100000,
        "iops_stddev" : 65.429673,
        "iops_samples" : 20
      },
      "trim" : {
        "io_bytes" : 0,
        "io_kbytes" : 0,
        "bw_bytes" : 0,
        "bw" : 0,
        "iops" : 0.000000,
        "runtime" : 0,
        "total_ios" : 0,
        "short_ios" : 0,
        "drop_ios" : 0,
        "slat_ns" : {
          "min" : 0,
          "max" : 0,
          "mean" : 0.000000,
          "stddev" : 0.000000
        },
        "clat_ns" : {
          "min" : 0,
          "max" : 0,
          "mean" : 0.000000,
          "stddev" : 0.000000,
          "percentile" : {
            "1.000000" : 0,
            "5.000000" : 0,
            "10.000000" : 0,
            "20.000000" : 0,
            "30.000000" : 0,
            "40.000000" : 0,
            "50.000000" : 0,
            "60.000000" : 0,
            "70.000000" : 0,
            "80.000000" : 0,
            "90.000000" : 0,
            "95.000000" : 0,
            "99.000000" : 0,
            "99.500000" : 0,
            "99.900000" : 0,
            "99.950000" : 0,
            "99.990000" : 0
          }
        },
        "lat_ns" : {
          "min" : 0,
          "max" : 0,
          "mean" : 0.000000,
          "stddev" : 0.000000
        },
        "bw_min" : 0,
        "bw_max" : 0,
        "bw_agg" : 0.000000,
        "bw_mean" : 0.000000,
        "bw_dev" : 0.000000,
        "bw_samples" : 0,
        "iops_min" : 0,
        "iops_max" : 0,
        "iops_mean" : 0.000000,
        "iops_stddev" : 0.000000,
        "iops_samples" : 0
      },
      "sync" : {
        "lat_ns" : {
          "min" : 0,
          "max" : 0,
          "mean" : 0.000000,
          "stddev" : 0.000000,
          "percentile" : {
            "1.000000" : 0,
            "5.000000" : 0,
            "10.000000" : 0,
            "20.000000" : 0,
            "30.000000" : 0,
            "40.000000" : 0,
            "50.000000" : 0,
            "60.000000" : 0,
            "70.000000" : 0,
            "80.000000" : 0,
            "90.000000" : 0,
            "95.000000" : 0,
            "99.000000" : 0,
            "99.500000" : 0,
            "99.900000" : 0,
            "99.950000" : 0,
            "99.990000" : 0
          }
        },
        "total_ios" : 0
      },
      "job_runtime" : 10002,
      "usr_cpu" : 3.269346,
      "sys_cpu" : 13.967207,
      "ctx" : 72484,
      "majf" : 0,
      "minf" : 15,
      "iodepth_level" : {
        "1" : 0.000000,
        "2" : 0.000000,
        "4" : 0.000000,
        "8" : 0.000000,
        "16" : 100.000000,
        "32" : 0.000000,
        ">=64" : 0.000000
      },
      "iodepth_submit" : {
        "0" : 0.000000,
        "4" : 100.000000,
        "8" : 0.000000,
        "16" : 0.000000,
        "32" : 0.000000,
        "64" : 0.000000,
        ">=64" : 0.000000
      },
      "iodepth_complete" : {
        "0" : 0.000000,
        "4" : 99.998620,
        "8" : 0.000000,
        "16" : 0.000000,
        "32" : 0.100000,
        "64" : 0.000000,
        ">=64" : 0.000000
      },
      "latency_ns" : {
        "2" : 0.000000,
        "4" : 0.000000,
        "10" : 0.000000,
        "20" : 0.000000,
        "50" : 0.000000,
        "100" : 0.000000,
        "250" : 0.000000,
        "500" : 0.000000,
        "750" : 0.000000,
        "1000" : 0.000000
      },
      "latency_us" : {
        "2" : 0.000000,
        "4" : 0.000000,
        "10" : 0.000000,
        "20" : 0.000000,
        "50" : 0.000000,
        "100" : 0.000000,
        "250" : 0.139353,
        "500" : 0.349071,
        "750" : 0.551892,
        "1000" : 0.757471
      },
      "latency_ms" : {
        "2" : 3.693535,
        "4" : 82.357405,
        "10" : 12.133337,
        "20" : 0.046911,
        "50" : 0.000000,
        "100" : 0.000000,
        "250" : 0.000000,
        "500" : 0.000000,
        "750" : 0.000000,
        "1000" : 0.000000,
        "2000" : 0.000000,
        ">=2000" : 0.000000
      },
      "latency_depth" : 22,
      "latency_target" : 0,