{
  "fio version" : "fio-3.15",
  "timestamp" : 1586205680,
  "timestamp_ms" : 1586205680056,
  "time" : "Mon Apr  6 20:41:20 2020",
  "global options" : {
    "direct" : "1",
    "iodepth" : "22",
    "ioengine" : "libaio",
    "runtime" : "10",
    "time_based" : "1",
    "ramp_time" : "5",
    "size" : "1g",
    "numjobs" : "1",
    "rw" : "rw",
    "bs" : "256k",
    "rwmixread" : "90",
    "rwmixwrite" : "10"
  },
  "jobs" : [
    {
      "jobname" : "read_bw_test",
      "groupid" : 0,
      "error" : 0,
      "eta" : 0,
      "elapsed" : 16,
      "job options" : {
        "name" : "read_bw_test",
        "filename" : "/dev/sdb"
      },
      "read" : {
        "io_bytes" : 4477157376,
        "io_kbytes" : 4372224,
        "bw_bytes" : 446911297,
        "bw" : 436436,
        "iops" : 1703.034538,
        "runtime" : 10018,
        "total_ios" : 17061,
        "short_ios" : 0,
        "drop_ios" : 0,
        "slat_ns" : {
          "min" : 22650,
          "max" : 57775,
          "mean" : 26375.325772,
          "stddev" : 4283.355557
        },
        "clat_ns" : {
          "min" : 9890981,
          "max" : 38372863,
          "mean" : 12047897.358979,
          "stddev" : 2575109.060441,
          "percentile" : {
            "1.000000" : 10289152,
            "5.000000" : 10420224,
            "10.000000" : 10420224,
            "20.000000" : 10420224,
            "30.000000" : 10813440,
            "40.000000" : 10944512,
            "50.000000" : 11337728,
            "60.000000" : 11730944,
            "70.000000" : 12255232,
            "80.000000" : 12910592,
            "90.000000" : 13959168,
            "95.000000" : 15532032,
            "99.000000" : 25559040,
            "99.500000" : 29491200,
            "99.900000" : 33816576,
            "99.950000" : 35389440,
            "99.990000" : 37486592
          }
        },
        "lat_ns" : {
          "min" : 9916198,
          "max" : 38412630,
          "mean" : 12074676.364483,
          "stddev" : 2576340.032069
        },
        "bw_min" : 247808,
        "bw_max" : 462848,
        "bw_agg" : 100.000000,
        "bw_mean" : 436639.250000,
        "bw_dev" : 45356.810223,
        "bw_samples" : 20,
        "iops_min" : 968,
        "iops_max" : 1808,
        "iops_mean" : 1705.600000,
        "iops_stddev" : 177.165519,
        "iops_samples" : 20
      },
      "write" : {
        "io_bytes" : 495976448,
        "io_kbytes" : 484352,
        "bw_bytes" : 49508529,
        "bw" : 48348,
        "iops" : 188.560591,
        "runtime" : 10018,
        "total_ios" : 1889,
        "short_ios" : 0,
        "drop_ios" : 0,
        "slat_ns" : {
          "min" : 29474,
          "max" : 59104,
          "mean" : 35918.706723,
          "stddev" : 5251.135036
        },
        "clat_ns" : {
          "min" : 554926,
          "max" : 23919913,
          "mean" : 7485153.238372,
          "stddev" : 3064137.976831,
          "percentile" : {
            "1.000000" : 1433600,
            "5.000000" : 2441216,
            "10.000000" : 3358720,
            "20.000000" : 4751360,
            "30.000000" : 5668864,
            "40.000000" : 6651904,
            "50.000000" : 7634944,
            "60.000000" : 8585216,
            "70.000000" : 9371648,
            "80.000000" : 10027008,
            "90.000000" : 10944512,
            "95.000000" : 11862016,
            "99.000000" : 15269888,
            "99.500000" : 17432576,
            "99.900000" : 21889024,
            "99.950000" : 23986176,
            "99.990000" : 23986176
          }
        },
        "lat_ns" : {
          "min" : 588343,
          "max" : 23954556,
          "mean" : 7521449.877907,
          "stddev" : 3064113.318881
        },
        "bw_min" : 23040,
        "bw_max" : 56320,
        "bw_agg" : 100.000000,
        "bw_mean" : 48405.200000,
        "bw_dev" : 7376.613869,
        "bw_samples" : 20,
        "iops_min" : 90,
        "iops_max" : 220,
        "iops_mean" : 189.050000,
        "iops_stddev" : 28.836152,
        "iops_samples" : 20
      },
      "trim" : {
        "io_bytes" : 0,
        "io_kbytes" : 0,
        "bw_bytes" : 0,
        "bw" : 0,
        "iops" : 0.000000,
        "runtime" : 0,
        "total_ios" : 0,
        "short_ios" : 0,
        "drop_ios" : 0,
        "slat_ns" : {
          "min" : 0,
          "max" : 0,
          "mean" : 0.000000,
          "stddev" : 0.000000
        },
        "clat_ns" : {
          "min" : 0,
          "max" : 0,
          "mean" : 0.000000,
          "stddev" : 0.000000,
          "percentile" : {
            "1.000000" : 0,
            "5.000000" : 0,
            "10.000000" : 0,
            "20.000000" : 0,
            "30.000000" : 0,
            "40.000000" : 0,
            "50.000000" : 0,
            "60.000000" : 0,
            "70.000000" : 0,
            "80.000000" : 0,
            "90.000000" : 0,
            "95.000000" : 0,
            "99.000000" : 0,
            "99.500000" : 0,
            "99.900000" : 0,
            "99.950000" : 0,
            "99.990000" : 0
          }
        },
        "lat_ns" : {
          "min" : 0,
          "max" : 0,
          "mean" : 0.000000,
          "stddev" : 0.000000
        },
        "bw_min" : 0,
        "bw_max" : 0,
        "bw_agg" : 0.000000,
        "bw_mean" : 0.000000,
        "bw_dev" : 0.000000,
        "bw_samples" : 0,
        "iops_min" : 0,
        "iops_max" : 0,
        "iops_mean" : 0.000000,
        "iops_stddev" : 0.000000,
        "iops_samples" : 0
      },
      "sync" : {
        "lat_ns" : {
          "min" : 0,
          "max" : 0,
          "mean" : 0.000000,
          "stddev" : 0.000000,
          "percentile" : {
            "1.000000" : 0,
            "5.000000" : 0,
            "10.000000" : 0,
            "20.000000" : 0,
            "30.000000" : 0,
            "40.000000" : 0,
            "50.000000" : 0,
            "60.000000" : 0,
            "70.000000" : 0,
            "80.000000" : 0,
            "90.000000" : 0,
            "95.000000" : 0,
            "99.000000" : 0,
            "99.500000" : 0,
            "99.900000" : 0,
            "99.950000" : 0,
            "99.990000" : 0
          }
        },
        "total_ios" : 0
      },
      "job_runtime" : 10017,
      "usr_cpu" : 1.966657,
      "sys_cpu" : 6.758511,
      "ctx" : 18971,
      "majf" : 0,
      "minf" : 15,
      "iodepth_level" : {
        "1" : 0.000000,
        "2" : 0.000000,
        "4" : 0.000000,
        "8" : 0.000000,
        "16" : 100.000000,
        "32" : 0.000000,
        ">=64" : 0.000000
      },
      "iodepth_submit" : {
        "0" : 0.000000,
        "4" : 100.000000,
        "8" : 0.000000,
        "16" : 0.000000,
        "32" : 0.000000,
        "64" : 0.000000,
        ">=64" : 0.000000
      },
      "iodepth_complete" : {
        "0" : 0.000000,
        "4" : 99.994723,
        "8" : 0.000000,
        "16" : 0.000000,
        "32" : 0.100000,
        "64" : 0.000000,
        ">=64" : 0.000000
      },
      "latency_ns" : {
        "2" : 0.000000,
        "4" : 0.000000,
        "10" : 0.000000,
        "20" : 0.000000,
        "50" : 0.000000,
        "100" : 0.000000,
        "250" : 0.000000,
        "500" : 0.000000,
        "750" : 0.000000,
        "1000" : 0.000000
      },
      "latency_us" : {
        "2" : 0.000000,
        "4" : 0.000000,
        "10" : 0.000000,
        "20" : 0.000000,
        "50" : 0.000000,
        "100" : 0.000000,
        "250" : 0.000000,
        "500" : 0.000000,
        "750" : 0.010554,
        "1000" : 0.036939
      },
      "latency_ms" : {
        "2" : 0.358839,
        "4" : 1.102902,
        "10" : 6.453826,
        "20" : 90.147757,
        "50" : 2.000000,
        "100" : 0.000000,
        "250" : 0.000000,
        "500" : 0.000000,
        "750" : 0.000000,
        "1000" : 0.000000,
        "2000" : 0.000000,
        ">=2000" : 0.000000
      },
      "latency_depth" : 22,