

{
  "fio version" : "fio-3.15",
  "timestamp" : 1586544859,
  "time" : "Fri Apr 10 11:54:19 2020",
  "global options" : {
    "direct" : "1",
    "iodepth" : "22",
    "ioengine" : "libaio",
    "runtime" : "10",
    "time_based" : "1",
    "ramp_time" : "5",
    "size" : "5g",
    "numjobs" : "1",
    "rw" : "rw",
    "bs" : "8k",
    "rwmixread" : "90",
    "rwmixwrite" : "10"
  },
  "client_stats" : [
    {
      "jobname" : "rw_bw_test",
      "groupid" : 0,
      "error" : 0,
      "job options" : {
        "name" : "rw_bw_test",
        "filename" : "/mnt/Crucial_CT500MX200SSD1_xfs/test.dat"
      },
      "read" : {
        "io_bytes" : 2073821184,
        "io_kbytes" : 2025216,
        "bw_bytes" : 207361382,
        "bw" : 202501,
        "iops" : 25310.768923,
        "runtime" : 10001,
        "total_ios" : 253133,
        "short_ios" : 0,
        "drop_ios" : 0,
        "slat_ns" : {
          "min" : 4375,
          "max" : 65846,
          "mean" : 8991.519869,
          "stddev" : 4939.591520
        },
        "clat_ns" : {
          "min" : 216759,
          "max" : 5151897,
          "mean" : 791242.799101,
          "stddev" : 342695.397577,
          "percentile" : {
            "1.000000" : 602112,
            "5.000000" : 667648,
            "10.000000" : 692224,
            "20.000000" : 708608,
            "30.000000" : 708608,
            "40.000000" : 716800,
            "50.000000" : 724992,
            "60.000000" : 749568,
            "70.000000" : 765952,
            "80.000000" : 790528,
            "90.000000" : 823296,
            "95.000000" : 888832,
            "99.000000" : 3031040,
            "99.500000" : 3457024,
            "99.900000" : 4014080,
            "99.950000" : 4145152,
            "99.990000" : 4554752
          }
        },
        "lat_ns" : {
          "min" : 224781,
          "max" : 5158626,
          "mean" : 800483.289865,
          "stddev" : 342621.121447
        },
        "bw_min" : 199664,
        "bw_max" : 204928,
        "bw_agg" : 99.990201,
        "bw_mean" : 202481.157895,
        "bw_dev" : 1389.971273,
        "bw_samples" : 19,
        "iops_min" : 24958,
        "iops_max" : 25616,
        "iops_mean" : 25310.105263,
        "iops_stddev" : 173.800299,
        "iops_samples" : 19
      },
      "write" : {
        "io_bytes" : 232841216,
        "io_kbytes" : 227384,
        "bw_bytes" : 23281793,
        "bw" : 22736,
        "iops" : 2841.815818,
        "runtime" : 10001,
        "total_ios" : 28421,
        "short_ios" : 0,
        "drop_ios" : 0,
        "slat_ns" : {
          "min" : 6290,
          "max" : 66508,
          "mean" : 13295.354808,
          "stddev" : 6544.066226
        },
        "clat_ns" : {
          "min" : 48220,
          "max" : 1301823,
          "mean" : 584980.584527,
          "stddev" : 150974.581100,
          "percentile" : {
            "1.000000" : 89600,
            "5.000000" : 236544,
            "10.000000" : 337920,
            "20.000000" : 489472,
            "30.000000" : 585728,
            "40.000000" : 626688,
            "50.000000" : 651264,
            "60.000000" : 659456,
            "70.000000" : 675840,
            "80.000000" : 684032,
            "90.000000" : 708608,
            "95.000000" : 716800,
            "99.000000" : 749568,
            "99.500000" : 749568,
            "99.900000" : 774144,
            "99.950000" : 782336,
            "99.990000" : 1286144
          }
        },
        "lat_ns" : {
          "min" : 64375,
          "max" : 1312397,
          "mean" : 598571.245857,
          "stddev" : 150160.687177
        },
        "bw_min" : 21856,
        "bw_max" : 23409,
        "bw_agg" : 100.000000,
        "bw_mean" : 22743.684211,
        "bw_dev" : 430.670801,
        "bw_samples" : 19,
        "iops_min" : 2732,
        "iops_max" : 2926,
        "iops_mean" : 2842.947368,
        "iops_stddev" : 53.816018,
        "iops_samples" : 19
      },
      "trim" : {
        "io_bytes" : 0,
        "io_kbytes" : 0,
        "bw_bytes" : 0,
        "bw" : 0,
        "iops" : 0.000000,
        "runtime" : 0,
        "total_ios" : 0,
        "short_ios" : 0,
        "drop_ios" : 0,
        "slat_ns" : {
          "min" : 0,
          "max" : 0,
          "mean" : 0.000000,
          "stddev" : 0.000000
        },
        "clat_ns" : {
          "min" : 0,
          "max" : 0,
          "mean" : 0.000000,
          "stddev" : 0.000000,
          "percentile" : {
            "1.000000" : 0,
            "5.000000" : 0,
            "10.000000" : 0,
            "20.000000" : 0,
            "30.000000" : 0,
            "40.000000" : 0,
            "50.000000" : 0,
            "60.000000" : 0,
            "70.000000" : 0,
            "80.000000" : 0,
            "90.000000" : 0,
            "95.000000" : 0,
            "99.000000" : 0,
            "99.500000" : 0,
            "99.900000" : 0,
            "99.950000" : 0,
            "99.990000" : 0
          }
        },
        "lat_ns" : {
          "min" : 0,
          "max" : 0,
          "mean" : 0.000000,
          "stddev" : 0.000000
        },
        "bw_min" : 0,
        "bw_max" : 0,
        "bw_agg" : 0.000000,
        "bw_mean" : 0.000000,
        "bw_dev" : 0.000000,
        "bw_samples" : 0,
        "iops_min" : 0,
        "iops_max" : 0,
        "iops_mean" : 0.000000,
        "iops_stddev" : 0.000000,
        "iops_samples" : 0
      },
      "sync" : {
        "lat_ns" : {
          "min" : 0,
          "max" : 0,
          "mean" : 0.000000,
          "stddev" : 0.000000,
          "percentile" : {
            "1.000000" : 0,
            "5.000000" : 0,
            "10.000000" : 0,
            "20.000000" : 0,
            "30.000000" : 0,
            "40.000000" : 0,
            "50.000000" : 0,
            "60.000000" : 0,
            "70.000000" : 0,
            "80.000000" : 0,
            "90.000000" : 0,
            "95.000000" : 0,
            "99.000000" : 0,
            "99.500000" : 0,
            "99.900000" : 0,
            "99.950000" : 0,
            "99.990000" : 0
          }
        },
        "total_ios" : 0
      },
      "job_runtime" : 10000,
      "usr_cpu" : 12.240000,
      "sys_cpu" : 36.760000,
      "ctx" : 247869,
      "majf" : 0,
      "minf" : 15,
      "iodepth_level" : {
        "1" : 0.000000,
        "2" : 0.000000,
        "4" : 0.000000,
        "8" : 0.000000,
        "16" : 100.000000,
        "32" : 0.000000,
        ">=64" : 0.000000
      },
      "iodepth_submit" : {
        "0" : 0.000000,
        "4" : 100.000000,
        "8" : 0.000000,
        "16" : 0.000000,
        "32" : 0.000000,
        "64" : 0.000000,
        ">=64" : 0.000000
      },
      "iodepth_complete" : {
        "0" : 0.000000,
        "4" : 99.999645,
        "8" : 0.000000,
        "16" : 0.000000,
        "32" : 0.100000,
        "64" : 0.000000,
        ">=64" : 0.000000
      },
      "latency_ns" : {
        "2" : 0.000000,
        "4" : 0.000000,
        "10" : 0.000000,
        "20" : 0.000000,
        "50" : 0.000000,
        "100" : 0.000000,
        "250" : 0.000000,
        "500" : 0.000000,
        "750" : 0.000000,
        "1000" : 0.000000
      },
      "latency_us" : {
        "2" : 0.000000,
        "4" : 0.000000,
        "10" : 0.000000,
        "20" : 0.000000,
        "50" : 0.010000,
        "100" : 0.127507,
        "250" : 0.430468,
        "500" : 1.766269,
        "750" : 64.374152,
        "1000" : 30.235408
      },
      "latency_ms" : {
        "2" : 1.315201,
        "4" : 1.662203,
        "10" : 0.095896,
        "20" : 0.000000,
        "50" : 0.000000,
        "100" : 0.000000,
        "250" : 0.000000,
        "500" : 0.000000,
        "750" : 0.000000,
        "1000" : 0.000000,
        "2000" : 0.000000,
        ">=2000" : 0.000000
      },
      "latency_depth" : 22,
      "latency_target" : 0,
      "latency_percentile" : 100.000000,
      "latency_window" : 0,