

{
  "fio version" : "fio-3.15",
  "timestamp" : 1586543773,
  "time" : "Fri Apr 10 11:36:13 2020",
  "global options" : {
    "direct" : "1",
    "iodepth" : "22",
    "ioengine" : "libaio",
    "runtime" : "10",
    "time_based" : "1",
    "ramp_time" : "5",
    "size" : "5g",
    "numjobs" : "1",
    "rw" : "rw",
    "bs" : "64k",
    "rwmixread" : "90",
    "rwmixwrite" : "10"
  },
  "client_stats" : [
    {
      "jobname" : "rw_bw_test",
      "groupid" : 0,
      "error" : 0,
      "job options" : {
        "name" : "rw_bw_test",
        "filename" : "/dev/sdb"
      },
      "read" : {
        "io_bytes" : 2443116544,
        "io_kbytes" : 2385856,
        "bw_bytes" : 244189559,
        "bw" : 238466,
        "iops" : 3724.037981,
        "runtime" : 10005,
        "total_ios" : 37259,
        "short_ios" : 0,
        "drop_ios" : 0,
        "slat_ns" : {
          "min" : 11583,
          "max" : 38920,
          "mean" : 13031.996860,
          "stddev" : 2250.716310
        },
        "clat_ns" : {
          "min" : 5006095,
          "max" : 10110480,
          "mean" : 5395671.731350,
          "stddev" : 625591.949554,
          "percentile" : {
            "1.000000" : 5079040,
            "5.000000" : 5079040,
            "10.000000" : 5079040,
            "20.000000" : 5079040,
            "30.000000" : 5144576,
            "40.000000" : 5144576,
            "50.000000" : 5144576,
            "60.000000" : 5144576,
            "70.000000" : 5144576,
            "80.000000" : 5406720,
            "90.000000" : 6193152,
            "95.000000" : 6979584,
            "99.000000" : 8028160,
            "99.500000" : 8159232,
            "99.900000" : 8454144,
            "99.950000" : 8585216,
            "99.990000" : 9109504
          }
        },
        "lat_ns" : {
          "min" : 5036631,
          "max" : 10123074,
          "mean" : 5408986.463612,
          "stddev" : 625701.989345
        },
        "bw_min" : 232064,
        "bw_max" : 242816,
        "bw_agg" : 99.961923,
        "bw_mean" : 238375.200000,
        "bw_dev" : 2763.816785,
        "bw_samples" : 20,
        "iops_min" : 3626,
        "iops_max" : 3794,
        "iops_mean" : 3724.500000,
        "iops_stddev" : 43.227063,
        "iops_samples" : 20
      },
      "write" : {
        "io_bytes" : 270991360,
        "io_kbytes" : 264640,
        "bw_bytes" : 27085593,
        "bw" : 26450,
        "iops" : 413.193403,
        "runtime" : 10005,
        "total_ios" : 4134,
        "short_ios" : 0,
        "drop_ios" : 0,
        "slat_ns" : {
          "min" : 12664,
          "max" : 45710,
          "mean" : 15429.867199,
          "stddev" : 2464.325715
        },
        "clat_ns" : {
          "min" : 288222,
          "max" : 7456140,
          "mean" : 4446264.767352,
          "stddev" : 1249617.143290,
          "percentile" : {
            "1.000000" : 536576,
            "5.000000" : 1269760,
            "10.000000" : 2244608,
            "20.000000" : 3751936,
            "30.000000" : 4685824,
            "40.000000" : 5079040,
            "50.000000" : 5144576,
            "60.000000" : 5144576,
            "70.000000" : 5144576,
            "80.000000" : 5144576,
            "90.000000" : 5144576,
            "95.000000" : 5144576,
            "99.000000" : 5210112,
            "99.500000" : 5210112,
            "99.900000" : 5799936,
            "99.950000" : 6324224,
            "99.990000" : 7438336
          }
        },
        "lat_ns" : {
          "min" : 304732,
          "max" : 7471124,
          "mean" : 4461986.120919,
          "stddev" : 1249036.441345
        },
        "bw_min" : 22400,
        "bw_max" : 31104,
        "bw_agg" : 99.939698,
        "bw_mean" : 26434.050000,
        "bw_dev" : 1776.783092,
        "bw_samples" : 20,
        "iops_min" : 350,
        "iops_max" : 486,
        "iops_mean" : 413.000000,
        "iops_stddev" : 27.769730,
        "iops_samples" : 20
      },
      "trim" : {
        "io_bytes" : 0,
        "io_kbytes" : 0,
        "bw_bytes" : 0,
        "bw" : 0,
        "iops" : 0.000000,
        "runtime" : 0,
        "total_ios" : 0,
        "short_ios" : 0,
        "drop_ios" : 0,
        "slat_ns" : {
          "min" : 0,
          "max" : 0,
          "mean" : 0.000000,
          "stddev" : 0.000000
        },
        "clat_ns" : {
          "min" : 0,
          "max" : 0,
          "mean" : 0.000000,
          "stddev" : 0.000000,
          "percentile" : {
            "1.000000" : 0,
            "5.000000" : 0,
            "10.000000" : 0,
            "20.000000" : 0,
            "30.000000" : 0,
            "40.000000" : 0,
            "50.000000" : 0,
            "60.000000" : 0,
            "70.000000" : 0,
            "80.000000" : 0,
            "90.000000" : 0,
            "95.000000" : 0,
            "99.000000" : 0,
            "99.500000" : 0,
            "99.900000" : 0,
            "99.950000" : 0,
            "99.990000" : 0
          }
        },
        "lat_ns" : {
          "min" : 0,
          "max" : 0,
          "mean" : 0.000000,
          "stddev" : 0.000000
        },
        "bw_min" : 0,
        "bw_max" : 0,
        "bw_agg" : 0.000000,
        "bw_mean" : 0.000000,
        "bw_dev" : 0.000000,
        "bw_samples" : 0,
        "iops_min" : 0,
        "iops_max" : 0,
        "iops_mean" : 0.000000,
        "iops_stddev" : 0.000000,
        "iops_samples" : 0
      },
      "sync" : {
        "lat_ns" : {
          "min" : 0,
          "max" : 0,
          "mean" : 0.000000,
          "stddev" : 0.000000,
          "percentile" : {
            "1.000000" : 0,
            "5.000000" : 0,
            "10.000000" : 0,
            "20.000000" : 0,
            "30.000000" : 0,
            "40.000000" : 0,
            "50.000000" : 0,
            "60.000000" : 0,
            "70.000000" : 0,
            "80.000000" : 0,
            "90.000000" : 0,
            "95.000000" : 0,
            "99.000000" : 0,
            "99.500000" : 0,
            "99.900000" : 0,
            "99.950000" : 0,
            "99.990000" : 0
          }
        },
        "total_ios" : 0
      },
      "job_runtime" : 10004,
      "usr_cpu" : 2.818872,
      "sys_cpu" : 7.516993,
      "ctx" : 41415,
      "majf" : 0,
      "minf" : 15,
      "iodepth_level" : {
        "1" : 0.000000,
        "2" : 0.000000,
        "4" : 0.000000,
        "8" : 0.000000,
        "16" : 100.000000,
        "32" : 0.000000,
        ">=64" : 0.000000
      },
      "iodepth_submit" : {
        "0" : 0.000000,
        "4" : 100.000000,
        "8" : 0.000000,
        "16" : 0.000000,
        "32" : 0.000000,
        "64" : 0.000000,
        ">=64" : 0.000000
      },
      "iodepth_complete" : {
        "0" : 0.000000,
        "4" : 99.997584,
        "8" : 0.000000,
        "16" : 0.000000,
        "32" : 0.100000,
        "64" : 0.000000,
        ">=64" : 0.000000
      },
      "latency_ns" : {
        "2" : 0.000000,
        "4" : 0.000000,
        "10" : 0.000000,
        "20" : 0.000000,
        "50" : 0.000000,
        "100" : 0.000000,
        "250" : 0.000000,
        "500" : 0.000000,
        "750" : 0.000000,
        "1000" : 0.000000
      },
      "latency_us" : {
        "2" : 0.000000,
        "4" : 0.000000,
        "10" : 0.000000,
        "20" : 0.000000,
        "50" : 0.000000,
        "100" : 0.000000,
        "250" : 0.000000,
        "500" : 0.082139,
        "750" : 0.094219,
        "1000" : 0.152200
      },
      "latency_ms" : {
        "2" : 0.536323,
        "4" : 1.369797,
        "10" : 97.813640,
        "20" : 0.010000,
        "50" : 0.000000,
        "100" : 0.000000,
        "250" : 0.000000,
        "500" : 0.000000,
        "750" : 0.000000,
        "1000" : 0.000000,
        "2000" : 0.000000,
        ">=2000" : 0.000000
      },
      "latency_depth" : 22,
      "latency_target" : 0,
      "latency_percentile" : 100.000000,
      "latency_window" : 0,