

{
  "fio version" : "fio-3.15",
  "timestamp" : 1586544931,
  "time" : "Fri Apr 10 11:55:31 2020",
  "global options" : {
    "direct" : "1",
    "iodepth" : "22",
    "ioengine" : "libaio",
    "runtime" : "10",
    "time_based" : "1",
    "ramp_time" : "5",
    "size" : "5g",
    "numjobs" : "1",
    "rw" : "rw",
    "bs" : "128k",
    "rwmixread" : "90",
    "rwmixwrite" : "10"
  },
  "client_stats" : [
    {
      "jobname" : "rw_bw_test",
      "groupid" : 0,
      "error" : 0,
      "job options" : {
        "name" : "rw_bw_test",
        "filename" : "/mnt/Crucial_CT500MX200SSD1_xfs/test.dat"
      },
      "read" : {
        "io_bytes" : 2505048064,
        "io_kbytes" : 2446336,
        "bw_bytes" : 250229553,
        "bw" : 244364,
        "iops" : 1907.102188,
        "runtime" : 10011,
        "total_ios" : 19092,
        "short_ios" : 0,
        "drop_ios" : 0,
        "slat_ns" : {
          "min" : 8347,
          "max" : 79174,
          "mean" : 24923.614603,
          "stddev" : 8152.792544
        },
        "clat_ns" : {
          "min" : 5857054,
          "max" : 20072652,
          "mean" : 10566792.243093,
          "stddev" : 701568.362452,
          "percentile" : {
            "1.000000" : 10027008,
            "5.000000" : 10158080,
            "10.000000" : 10158080,
            "20.000000" : 10158080,
            "30.000000" : 10158080,
            "40.000000" : 10158080,
            "50.000000" : 10158080,
            "60.000000" : 10551296,
            "70.000000" : 10682368,
            "80.000000" : 10944512,
            "90.000000" : 11468800,
            "95.000000" : 11993088,
            "99.000000" : 13041664,
            "99.500000" : 13303808,
            "99.900000" : 16318464,
            "99.950000" : 17432576,
            "99.990000" : 19267584
          }
        },
        "lat_ns" : {
          "min" : 5896301,
          "max" : 20095022,
          "mean" : 10592154.024696,
          "stddev" : 701540.126874
        },
        "bw_min" : 238848,
        "bw_max" : 247808,
        "bw_agg" : 100.000000,
        "bw_mean" : 244390.400000,
        "bw_dev" : 2384.592791,
        "bw_samples" : 20,
        "iops_min" : 1866,
        "iops_max" : 1936,
        "iops_mean" : 1909.300000,
        "iops_stddev" : 18.629631,
        "iops_samples" : 20
      },
      "write" : {
        "io_bytes" : 279969792,
        "io_kbytes" : 273408,
        "bw_bytes" : 27966216,
        "bw" : 27310,
        "iops" : 213.265408,
        "runtime" : 10011,
        "total_ios" : 2135,
        "short_ios" : 0,
        "drop_ios" : 0,
        "slat_ns" : {
          "min" : 13723,
          "max" : 78458,
          "mean" : 32004.916159,
          "stddev" : 8452.583584
        },
        "clat_ns" : {
          "min" : 565700,
          "max" : 18126752,
          "mean" : 8311713.649345,
          "stddev" : 2420196.170532,
          "percentile" : {
            "1.000000" : 1028096,
            "5.000000" : 3129344,
            "10.000000" : 4685824,
            "20.000000" : 6455296,
            "30.000000" : 7438336,
            "40.000000" : 8355840,
            "50.000000" : 9240576,
            "60.000000" : 10027008,
            "70.000000" : 10158080,
            "80.000000" : 10158080,
            "90.000000" : 10289152,
            "95.000000" : 10289152,
            "99.000000" : 11206656,
            "99.500000" : 11468800,
            "99.900000" : 11862016,
            "99.950000" : 17170432,
            "99.990000" : 18219008
          }
        },
        "lat_ns" : {
          "min" : 602791,
          "max" : 18181816,
          "mean" : 8344199.630150,
          "stddev" : 2419296.738777
        },
        "bw_min" : 24320,
        "bw_max" : 31488,
        "bw_agg" : 99.972171,
        "bw_mean" : 27302.400000,
        "bw_dev" : 2036.642190,
        "bw_samples" : 20,
        "iops_min" : 190,
        "iops_max" : 246,
        "iops_mean" : 213.300000,
        "iops_stddev" : 15.911267,
        "iops_samples" : 20
      },
      "trim" : {
        "io_bytes" : 0,
        "io_kbytes" : 0,
        "bw_bytes" : 0,
        "bw" : 0,
        "iops" : 0.000000,
        "runtime" : 0,
        "total_ios" : 0,
        "short_ios" : 0,
        "drop_ios" : 0,
        "slat_ns" : {
          "min" : 0,
          "max" : 0,
          "mean" : 0.000000,
          "stddev" : 0.000000
        },
        "clat_ns" : {
          "min" : 0,
          "max" : 0,
          "mean" : 0.000000,
          "stddev" : 0.000000,
          "percentile" : {
            "1.000000" : 0,
            "5.000000" : 0,
            "10.000000" : 0,
            "20.000000" : 0,
            "30.000000" : 0,
            "40.000000" : 0,
            "50.000000" : 0,
            "60.000000" : 0,
            "70.000000" : 0,
            "80.000000" : 0,
            "90.000000" : 0,
            "95.000000" : 0,
            "99.000000" : 0,
            "99.500000" : 0,
            "99.900000" : 0,
            "99.950000" : 0,
            "99.990000" : 0
          }
        },
        "lat_ns" : {
          "min" : 0,
          "max" : 0,
          "mean" : 0.000000,
          "stddev" : 0.000000
        },
        "bw_min" : 0,
        "bw_max" : 0,
        "bw_agg" : 0.000000,
        "bw_mean" : 0.000000,
        "bw_dev" : 0.000000,
        "bw_samples" : 0,
        "iops_min" : 0,
        "iops_max" : 0,
        "iops_mean" : 0.000000,
        "iops_stddev" : 0.000000,
        "iops_samples" : 0
      },
      "sync" : {
        "lat_ns" : {
          "min" : 0,
          "max" : 0,
          "mean" : 0.000000,
          "stddev" : 0.000000,
          "percentile" : {
            "1.000000" : 0,
            "5.000000" : 0,
            "10.000000" : 0,
            "20.000000" : 0,
            "30.000000" : 0,
            "40.000000" : 0,
            "50.000000" : 0,
            "60.000000" : 0,
            "70.000000" : 0,
            "80.000000" : 0,
            "90.000000" : 0,
            "95.000000" : 0,
            "99.000000" : 0,
            "99.500000" : 0,
            "99.900000" : 0,
            "99.950000" : 0,
            "99.990000" : 0
          }
        },
        "total_ios" : 0
      },
      "job_runtime" : 10010,
      "usr_cpu" : 2.567433,
      "sys_cpu" : 7.022977,
      "ctx" : 21176,
      "majf" : 0,
      "minf" : 15,
      "iodepth_level" : {
        "1" : 0.000000,
        "2" : 0.000000,
        "4" : 0.000000,
        "8" : 0.000000,
        "16" : 100.000000,
        "32" : 0.000000,
        ">=64" : 0.000000
      },
      "iodepth_submit" : {
        "0" : 0.000000,
        "4" : 100.000000,
        "8" : 0.000000,
        "16" : 0.000000,
        "32" : 0.000000,
        "64" : 0.000000,
        ">=64" : 0.000000
      },
      "iodepth_complete" : {
        "0" : 0.000000,
        "4" : 99.995289,
        "8" : 0.000000,
        "16" : 0.000000,
        "32" : 0.100000,
        "64" : 0.000000,
        ">=64" : 0.000000
      },
      "latency_ns" : {
        "2" : 0.000000,
        "4" : 0.000000,
        "10" : 0.000000,
        "20" : 0.000000,
        "50" : 0.000000,
        "100" : 0.000000,
        "250" : 0.000000,
        "500" : 0.000000,
        "750" : 0.000000,
        "1000" : 0.000000
      },
      "latency_us" : {
        "2" : 0.000000,
        "4" : 0.000000,
        "10" : 0.000000,
        "20" : 0.000000,
        "50" : 0.000000,
        "100" : 0.000000,
        "250" : 0.000000,
        "500" : 0.000000,
        "750" : 0.037688,
        "1000" : 0.028266
      },
      "latency_ms" : {
        "2" : 0.188439,
        "4" : 0.532341,
        "10" : 5.403496,
        "20" : 93.903990,
        "50" : 0.010000,
        "100" : 0.000000,
        "250" : 0.000000,
        "500" : 0.000000,
        "750" : 0.000000,
        "1000" : 0.000000,
        "2000" : 0.000000,
        ">=2000" : 0.000000
      },
      "latency_depth" : 22,
      "latency_target" : 0,