

{
  "fio version" : "fio-3.15",
  "timestamp" : 1586544258,
  "time" : "Fri Apr 10 11:44:18 2020",
  "global options" : {
    "direct" : "1",
    "iodepth" : "22",
    "ioengine" : "libaio",
    "runtime" : "10",
    "time_based" : "1",
    "ramp_time" : "5",
    "size" : "5g",
    "numjobs" : "1",
    "rw" : "rw",
    "bs" : "4k",
    "rwmixread" : "90",
    "rwmixwrite" : "10"
  },
  "client_stats" : [
    {
      "jobname" : "rw_bw_test",
      "groupid" : 0,
      "error" : 0,
      "job options" : {
        "name" : "rw_bw_test",
        "filename" : "/mnt/Crucial_CT500MX200SSD1_ext4/test.dat"
      },
      "read" : {
        "io_bytes" : 1620692992,
        "io_kbytes" : 1582708,
        "bw_bytes" : 162053093,
        "bw" : 158254,
        "iops" : 39561.643836,
        "runtime" : 10001,
        "total_ios" : 395656,
        "short_ios" : 0,
        "drop_ios" : 0,
        "slat_ns" : {
          "min" : 1373,
          "max" : 68631,
          "mean" : 3942.747093,
          "stddev" : 876.464331
        },
        "clat_ns" : {
          "min" : 160075,
          "max" : 12332573,
          "mean" : 512946.624335,
          "stddev" : 598488.098359,
          "percentile" : {
            "1.000000" : 350208,
            "5.000000" : 378880,
            "10.000000" : 391168,
            "20.000000" : 399360,
            "30.000000" : 411648,
            "40.000000" : 419840,
            "50.000000" : 432128,
            "60.000000" : 440320,
            "70.000000" : 456704,
            "80.000000" : 485376,
            "90.000000" : 552960,
            "95.000000" : 593920,
            "99.000000" : 2932736,
            "99.500000" : 5537792,
            "99.900000" : 8224768,
            "99.950000" : 8454144,
            "99.990000" : 8978432
          }
        },
        "lat_ns" : {
          "min" : 164125,
          "max" : 12336300,
          "mean" : 516959.538907,
          "stddev" : 598686.631415
        },
        "bw_min" : 155256,
        "bw_max" : 160624,
        "bw_agg" : 100.000000,
        "bw_mean" : 158263.200000,
        "bw_dev" : 1516.118923,
        "bw_samples" : 20,
        "iops_min" : 38814,
        "iops_max" : 40156,
        "iops_mean" : 39565.800000,
        "iops_stddev" : 379.029731,
        "iops_samples" : 20
      },
      "write" : {
        "io_bytes" : 181411840,
        "io_kbytes" : 177160,
        "bw_bytes" : 18139370,
        "bw" : 17714,
        "iops" : 4428.557144,
        "runtime" : 10001,
        "total_ios" : 44290,
        "short_ios" : 0,
        "drop_ios" : 0,
        "slat_ns" : {
          "min" : 1722,
          "max" : 44003,
          "mean" : 4567.738632,
          "stddev" : 984.530487
        },
        "clat_ns" : {
          "min" : 29174,
          "max" : 8157802,
          "mean" : 341100.324972,
          "stddev" : 478211.657449,
          "percentile" : {
            "1.000000" : 35584,
            "5.000000" : 111104,
            "10.000000" : 168960,
            "20.000000" : 246784,
            "30.000000" : 296960,
            "40.000000" : 321536,
            "50.000000" : 337920,
            "60.000000" : 354304,
            "70.000000" : 366592,
            "80.000000" : 378880,
            "90.000000" : 391168,
            "95.000000" : 399360,
            "99.000000" : 415744,
            "99.500000" : 1286144,
            "99.900000" : 8028160,
            "99.950000" : 8028160,
            "99.990000" : 8093696
          }
        },
        "lat_ns" : {
          "min" : 33408,
          "max" : 8161939,
          "mean" : 345749.063581,
          "stddev" : 478506.544181
        },
        "bw_min" : 16800,
        "bw_max" : 18384,
        "bw_agg" : 100.000000,
        "bw_mean" : 17715.200000,
        "bw_dev" : 430.417374,
        "bw_samples" : 20,
        "iops_min" : 4200,
        "iops_max" : 4596,
        "iops_mean" : 4428.800000,
        "iops_stddev" : 107.604343,
        "iops_samples" : 20
      },
      "trim" : {
        "io_bytes" : 0,
        "io_kbytes" : 0,
        "bw_bytes" : 0,
        "bw" : 0,
        "iops" : 0.000000,
        "runtime" : 0,
        "total_ios" : 0,
        "short_ios" : 0,
        "drop_ios" : 0,
        "slat_ns" : {
          "min" : 0,
          "max" : 0,
          "mean" : 0.000000,
          "stddev" : 0.000000
        },
        "clat_ns" : {
          "min" : 0,
          "max" : 0,
          "mean" : 0.000000,
          "stddev" : 0.000000,
          "percentile" : {
            "1.000000" : 0,
            "5.000000" : 0,
            "10.000000" : 0,
            "20.000000" : 0,
            "30.000000" : 0,
            "40.000000" : 0,
            "50.000000" : 0,
            "60.000000" : 0,
            "70.000000" : 0,
            "80.000000" : 0,
            "90.000000" : 0,
            "95.000000" : 0,
            "99.000000" : 0,
            "99.500000" : 0,
            "99.900000" : 0,
            "99.950000" : 0,
            "99.990000" : 0
          }
        },
        "lat_ns" : {
          "min" : 0,
          "max" : 0,
          "mean" : 0.000000,
          "stddev" : 0.000000
        },
        "bw_min" : 0,
        "bw_max" : 0,
        "bw_agg" : 0.000000,
        "bw_mean" : 0.000000,
        "bw_dev" : 0.000000,
        "bw_samples" : 0,
        "iops_min" : 0,
        "iops_max" : 0,
        "iops_mean" : 0.000000,
        "iops_stddev" : 0.000000,
        "iops_samples" : 0
      },
      "sync" : {
        "lat_ns" : {
          "min" : 0,
          "max" : 0,
          "mean" : 0.000000,
          "stddev" : 0.000000,
          "percentile" : {
            "1.000000" : 0,
            "5.000000" : 0,
            "10.000000" : 0,
            "20.000000" : 0,
            "30.000000" : 0,
            "40.000000" : 0,
            "50.000000" : 0,
            "60.000000" : 0,
            "70.000000" : 0,
            "80.000000" : 0,
            "90.000000" : 0,
            "95.000000" : 0,
            "99.000000" : 0,
            "99.500000" : 0,
            "99.900000" : 0,
            "99.950000" : 0,
            "99.990000" : 0
          }
        },
        "total_ios" : 0
      },
      "job_runtime" : 10000,
      "usr_cpu" : 13.660000,
      "sys_cpu" : 20.530000,
      "ctx" : 437968,
      "majf" : 0,
      "minf" : 15,
      "iodepth_level" : {
        "1" : 0.000000,
        "2" : 0.000000,
        "4" : 0.000000,
        "8" : 0.000000,
        "16" : 100.000000,
        "32" : 0.000000,
        ">=64" : 0.000000
      },
      "iodepth_submit" : {
        "0" : 0.000000,
        "4" : 100.000000,
        "8" : 0.000000,
        "16" : 0.000000,
        "32" : 0.000000,
        "64" : 0.000000,
        ">=64" : 0.000000
      },
      "iodepth_complete" : {
        "0" : 0.000000,
        "4" : 99.999773,
        "8" : 0.000000,
        "16" : 0.000000,
        "32" : 0.100000,
        "64" : 0.000000,
        ">=64" : 0.000000
      },
      "latency_ns" : {
        "2" : 0.000000,
        "4" : 0.000000,
        "10" : 0.000000,
        "20" : 0.000000,
        "50" : 0.000000,
        "100" : 0.000000,
        "250" : 0.000000,
        "500" : 0.000000,
        "750" : 0.000000,
        "1000" : 0.000000
      },
      "latency_us" : {
        "2" : 0.000000,
        "4" : 0.000000,
        "10" : 0.000000,
        "20" : 0.000000,
        "50" : 0.135926,
        "100" : 0.284126,
        "250" : 1.674296,
        "500" : 82.208044,
        "750" : 13.603033,
        "1000" : 0.504607
      },
      "latency_ms" : {
        "2" : 0.107968,
        "4" : 0.921477,
        "10" : 0.563478,
        "20" : 0.010000,
        "50" : 0.000000,
        "100" : 0.000000,
        "250" : 0.000000,
        "500" : 0.000000,
        "750" : 0.000000,
        "1000" : 0.000000,
        "2000" : 0.000000,
        ">=2000" : 0.000000
      },
      "latency_depth" : 22,
      "latency_target" : 0,
      "latency_percentile" : 100.000000,
      "latency_window" : 0,