

{
  "fio version" : "fio-3.15",
  "timestamp" : 1586544876,
  "time" : "Fri Apr 10 11:54:36 2020",
  "global options" : {
    "direct" : "1",
    "iodepth" : "22",
    "ioengine" : "libaio",
    "runtime" : "10",
    "time_based" : "1",
    "ramp_time" : "5",
    "size" : "5g",
    "numjobs" : "1",
    "rw" : "rw",
    "bs" : "16k",
    "rwmixread" : "90",
    "rwmixwrite" : "10"
  },
  "client_stats" : [
    {
      "jobname" : "rw_bw_test",
      "groupid" : 0,
      "error" : 0,
      "job options" : {
        "name" : "rw_bw_test",
        "filename" : "/mnt/Crucial_CT500MX200SSD1_xfs/test.dat"
      },
      "read" : {
        "io_bytes" : 2238545920,
        "io_kbytes" : 2186080,
        "bw_bytes" : 223809830,
        "bw" : 218564,
        "iops" : 13658.368326,
        "runtime" : 10002,
        "total_ios" : 136611,
        "short_ios" : 0,
        "drop_ios" : 0,
        "slat_ns" : {
          "min" : 5770,
          "max" : 70841,
          "mean" : 11456.767993,
          "stddev" : 6342.368075
        },
        "clat_ns" : {
          "min" : 1214225,
          "max" : 5168986,
          "mean" : 1466513.939683,
          "stddev" : 433264.471550,
          "percentile" : {
            "1.000000" : 1269760,
            "5.000000" : 1318912,
            "10.000000" : 1335296,
            "20.000000" : 1335296,
            "30.000000" : 1335296,
            "40.000000" : 1351680,
            "50.000000" : 1351680,
            "60.000000" : 1368064,
            "70.000000" : 1417216,
            "80.000000" : 1449984,
            "90.000000" : 1515520,
            "95.000000" : 1695744,
            "99.000000" : 3883008,
            "99.500000" : 4227072,
            "99.900000" : 4685824,
            "99.950000" : 4751360,
            "99.990000" : 4882432
          }
        },
        "lat_ns" : {
          "min" : 1245855,
          "max" : 5177368,
          "mean" : 1478304.263238,
          "stddev" : 433222.207930
        },
        "bw_min" : 213344,
        "bw_max" : 222368,
        "bw_agg" : 100.000000,
        "bw_mean" : 218579.200000,
        "bw_dev" : 2489.565796,
        "bw_samples" : 20,
        "iops_min" : 13334,
        "iops_max" : 13898,
        "iops_mean" : 13661.200000,
        "iops_stddev" : 155.597862,
        "iops_samples" : 20
      },
      "write" : {
        "io_bytes" : 247627776,
        "io_kbytes" : 241824,
        "bw_bytes" : 24757826,
        "bw" : 24177,
        "iops" : 1510.797840,
        "runtime" : 10002,
        "total_ios" : 15111,
        "short_ios" : 0,
        "drop_ios" : 0,
        "slat_ns" : {
          "min" : 10540,
          "max" : 65771,
          "mean" : 16232.997485,
          "stddev" : 7513.892624
        },
        "clat_ns" : {
          "min" : 84464,
          "max" : 2261837,
          "mean" : 1163563.983658,
          "stddev" : 306088.033504,
          "percentile" : {
            "1.000000" : 142336,
            "5.000000" : 407552,
            "10.000000" : 634880,
            "20.000000" : 1011712,
            "30.000000" : 1220608,
            "40.000000" : 1286144,
            "50.000000" : 1302528,
            "60.000000" : 1318912,
            "70.000000" : 1318912,
            "80.000000" : 1351680,
            "90.000000" : 1368064,
            "95.000000" : 1384448,
            "99.000000" : 1433600,
            "99.500000" : 1482752,
            "99.900000" : 1564672,
            "99.950000" : 1597440,
            "99.990000" : 1646592
          }
        },
        "lat_ns" : {
          "min" : 100613,
          "max" : 2276600,
          "mean" : 1180180.312690,
          "stddev" : 305418.872901
        },
        "bw_min" : 22592,
        "bw_max" : 26336,
        "bw_agg" : 100.000000,
        "bw_mean" : 24177.600000,
        "bw_dev" : 1078.121095,
        "bw_samples" : 20,
        "iops_min" : 1412,
        "iops_max" : 1646,
        "iops_mean" : 1511.100000,
        "iops_stddev" : 67.382568,
        "iops_samples" : 20
      },
      "trim" : {
        "io_bytes" : 0,
        "io_kbytes" : 0,
        "bw_bytes" : 0,
        "bw" : 0,
        "iops" : 0.000000,
        "runtime" : 0,
        "total_ios" : 0,
        "short_ios" : 0,
        "drop_ios" : 0,
        "slat_ns" : {
          "min" : 0,
          "max" : 0,
          "mean" : 0.000000,
          "stddev" : 0.000000
        },
        "clat_ns" : {
          "min" : 0,
          "max" : 0,
          "mean" : 0.000000,
          "stddev" : 0.000000,
          "percentile" : {
            "1.000000" : 0,
            "5.000000" : 0,
            "10.000000" : 0,
            "20.000000" : 0,
            "30.000000" : 0,
            "40.000000" : 0,
            "50.000000" : 0,
            "60.000000" : 0,
            "70.000000" : 0,
            "80.000000" : 0,
            "90.000000" : 0,
            "95.000000" : 0,
            "99.000000" : 0,
            "99.500000" : 0,
            "99.900000" : 0,
            "99.950000" : 0,
            "99.990000" : 0
          }
        },
        "lat_ns" : {
          "min" : 0,
          "max" : 0,
          "mean" : 0.000000,
          "stddev" : 0.000000
        },
        "bw_min" : 0,
        "bw_max" : 0,
        "bw_agg" : 0.000000,
        "bw_mean" : 0.000000,
        "bw_dev" : 0.000000,
        "bw_samples" : 0,
        "iops_min" : 0,
        "iops_max" : 0,
        "iops_mean" : 0.000000,
        "iops_stddev" : 0.000000,
        "iops_samples" : 0
      },
      "sync" : {
        "lat_ns" : {
          "min" : 0,
          "max" : 0,
          "mean" : 0.000000,
          "stddev" : 0.000000,
          "percentile" : {
            "1.000000" : 0,
            "5.000000" : 0,
            "10.000000" : 0,
            "20.000000" : 0,
            "30.000000" : 0,
            "40.000000" : 0,
            "50.000000" : 0,
            "60.000000" : 0,
            "70.000000" : 0,
            "80.000000" : 0,
            "90.000000" : 0,
            "95.000000" : 0,
            "99.000000" : 0,
            "99.500000" : 0,
            "99.900000" : 0,
            "99.950000" : 0,
            "99.990000" : 0
          }
        },
        "total_ios" : 0
      },
      "job_runtime" : 10001,
      "usr_cpu" : 8.529147,
      "sys_cpu" : 27.097290,
      "ctx" : 142712,
      "majf" : 0,
      "minf" : 15,
      "iodepth_level" : {
        "1" : 0.000000,
        "2" : 0.000000,
        "4" : 0.000000,
        "8" : 0.000000,
        "16" : 100.000000,
        "32" : 0.000000,
        ">=64" : 0.000000
      },
      "iodepth_submit" : {
        "0" : 0.000000,
        "4" : 100.000000,
        "8" : 0.000000,
        "16" : 0.000000,
        "32" : 0.000000,
        "64" : 0.000000,
        ">=64" : 0.000000
      },
      "iodepth_complete" : {
        "0" : 0.000000,
        "4" : 99.999341,
        "8" : 0.000000,
        "16" : 0.000000,
        "32" : 0.100000,
        "64" : 0.000000,
        ">=64" : 0.000000
      },
      "latency_ns" : {
        "2" : 0.000000,
        "4" : 0.000000,
        "10" : 0.000000,
        "20" : 0.000000,
        "50" : 0.000000,
        "100" : 0.000000,
        "250" : 0.000000,
        "500" : 0.000000,
        "750" : 0.000000,
        "1000" : 0.000000
      },
      "latency_us" : {
        "2" : 0.000000,
        "4" : 0.000000,
        "10" : 0.000000,
        "20" : 0.000000,
        "50" : 0.000000,
        "100" : 0.029000,
        "250" : 0.179934,
        "500" : 0.486416,
        "750" : 0.552985,
        "1000" : 0.692055
      },
      "latency_ms" : {
        "2" : 94.394353,
        "4" : 2.948814,
        "10" : 0.730283,
        "20" : 0.000000,
        "50" : 0.000000,
        "100" : 0.000000,
        "250" : 0.000000,
        "500" : 0.000000,
        "750" : 0.000000,
        "1000" : 0.000000,
        "2000" : 0.000000,
        ">=2000" : 0.000000
      },
      "latency_depth" : 22,
      "latency_target" : 0,
      "latency_percentile" : 100.000000,