

{
  "fio version" : "fio-3.15",
  "timestamp" : 1586544317,
  "time" : "Fri Apr 10 11:45:17 2020",
  "global options" : {
    "direct" : "1",
    "iodepth" : "22",
    "ioengine" : "libaio",
    "runtime" : "10",
    "time_based" : "1",
    "ramp_time" : "5",
    "size" : "5g",
    "numjobs" : "1",
    "rw" : "rw",
    "bs" : "16k",
    "rwmixread" : "90",
    "rwmixwrite" : "10"
  },
  "client_stats" : [
    {
      "jobname" : "rw_bw_test",
      "groupid" : 0,
      "error" : 0,
      "job options" : {
        "name" : "rw_bw_test",
        "filename" : "/mnt/Crucial_CT500MX200SSD1_ext4/test.dat"
      },
      "read" : {
        "io_bytes" : 2032484352,
        "io_kbytes" : 1984848,
        "bw_bytes" : 203187478,
        "bw" : 198425,
        "iops" : 12399.980006,
        "runtime" : 10003,
        "total_ios" : 124037,
        "short_ios" : 0,
        "drop_ios" : 0,
        "slat_ns" : {
          "min" : 2354,
          "max" : 73163,
          "mean" : 9145.422277,
          "stddev" : 2218.232637
        },
        "clat_ns" : {
          "min" : 278042,
          "max" : 13313855,
          "mean" : 1623573.413243,
          "stddev" : 1096358.176639,
          "percentile" : {
            "1.000000" : 1318912,
            "5.000000" : 1335296,
            "10.000000" : 1335296,
            "20.000000" : 1335296,
            "30.000000" : 1351680,
            "40.000000" : 1351680,
            "50.000000" : 1368064,
            "60.000000" : 1384448,
            "70.000000" : 1417216,
            "80.000000" : 1449984,
            "90.000000" : 1564672,
            "95.000000" : 3358720,
            "99.000000" : 8978432,
            "99.500000" : 9240576,
            "99.900000" : 9895936,
            "99.950000" : 10158080,
            "99.990000" : 10551296
          }
        },
        "lat_ns" : {
          "min" : 289826,
          "max" : 13323150,
          "mean" : 1632867.419700,
          "stddev" : 1096540.150496
        },
        "bw_min" : 190880,
        "bw_max" : 203369,
        "bw_agg" : 99.992491,
        "bw_mean" : 198410.100000,
        "bw_dev" : 3299.927860,
        "bw_samples" : 20,
        "iops_min" : 11930,
        "iops_max" : 12710,
        "iops_mean" : 12400.600000,
        "iops_stddev" : 206.207969,
        "iops_samples" : 20
      },
      "write" : {
        "io_bytes" : 224739328,
        "io_kbytes" : 219472,
        "bw_bytes" : 22467192,
        "bw" : 21940,
        "iops" : 1370.788763,
        "runtime" : 10003,
        "total_ios" : 13712,
        "short_ios" : 0,
        "drop_ios" : 0,
        "slat_ns" : {
          "min" : 4500,
          "max" : 1049559,
          "mean" : 11309.598016,
          "stddev" : 12559.184967
        },
        "clat_ns" : {
          "min" : 72003,
          "max" : 9094755,
          "mean" : 1253581.335642,
          "stddev" : 949801.401686,
          "percentile" : {
            "1.000000" : 121344,
            "5.000000" : 370688,
            "10.000000" : 593920,
            "20.000000" : 995328,
            "30.000000" : 1220608,
            "40.000000" : 1269760,
            "50.000000" : 1286144,
            "60.000000" : 1286144,
            "70.000000" : 1302528,
            "80.000000" : 1335296,
            "90.000000" : 1351680,
            "95.000000" : 1368064,
            "99.000000" : 8585216,
            "99.500000" : 8847360,
            "99.900000" : 8978432,
            "99.950000" : 8978432,
            "99.990000" : 9109504
          }
        },
        "lat_ns" : {
          "min" : 83903,
          "max" : 9106674,
          "mean" : 1265058.359408,
          "stddev" : 950132.405526
        },
        "bw_min" : 20064,
        "bw_max" : 23728,
        "bw_agg" : 100.000000,
        "bw_mean" : 21942.650000,
        "bw_dev" : 905.101464,
        "bw_samples" : 20,
        "iops_min" : 1254,
        "iops_max" : 1483,
        "iops_mean" : 1371.400000,
        "iops_stddev" : 56.582869,
        "iops_samples" : 20
      },
      "trim" : {
        "io_bytes" : 0,
        "io_kbytes" : 0,
        "bw_bytes" : 0,
        "bw" : 0,
        "iops" : 0.000000,
        "runtime" : 0,
        "total_ios" : 0,
        "short_ios" : 0,
        "drop_ios" : 0,
        "slat_ns" : {
          "min" : 0,
          "max" : 0,
          "mean" : 0.000000,
          "stddev" : 0.000000
        },
        "clat_ns" : {
          "min" : 0,
          "max" : 0,
          "mean" : 0.000000,
          "stddev" : 0.000000,
          "percentile" : {
            "1.000000" : 0,
            "5.000000" : 0,
            "10.000000" : 0,
            "20.000000" : 0,
            "30.000000" : 0,
            "40.000000" : 0,
            "50.000000" : 0,
            "60.000000" : 0,
            "70.000000" : 0,
            "80.000000" : 0,
            "90.000000" : 0,
            "95.000000" : 0,
            "99.000000" : 0,
            "99.500000" : 0,
            "99.900000" : 0,
            "99.950000" : 0,
            "99.990000" : 0
          }
        },
        "lat_ns" : {
          "min" : 0,
          "max" : 0,
          "mean" : 0.000000,
          "stddev" : 0.000000
        },
        "bw_min" : 0,
        "bw_max" : 0,
        "bw_agg" : 0.000000,
        "bw_mean" : 0.000000,
        "bw_dev" : 0.000000,
        "bw_samples" : 0,
        "iops_min" : 0,
        "iops_max" : 0,
        "iops_mean" : 0.000000,
        "iops_stddev" : 0.000000,
        "iops_samples" : 0
      },
      "sync" : {
        "lat_ns" : {
          "min" : 0,
          "max" : 0,
          "mean" : 0.000000,
          "stddev" : 0.000000,
          "percentile" : {
            "1.000000" : 0,
            "5.000000" : 0,
            "10.000000" : 0,
            "20.000000" : 0,
            "30.000000" : 0,
            "40.000000" : 0,
            "50.000000" : 0,
            "60.000000" : 0,
            "70.000000" : 0,
            "80.000000" : 0,
            "90.000000" : 0,
            "95.000000" : 0,
            "99.000000" : 0,
            "99.500000" : 0,
            "99.900000" : 0,
            "99.950000" : 0,
            "99.990000" : 0
          }
        },
        "total_ios" : 0
      },
      "job_runtime" : 10002,
      "usr_cpu" : 6.288742,
      "sys_cpu" : 18.626275,
      "ctx" : 137511,
      "majf" : 0,
      "minf" : 15,
      "iodepth_level" : {
        "1" : 0.000000,
        "2" : 0.000000,
        "4" : 0.000000,
        "8" : 0.000000,
        "16" : 100.000000,
        "32" : 0.000000,
        ">=64" : 0.000000
      },
      "iodepth_submit" : {
        "0" : 0.000000,
        "4" : 100.000000,
        "8" : 0.000000,
        "16" : 0.000000,
        "32" : 0.000000,
        "64" : 0.000000,
        ">=64" : 0.000000
      },
      "iodepth_complete" : {
        "0" : 0.000000,
        "4" : 99.999274,
        "8" : 0.000000,
        "16" : 0.000000,
        "32" : 0.100000,
        "64" : 0.000000,
        ">=64" : 0.000000
      },
      "latency_ns" : {
        "2" : 0.000000,
        "4" : 0.000000,
        "10" : 0.000000,
        "20" : 0.000000,
        "50" : 0.000000,
        "100" : 0.000000,
        "250" : 0.000000,
        "500" : 0.000000,
        "750" : 0.000000,
        "1000" : 0.000000
      },
      "latency_us" : {
        "2" : 0.000000,
        "4" : 0.000000,
        "10" : 0.000000,
        "20" : 0.000000,
        "50" : 0.000000,
        "100" : 0.074048,
        "250" : 0.191653,
        "500" : 0.527772,
        "750" : 0.543743,
        "1000" : 0.712891
      },
      "latency_ms" : {
        "2" : 92.272176,
        "4" : 2.479873,
        "10" : 3.141221,
        "20" : 0.071870,
        "50" : 0.000000,
        "100" : 0.000000,
        "250" : 0.000000,
        "500" : 0.000000,
        "750" : 0.000000,
        "1000" : 0.000000,
        "2000" : 0.000000,
        ">=2000" : 0.000000
      },
      "latency_depth" : 22,
      "latency_target" : 0,
      "latency_percentile" : 100.000000,