

{
  "fio version" : "fio-3.15",
  "timestamp" : 1586544300,
  "time" : "Fri Apr 10 11:45:00 2020",
  "global options" : {
    "direct" : "1",
    "iodepth" : "22",
    "ioengine" : "libaio",
    "runtime" : "10",
    "time_based" : "1",
    "ramp_time" : "5",
    "size" : "5g",
    "numjobs" : "1",
    "rw" : "rw",
    "bs" : "8k",
    "rwmixread" : "90",
    "rwmixwrite" : "10"
  },
  "client_stats" : [
    {
      "jobname" : "rw_bw_test",
      "groupid" : 0,
      "error" : 0,
      "job options" : {
        "name" : "rw_bw_test",
        "filename" : "/mnt/Crucial_CT500MX200SSD1_ext4/test.dat"
      },
      "read" : {
        "io_bytes" : 1900052480,
        "io_kbytes" : 1855520,
        "bw_bytes" : 189986249,
        "bw" : 185533,
        "iops" : 23189.881012,
        "runtime" : 10001,
        "total_ios" : 231922,
        "short_ios" : 0,
        "drop_ios" : 0,
        "slat_ns" : {
          "min" : 1978,
          "max" : 50661,
          "mean" : 6576.188425,
          "stddev" : 1182.003371
        },
        "clat_ns" : {
          "min" : 144482,
          "max" : 11042116,
          "mean" : 869110.814655,
          "stddev" : 788922.590277,
          "percentile" : {
            "1.000000" : 569344,
            "5.000000" : 684032,
            "10.000000" : 708608,
            "20.000000" : 708608,
            "30.000000" : 716800,
            "40.000000" : 716800,
            "50.000000" : 733184,
            "60.000000" : 749568,
            "70.000000" : 765952,
            "80.000000" : 790528,
            "90.000000" : 839680,
            "95.000000" : 995328,
            "99.000000" : 4358144,
            "99.500000" : 8355840,
            "99.900000" : 8847360,
            "99.950000" : 8978432,
            "99.990000" : 9764864
          }
        },
        "lat_ns" : {
          "min" : 153796,
          "max" : 11048895,
          "mean" : 875827.994710,
          "stddev" : 789130.282658
        },
        "bw_min" : 180528,
        "bw_max" : 189189,
        "bw_agg" : 100.000000,
        "bw_mean" : 185541.315789,
        "bw_dev" : 2162.423333,
        "bw_samples" : 19,
        "iops_min" : 22566,
        "iops_max" : 23648,
        "iops_mean" : 23192.631579,
        "iops_stddev" : 270.244377,
        "iops_samples" : 19
      },
      "write" : {
        "io_bytes" : 212598784,
        "io_kbytes" : 207616,
        "bw_bytes" : 21257752,
        "bw" : 20759,
        "iops" : 2594.640536,
        "runtime" : 10001,
        "total_ios" : 25949,
        "short_ios" : 0,
        "drop_ios" : 0,
        "slat_ns" : {
          "min" : 2417,
          "max" : 48507,
          "mean" : 7804.009210,
          "stddev" : 1395.989370
        },
        "clat_ns" : {
          "min" : 42196,
          "max" : 8397097,
          "mean" : 633371.086853,
          "stddev" : 652323.696966,
          "percentile" : {
            "1.000000" : 67072,
            "5.000000" : 209920,
            "10.000000" : 317440,
            "20.000000" : 468992,
            "30.000000" : 577536,
            "40.000000" : 618496,
            "50.000000" : 643072,
            "60.000000" : 651264,
            "70.000000" : 659456,
            "80.000000" : 675840,
            "90.000000" : 684032,
            "95.000000" : 708608,
            "99.000000" : 2375680,
            "99.500000" : 8093696,
            "99.900000" : 8355840,
            "99.950000" : 8355840,
            "99.990000" : 8355840
          }
        },
        "lat_ns" : {
          "min" : 52663,
          "max" : 8405505,
          "mean" : 641330.243642,
          "stddev" : 652559.967083
        },
        "bw_min" : 19648,
        "bw_max" : 21936,
        "bw_agg" : 100.000000,
        "bw_mean" : 20781.789474,
        "bw_dev" : 660.314031,
        "bw_samples" : 19,
        "iops_min" : 2456,
        "iops_max" : 2742,
        "iops_mean" : 2597.684211,
        "iops_stddev" : 82.557086,
        "iops_samples" : 19
      },
      "trim" : {
        "io_bytes" : 0,
        "io_kbytes" : 0,
        "bw_bytes" : 0,
        "bw" : 0,
        "iops" : 0.000000,
        "runtime" : 0,
        "total_ios" : 0,
        "short_ios" : 0,
        "drop_ios" : 0,
        "slat_ns" : {
          "min" : 0,
          "max" : 0,
          "mean" : 0.000000,
          "stddev" : 0.000000
        },
        "clat_ns" : {
          "min" : 0,
          "max" : 0,
          "mean" : 0.000000,
          "stddev" : 0.000000,
          "percentile" : {
            "1.000000" : 0,
            "5.000000" : 0,
            "10.000000" : 0,
            "20.000000" : 0,
            "30.000000" : 0,
            "40.000000" : 0,
            "50.000000" : 0,
            "60.000000" : 0,
            "70.000000" : 0,
            "80.000000" : 0,
            "90.000000" : 0,
            "95.000000" : 0,
            "99.000000" : 0,
            "99.500000" : 0,
            "99.900000" : 0,
            "99.950000" : 0,
            "99.990000" : 0
          }
        },
        "lat_ns" : {
          "min" : 0,
          "max" : 0,
          "mean" : 0.000000,
          "stddev" : 0.000000
        },
        "bw_min" : 0,
        "bw_max" : 0,
        "bw_agg" : 0.000000,
        "bw_mean" : 0.000000,
        "bw_dev" : 0.000000,
        "bw_samples" : 0,
        "iops_min" : 0,
        "iops_max" : 0,
        "iops_mean" : 0.000000,
        "iops_stddev" : 0.000000,
        "iops_samples" : 0
      },
      "sync" : {
        "lat_ns" : {
          "min" : 0,
          "max" : 0,
          "mean" : 0.000000,
          "stddev" : 0.000000,
          "percentile" : {
            "1.000000" : 0,
            "5.000000" : 0,
            "10.000000" : 0,
            "20.000000" : 0,
            "30.000000" : 0,
            "40.000000" : 0,
            "50.000000" : 0,
            "60.000000" : 0,
            "70.000000" : 0,
            "80.000000" : 0,
            "90.000000" : 0,
            "95.000000" : 0,
            "99.000000" : 0,
            "99.500000" : 0,
            "99.900000" : 0,
            "99.950000" : 0,
            "99.990000" : 0
          }
        },
        "total_ios" : 0
      },
      "job_runtime" : 10000,
      "usr_cpu" : 8.480000,
      "sys_cpu" : 24.010000,
      "ctx" : 255574,
      "majf" : 0,
      "minf" : 15,
      "iodepth_level" : {
        "1" : 0.000000,
        "2" : 0.000000,
        "4" : 0.000000,
        "8" : 0.000000,
        "16" : 100.000000,
        "32" : 0.000000,
        ">=64" : 0.000000
      },
      "iodepth_submit" : {
        "0" : 0.000000,
        "4" : 100.000000,
        "8" : 0.000000,
        "16" : 0.000000,
        "32" : 0.000000,
        "64" : 0.000000,
        ">=64" : 0.000000
      },
      "iodepth_complete" : {
        "0" : 0.000000,
        "4" : 99.999612,
        "8" : 0.000000,
        "16" : 0.000000,
        "32" : 0.100000,
        "64" : 0.000000,
        ">=64" : 0.000000
      },
      "latency_ns" : {
        "2" : 0.000000,
        "4" : 0.000000,
        "10" : 0.000000,
        "20" : 0.000000,
        "50" : 0.000000,
        "100" : 0.000000,
        "250" : 0.000000,
        "500" : 0.000000,
        "750" : 0.000000,
        "1000" : 0.000000
      },
      "latency_us" : {
        "2" : 0.000000,
        "4" : 0.000000,
        "10" : 0.000000,
        "20" : 0.000000,
        "50" : 0.073292,
        "100" : 0.087641,
        "250" : 0.504516,
        "500" : 1.925381,
        "750" : 63.233943,
        "1000" : 29.562068
      },
      "latency_ms" : {
        "2" : 1.792757,
        "4" : 1.766387,
        "10" : 1.053240,
        "20" : 0.010000,
        "50" : 0.000000,
        "100" : 0.000000,
        "250" : 0.000000,
        "500" : 0.000000,
        "750" : 0.000000,
        "1000" : 0.000000,
        "2000" : 0.000000,
        ">=2000" : 0.000000
      },
      "latency_depth" : 22,
      "latency_target" : 0,
      "latency_percentile" : 100.000000,
      "latency_window" : 0,