

{
  "fio version" : "fio-3.15",
  "timestamp" : 1586543791,
  "time" : "Fri Apr 10 11:36:31 2020",
  "global options" : {
    "direct" : "1",
    "iodepth" : "22",
    "ioengine" : "libaio",
    "runtime" : "10",
    "time_based" : "1",
    "ramp_time" : "5",
    "size" : "5g",
    "numjobs" : "1",
    "rw" : "rw",
    "bs" : "128k",
    "rwmixread" : "90",
    "rwmixwrite" : "10"
  },
  "client_stats" : [
    {
      "jobname" : "rw_bw_test",
      "groupid" : 0,
      "error" : 0,
      "job options" : {
        "name" : "rw_bw_test",
        "filename" : "/dev/sdb"
      },
      "read" : {
        "io_bytes" : 2511077376,
        "io_kbytes" : 2452224,
        "bw_bytes" : 250856880,
        "bw" : 244977,
        "iops" : 1911.888112,
        "runtime" : 10010,
        "total_ios" : 19138,
        "short_ios" : 0,
        "drop_ios" : 0,
        "slat_ns" : {
          "min" : 15470,
          "max" : 52887,
          "mean" : 19976.554290,
          "stddev" : 3024.665110
        },
        "clat_ns" : {
          "min" : 10023680,
          "max" : 19804490,
          "mean" : 10526589.802380,
          "stddev" : 602030.194211,
          "percentile" : {
            "1.000000" : 10158080,
            "5.000000" : 10158080,
            "10.000000" : 10158080,
            "20.000000" : 10158080,
            "30.000000" : 10158080,
            "40.000000" : 10158080,
            "50.000000" : 10158080,
            "60.000000" : 10289152,
            "70.000000" : 10682368,
            "80.000000" : 10813440,
            "90.000000" : 11337728,
            "95.000000" : 11730944,
            "99.000000" : 12648448,
            "99.500000" : 12779520,
            "99.900000" : 13434880,
            "99.950000" : 15138816,
            "99.990000" : 19267584
          }
        },
        "lat_ns" : {
          "min" : 10056527,
          "max" : 19823900,
          "mean" : 10546881.586335,
          "stddev" : 601900.713389
        },
        "bw_min" : 240384,
        "bw_max" : 249856,
        "bw_agg" : 99.960609,
        "bw_mean" : 244880.500000,
        "bw_dev" : 2694.968147,
        "bw_samples" : 20,
        "iops_min" : 1878,
        "iops_max" : 1952,
        "iops_mean" : 1913.100000,
        "iops_stddev" : 21.071058,
        "iops_samples" : 20
      },
      "write" : {
        "io_bytes" : 280231936,
        "io_kbytes" : 273664,
        "bw_bytes" : 27995198,
        "bw" : 27339,
        "iops" : 213.486513,
        "runtime" : 10010,
        "total_ios" : 2137,
        "short_ios" : 0,
        "drop_ios" : 0,
        "slat_ns" : {
          "min" : 18810,
          "max" : 56011,
          "mean" : 21915.943847,
          "stddev" : 3180.272890
        },
        "clat_ns" : {
          "min" : 528634,
          "max" : 11801768,
          "mean" : 8495902.140318,
          "stddev" : 2252404.731937,
          "percentile" : {
            "1.000000" : 1449984,
            "5.000000" : 3751936,
            "10.000000" : 5144576,
            "20.000000" : 6520832,
            "30.000000" : 7831552,
            "40.000000" : 8716288,
            "50.000000" : 9502720,
            "60.000000" : 10158080,
            "70.000000" : 10158080,
            "80.000000" : 10158080,
            "90.000000" : 10158080,
            "95.000000" : 10289152,
            "99.000000" : 11206656,
            "99.500000" : 11468800,
            "99.900000" : 11730944,
            "99.950000" : 11862016,
            "99.990000" : 11862016
          }
        },
        "lat_ns" : {
          "min" : 550977,
          "max" : 11823708,
          "mean" : 8518149.410196,
          "stddev" : 2252257.468565
        },
        "bw_min" : 23296,
        "bw_max" : 30464,
        "bw_agg" : 100.000000,
        "bw_mean" : 27357.750000,
        "bw_dev" : 2025.113379,
        "bw_samples" : 20,
        "iops_min" : 182,
        "iops_max" : 238,
        "iops_mean" : 213.650000,
        "iops_stddev" : 15.768974,
        "iops_samples" : 20
      },
      "trim" : {
        "io_bytes" : 0,
        "io_kbytes" : 0,
        "bw_bytes" : 0,
        "bw" : 0,
        "iops" : 0.000000,
        "runtime" : 0,
        "total_ios" : 0,
        "short_ios" : 0,
        "drop_ios" : 0,
        "slat_ns" : {
          "min" : 0,
          "max" : 0,
          "mean" : 0.000000,
          "stddev" : 0.000000
        },
        "clat_ns" : {
          "min" : 0,
          "max" : 0,
          "mean" : 0.000000,
          "stddev" : 0.000000,
          "percentile" : {
            "1.000000" : 0,
            "5.000000" : 0,
            "10.000000" : 0,
            "20.000000" : 0,
            "30.000000" : 0,
            "40.000000" : 0,
            "50.000000" : 0,
            "60.000000" : 0,
            "70.000000" : 0,
            "80.000000" : 0,
            "90.000000" : 0,
            "95.000000" : 0,
            "99.000000" : 0,
            "99.500000" : 0,
            "99.900000" : 0,
            "99.950000" : 0,
            "99.990000" : 0
          }
        },
        "lat_ns" : {
          "min" : 0,
          "max" : 0,
          "mean" : 0.000000,
          "stddev" : 0.000000
        },
        "bw_min" : 0,
        "bw_max" : 0,
        "bw_agg" : 0.000000,
        "bw_mean" : 0.000000,
        "bw_dev" : 0.000000,
        "bw_samples" : 0,
        "iops_min" : 0,
        "iops_max" : 0,
        "iops_mean" : 0.000000,
        "iops_stddev" : 0.000000,
        "iops_samples" : 0
      },
      "sync" : {
        "lat_ns" : {
          "min" : 0,
          "max" : 0,
          "mean" : 0.000000,
          "stddev" : 0.000000,
          "percentile" : {
            "1.000000" : 0,
            "5.000000" : 0,
            "10.000000" : 0,
            "20.000000" : 0,
            "30.000000" : 0,
            "40.000000" : 0,
            "50.000000" : 0,
            "60.000000" : 0,
            "70.000000" : 0,
            "80.000000" : 0,
            "90.000000" : 0,
            "95.000000" : 0,
            "99.000000" : 0,
            "99.500000" : 0,
            "99.900000" : 0,
            "99.950000" : 0,
            "99.990000" : 0
          }
        },
        "total_ios" : 0
      },
      "job_runtime" : 10009,
      "usr_cpu" : 2.267959,
      "sys_cpu" : 5.724848,
      "ctx" : 21298,
      "majf" : 0,
      "minf" : 15,
      "iodepth_level" : {
        "1" : 0.000000,
        "2" : 0.000000,
        "4" : 0.000000,
        "8" : 0.000000,
        "16" : 100.000000,
        "32" : 0.000000,
        ">=64" : 0.000000
      },
      "iodepth_submit" : {
        "0" : 0.000000,
        "4" : 100.000000,
        "8" : 0.000000,
        "16" : 0.000000,
        "32" : 0.000000,
        "64" : 0.000000,
        ">=64" : 0.000000
      },
      "iodepth_complete" : {
        "0" : 0.000000,
        "4" : 99.995300,
        "8" : 0.000000,
        "16" : 0.000000,
        "32" : 0.100000,
        "64" : 0.000000,
        ">=64" : 0.000000
      },
      "latency_ns" : {
        "2" : 0.000000,
        "4" : 0.000000,
        "10" : 0.000000,
        "20" : 0.000000,
        "50" : 0.000000,
        "100" : 0.000000,
        "250" : 0.000000,
        "500" : 0.000000,
        "750" : 0.000000,
        "1000" : 0.000000
      },
      "latency_us" : {
        "2" : 0.000000,
        "4" : 0.000000,
        "10" : 0.000000,
        "20" : 0.000000,
        "50" : 0.000000,
        "100" : 0.000000,
        "250" : 0.000000,
        "500" : 0.000000,
        "750" : 0.014101,
        "1000" : 0.032902
      },
      "latency_ms" : {
        "2" : 0.141011,
        "4" : 0.376028,
        "10" : 5.099882,
        "20" : 94.434783,
        "50" : 0.000000,
        "100" : 0.000000,
        "250" : 0.000000,
        "500" : 0.000000,
        "750" : 0.000000,
        "1000" : 0.000000,
        "2000" : 0.000000,
        ">=2000" : 0.000000
      },
      "latency_depth" : 22,
      "latency_target" : 0,
      "latency_percentile" : 100.000000,