

{
  "fio version" : "fio-3.15",
  "timestamp" : 1586544913,
  "time" : "Fri Apr 10 11:55:13 2020",
  "global options" : {
    "direct" : "1",
    "iodepth" : "22",
    "ioengine" : "libaio",
    "runtime" : "10",
    "time_based" : "1",
    "ramp_time" : "5",
    "size" : "5g",
    "numjobs" : "1",
    "rw" : "rw",
    "bs" : "64k",
    "rwmixread" : "90",
    "rwmixwrite" : "10"
  },
  "client_stats" : [
    {
      "jobname" : "rw_bw_test",
      "groupid" : 0,
      "error" : 0,
      "job options" : {
        "name" : "rw_bw_test",
        "filename" : "/mnt/Crucial_CT500MX200SSD1_xfs/test.dat"
      },
      "read" : {
        "io_bytes" : 2445082624,
        "io_kbytes" : 2387776,
        "bw_bytes" : 244337226,
        "bw" : 238610,
        "iops" : 3726.391526,
        "runtime" : 10007,
        "total_ios" : 37290,
        "short_ios" : 0,
        "drop_ios" : 0,
        "slat_ns" : {
          "min" : 12987,
          "max" : 70674,
          "mean" : 17406.391365,
          "stddev" : 7814.933164
        },
        "clat_ns" : {
          "min" : 4944801,
          "max" : 11088506,
          "mean" : 5385040.753652,
          "stddev" : 614981.790654,
          "percentile" : {
            "1.000000" : 5013504,
            "5.000000" : 5079040,
            "10.000000" : 5079040,
            "20.000000" : 5079040,
            "30.000000" : 5079040,
            "40.000000" : 5144576,
            "50.000000" : 5144576,
            "60.000000" : 5144576,
            "70.000000" : 5144576,
            "80.000000" : 5406720,
            "90.000000" : 6127616,
            "95.000000" : 6979584,
            "99.000000" : 7897088,
            "99.500000" : 8093696,
            "99.900000" : 8454144,
            "99.950000" : 8716288,
            "99.990000" : 10158080
          }
        },
        "lat_ns" : {
          "min" : 4995274,
          "max" : 11102913,
          "mean" : 5402706.370876,
          "stddev" : 615361.607677
        },
        "bw_min" : 230144,
        "bw_max" : 243328,
        "bw_agg" : 100.000000,
        "bw_mean" : 238662.400000,
        "bw_dev" : 3102.021724,
        "bw_samples" : 20,
        "iops_min" : 3596,
        "iops_max" : 3802,
        "iops_mean" : 3729.100000,
        "iops_stddev" : 48.469089,
        "iops_samples" : 20
      },
      "write" : {
        "io_bytes" : 271319040,
        "io_kbytes" : 264960,
        "bw_bytes" : 27112924,
        "bw" : 26477,
        "iops" : 413.510543,
        "runtime" : 10007,
        "total_ios" : 4138,
        "short_ios" : 0,
        "drop_ios" : 0,
        "slat_ns" : {
          "min" : 18150,
          "max" : 73654,
          "mean" : 24665.579990,
          "stddev" : 8643.192923
        },
        "clat_ns" : {
          "min" : 296465,
          "max" : 10383011,
          "mean" : 4451779.293720,
          "stddev" : 1253739.599558,
          "percentile" : {
            "1.000000" : 585728,
            "5.000000" : 1335296,
            "10.000000" : 2375680,
            "20.000000" : 3588096,
            "30.000000" : 4620288,
            "40.000000" : 5079040,
            "50.000000" : 5144576,
            "60.000000" : 5144576,
            "70.000000" : 5144576,
            "80.000000" : 5210112,
            "90.000000" : 5210112,
            "95.000000" : 5210112,
            "99.000000" : 5210112,
            "99.500000" : 5472256,
            "99.900000" : 5996544,
            "99.950000" : 7831552,
            "99.990000" : 10420224
          }
        },
        "lat_ns" : {
          "min" : 344593,
          "max" : 10404265,
          "mean" : 4476746.529952,
          "stddev" : 1252333.377881
        },
        "bw_min" : 22656,
        "bw_max" : 31104,
        "bw_agg" : 99.999245,
        "bw_mean" : 26476.800000,
        "bw_dev" : 1753.216401,
        "bw_samples" : 20,
        "iops_min" : 354,
        "iops_max" : 486,
        "iops_mean" : 413.700000,
        "iops_stddev" : 27.394006,
        "iops_samples" : 20
      },
      "trim" : {
        "io_bytes" : 0,
        "io_kbytes" : 0,
        "bw_bytes" : 0,
        "bw" : 0,
        "iops" : 0.000000,
        "runtime" : 0,
        "total_ios" : 0,
        "short_ios" : 0,
        "drop_ios" : 0,
        "slat_ns" : {
          "min" : 0,
          "max" : 0,
          "mean" : 0.000000,
          "stddev" : 0.000000
        },
        "clat_ns" : {
          "min" : 0,
          "max" : 0,
          "mean" : 0.000000,
          "stddev" : 0.000000,
          "percentile" : {
            "1.000000" : 0,
            "5.000000" : 0,
            "10.000000" : 0,
            "20.000000" : 0,
            "30.000000" : 0,
            "40.000000" : 0,
            "50.000000" : 0,
            "60.000000" : 0,
            "70.000000" : 0,
            "80.000000" : 0,
            "90.000000" : 0,
            "95.000000" : 0,
            "99.000000" : 0,
            "99.500000" : 0,
            "99.900000" : 0,
            "99.950000" : 0,
            "99.990000" : 0
          }
        },
        "lat_ns" : {
          "min" : 0,
          "max" : 0,
          "mean" : 0.000000,
          "stddev" : 0.000000
        },
        "bw_min" : 0,
        "bw_max" : 0,
        "bw_agg" : 0.000000,
        "bw_mean" : 0.000000,
        "bw_dev" : 0.000000,
        "bw_samples" : 0,
        "iops_min" : 0,
        "iops_max" : 0,
        "iops_mean" : 0.000000,
        "iops_stddev" : 0.000000,
        "iops_samples" : 0
      },
      "sync" : {
        "lat_ns" : {
          "min" : 0,
          "max" : 0,
          "mean" : 0.000000,
          "stddev" : 0.000000,
          "percentile" : {
            "1.000000" : 0,
            "5.000000" : 0,
            "10.000000" : 0,
            "20.000000" : 0,
            "30.000000" : 0,
            "40.000000" : 0,
            "50.000000" : 0,
            "60.000000" : 0,
            "70.000000" : 0,
            "80.000000" : 0,
            "90.000000" : 0,
            "95.000000" : 0,
            "99.000000" : 0,
            "99.500000" : 0,
            "99.900000" : 0,
            "99.950000" : 0,
            "99.990000" : 0
          }
        },
        "total_ios" : 0
      },
      "job_runtime" : 10006,
      "usr_cpu" : 3.198081,
      "sys_cpu" : 10.043974,
      "ctx" : 41451,
      "majf" : 0,
      "minf" : 15,
      "iodepth_level" : {
        "1" : 0.000000,
        "2" : 0.000000,
        "4" : 0.000000,
        "8" : 0.000000,
        "16" : 100.000000,
        "32" : 0.000000,
        ">=64" : 0.000000
      },
      "iodepth_submit" : {
        "0" : 0.000000,
        "4" : 100.000000,
        "8" : 0.000000,
        "16" : 0.000000,
        "32" : 0.000000,
        "64" : 0.000000,
        ">=64" : 0.000000
      },
      "iodepth_complete" : {
        "0" : 0.000000,
        "4" : 99.997586,
        "8" : 0.000000,
        "16" : 0.000000,
        "32" : 0.100000,
        "64" : 0.000000,
        ">=64" : 0.000000
      },
      "latency_ns" : {
        "2" : 0.000000,
        "4" : 0.000000,
        "10" : 0.000000,
        "20" : 0.000000,
        "50" : 0.000000,
        "100" : 0.000000,
        "250" : 0.000000,
        "500" : 0.000000,
        "750" : 0.000000,
        "1000" : 0.000000
      },
      "latency_us" : {
        "2" : 0.000000,
        "4" : 0.000000,
        "10" : 0.000000,
        "20" : 0.000000,
        "50" : 0.000000,
        "100" : 0.000000,
        "250" : 0.000000,
        "500" : 0.070001,
        "750" : 0.108622,
        "1000" : 0.137588
      },
      "latency_ms" : {
        "2" : 0.499662,
        "4" : 1.542435,
        "10" : 97.680313,
        "20" : 0.012069,
        "50" : 0.000000,
        "100" : 0.000000,
        "250" : 0.000000,
        "500" : 0.000000,
        "750" : 0.000000,
        "1000" : 0.000000,
        "2000" : 0.000000,
        ">=2000" : 0.000000
      },
      "latency_depth" : 22,
      "latency_target" : 0,
      "latency_percentile" : 100.000000,