

{
  "fio version" : "fio-3.15",
  "timestamp" : 1586544116,
  "time" : "Fri Apr 10 11:41:56 2020",
  "global options" : {
    "direct" : "1",
    "iodepth" : "22",
    "ioengine" : "libaio",
    "runtime" : "10",
    "time_based" : "1",
    "ramp_time" : "5",
    "size" : "5g",
    "numjobs" : "1",
    "rw" : "write",
    "bs" : "16k",
    "rwmixread" : "90",
    "rwmixwrite" : "10"
  },
  "client_stats" : [
    {
      "jobname" : "write_bw_test",
      "groupid" : 0,
      "error" : 0,
      "job options" : {
        "name" : "write_bw_test",
        "filename" : "/mnt/Crucial_CT500MX200SSD1_ext4/test.dat"
      },
      "read" : {
        "io_bytes" : 0,
        "io_kbytes" : 0,
        "bw_bytes" : 0,
        "bw" : 0,
        "iops" : 0.000000,
        "runtime" : 0,
        "total_ios" : 0,
        "short_ios" : 0,
        "drop_ios" : 0,
        "slat_ns" : {
          "min" : 0,
          "max" : 0,
          "mean" : 0.000000,
          "stddev" : 0.000000
        },
        "clat_ns" : {
          "min" : 0,
          "max" : 0,
          "mean" : 0.000000,
          "stddev" : 0.000000,
          "percentile" : {
            "1.000000" : 0,
            "5.000000" : 0,
            "10.000000" : 0,
            "20.000000" : 0,
            "30.000000" : 0,
            "40.000000" : 0,
            "50.000000" : 0,
            "60.000000" : 0,
            "70.000000" : 0,
            "80.000000" : 0,
            "90.000000" : 0,
            "95.000000" : 0,
            "99.000000" : 0,
            "99.500000" : 0,
            "99.900000" : 0,
            "99.950000" : 0,
            "99.990000" : 0
          }
        },
        "lat_ns" : {
          "min" : 0,
          "max" : 0,
          "mean" : 0.000000,
          "stddev" : 0.000000
        },
        "bw_min" : 0,
        "bw_max" : 0,
        "bw_agg" : 0.000000,
        "bw_mean" : 0.000000,
        "bw_dev" : 0.000000,
        "bw_samples" : 0,
        "iops_min" : 0,
        "iops_max" : 0,
        "iops_mean" : 0.000000,
        "iops_stddev" : 0.000000,
        "iops_samples" : 0
      },
      "write" : {
        "io_bytes" : 2301165568,
        "io_kbytes" : 2247232,
        "bw_bytes" : 230070542,
        "bw" : 224678,
        "iops" : 14040.291942,
        "runtime" : 10002,
        "total_ios" : 140431,
        "short_ios" : 0,
        "drop_ios" : 0,
        "slat_ns" : {
          "min" : 2802,
          "max" : 61820,
          "mean" : 10982.472203,
          "stddev" : 3053.263944
        },
        "clat_ns" : {
          "min" : 215030,
          "max" : 9154968,
          "mean" : 1554402.076318,
          "stddev" : 988193.839204,
          "percentile" : {
            "1.000000" : 1400832,
            "5.000000" : 1400832,
            "10.000000" : 1400832,
            "20.000000" : 1417216,
            "30.000000" : 1417216,
            "40.000000" : 1417216,
            "50.000000" : 1417216,
            "60.000000" : 1433600,
            "70.000000" : 1433600,
            "80.000000" : 1433600,
            "90.000000" : 1449984,
            "95.000000" : 1449984,
            "99.000000" : 9109504,
            "99.500000" : 9109504,
            "99.900000" : 9109504,
            "99.950000" : 9109504,
            "99.990000" : 9109504
          }
        },
        "lat_ns" : {
          "min" : 225814,
          "max" : 9164659,
          "mean" : 1565556.981681,
          "stddev" : 988320.517053
        },
        "bw_min" : 220704,
        "bw_max" : 226688,
        "bw_agg" : 99.995327,
        "bw_mean" : 224667.500000,
        "bw_dev" : 1967.914619,
        "bw_samples" : 20,
        "iops_min" : 13794,
        "iops_max" : 14168,
        "iops_mean" : 14041.700000,
        "iops_stddev" : 123.034056,
        "iops_samples" : 20
      },
      "trim" : {
        "io_bytes" : 0,
        "io_kbytes" : 0,
        "bw_bytes" : 0,
        "bw" : 0,
        "iops" : 0.000000,
        "runtime" : 0,
        "total_ios" : 0,
        "short_ios" : 0,
        "drop_ios" : 0,
        "slat_ns" : {
          "min" : 0,
          "max" : 0,
          "mean" : 0.000000,
          "stddev" : 0.000000
        },
        "clat_ns" : {
          "min" : 0,
          "max" : 0,
          "mean" : 0.000000,
          "stddev" : 0.000000,
          "percentile" : {
            "1.000000" : 0,
            "5.000000" : 0,
            "10.000000" : 0,
            "20.000000" : 0,
            "30.000000" : 0,
            "40.000000" : 0,
            "50.000000" : 0,
            "60.000000" : 0,
            "70.000000" : 0,
            "80.000000" : 0,
            "90.000000" : 0,
            "95.000000" : 0,
            "99.000000" : 0,
            "99.500000" : 0,
            "99.900000" : 0,
            "99.950000" : 0,
            "99.990000" : 0
          }
        },
        "lat_ns" : {
          "min" : 0,
          "max" : 0,
          "mean" : 0.000000,
          "stddev" : 0.000000
        },
        "bw_min" : 0,
        "bw_max" : 0,
        "bw_agg" : 0.000000,
        "bw_mean" : 0.000000,
        "bw_dev" : 0.000000,
        "bw_samples" : 0,
        "iops_min" : 0,
        "iops_max" : 0,
        "iops_mean" : 0.000000,
        "iops_stddev" : 0.000000,
        "iops_samples" : 0
      },
      "sync" : {
        "lat_ns" : {
          "min" : 0,
          "max" : 0,
          "mean" : 0.000000,
          "stddev" : 0.000000,
          "percentile" : {
            "1.000000" : 0,
            "5.000000" : 0,
            "10.000000" : 0,
            "20.000000" : 0,
            "30.000000" : 0,
            "40.000000" : 0,
            "50.000000" : 0,
            "60.000000" : 0,
            "70.000000" : 0,
            "80.000000" : 0,
            "90.000000" : 0,
            "95.000000" : 0,
            "99.000000" : 0,
            "99.500000" : 0,
            "99.900000" : 0,
            "99.950000" : 0,
            "99.990000" : 0
          }
        },
        "total_ios" : 0
      },
      "job_runtime" : 10001,
      "usr_cpu" : 5.989401,
      "sys_cpu" : 21.627837,
      "ctx" : 140241,
      "majf" : 0,
      "minf" : 15,
      "iodepth_level" : {
        "1" : 0.000000,
        "2" : 0.000000,
        "4" : 0.000000,
        "8" : 0.000000,
        "16" : 100.000000,
        "32" : 0.000000,
        ">=64" : 0.000000
      },
      "iodepth_submit" : {
        "0" : 0.000000,
        "4" : 100.000000,
        "8" : 0.000000,
        "16" : 0.000000,
        "32" : 0.000000,
        "64" : 0.000000,
        ">=64" : 0.000000
      },
      "iodepth_complete" : {
        "0" : 0.000000,
        "4" : 99.999288,
        "8" : 0.000000,
        "16" : 0.000000,
        "32" : 0.100000,
        "64" : 0.000000,
        ">=64" : 0.000000
      },
      "latency_ns" : {
        "2" : 0.000000,
        "4" : 0.000000,
        "10" : 0.000000,
        "20" : 0.000000,
        "50" : 0.000000,
        "100" : 0.000000,
        "250" : 0.000000,
        "500" : 0.000000,
        "750" : 0.000000,
        "1000" : 0.000000
      },
      "latency_us" : {
        "2" : 0.000000,
        "4" : 0.000000,
        "10" : 0.000000,
        "20" : 0.000000,
        "50" : 0.000000,
        "100" : 0.000000,
        "250" : 0.010000,
        "500" : 0.010000,
        "750" : 0.010000,
        "1000" : 0.010000
      },
      "latency_ms" : {
        "2" : 98.206237,
        "4" : 0.081179,
        "10" : 1.701903,
        "20" : 0.000000,
        "50" : 0.000000,
        "100" : 0.000000,
        "250" : 0.000000,
        "500" : 0.000000,
        "750" : 0.000000,
        "1000" : 0.000000,
        "2000" : 0.000000,
        ">=2000" : 0.000000
      },
      "latency_depth" : 22,
      "latency_target" : 0,
      "latency_percentile" : 100.000000,
      "latency_window" : 0,
      "hostname" : "192.168.0.23",
      "port" : 8765
    }
  ],
  "disk_util" : [
    {
      "name" : "sdb",
      "read_ios" : 0,
      "write_ios" : 211089,
      "read_merges" : 0,