

{
  "fio version" : "fio-3.15",
  "timestamp" : 1586544966,
  "time" : "Fri Apr 10 11:56:06 2020",
  "global options" : {
    "direct" : "1",
    "iodepth" : "22",
    "ioengine" : "libaio",
    "runtime" : "10",
    "time_based" : "1",
    "ramp_time" : "5",
    "size" : "5g",
    "numjobs" : "1",
    "rw" : "rw",
    "bs" : "512k",
    "rwmixread" : "90",
    "rwmixwrite" : "10"
  },
  "client_stats" : [
    {
      "jobname" : "rw_bw_test",
      "groupid" : 0,
      "error" : 0,
      "job options" : {
        "name" : "rw_bw_test",
        "filename" : "/mnt/Crucial_CT500MX200SSD1_xfs/test.dat"
      },
      "read" : {
        "io_bytes" : 2563768320,
        "io_kbytes" : 2503680,
        "bw_bytes" : 255355410,
        "bw" : 249370,
        "iops" : 485.159363,
        "runtime" : 10040,
        "total_ios" : 4871,
        "short_ios" : 0,
        "drop_ios" : 0,
        "slat_ns" : {
          "min" : 51060,
          "max" : 94640,
          "mean" : 54594.279614,
          "stddev" : 4931.893916
        },
        "clat_ns" : {
          "min" : 40233152,
          "max" : 77322972,
          "mean" : 41700711.222086,
          "stddev" : 1993181.882636,
          "percentile" : {
            "1.000000" : 40108032,
            "5.000000" : 40108032,
            "10.000000" : 40108032,
            "20.000000" : 40632320,
            "30.000000" : 40632320,
            "40.000000" : 40632320,
            "50.000000" : 40632320,
            "60.000000" : 42205184,
            "70.000000" : 42205184,
            "80.000000" : 42729472,
            "90.000000" : 44302336,
            "95.000000" : 44302336,
            "99.000000" : 46399488,
            "99.500000" : 46399488,
            "99.900000" : 69730304,
            "99.950000" : 73924608,
            "99.990000" : 77070336
          }
        },
        "lat_ns" : {
          "min" : 40296393,
          "max" : 77375742,
          "mean" : 41756059.279755,
          "stddev" : 1993084.108076
        },
        "bw_min" : 237568,
        "bw_max" : 262144,
        "bw_agg" : 99.989574,
        "bw_mean" : 249344.000000,
        "bw_dev" : 6121.502671,
        "bw_samples" : 20,
        "iops_min" : 464,
        "iops_max" : 512,
        "iops_mean" : 487.000000,
        "iops_stddev" : 11.956060,
        "iops_samples" : 20
      },
      "write" : {
        "io_bytes" : 285736960,
        "io_kbytes" : 279040,
        "bw_bytes" : 28459856,
        "bw" : 27792,
        "iops" : 54.083665,
        "runtime" : 10040,
        "total_ios" : 543,
        "short_ios" : 0,
        "drop_ios" : 0,
        "slat_ns" : {
          "min" : 59593,
          "max" : 104097,
          "mean" : 69066.204420,
          "stddev" : 5191.352370
        },
        "clat_ns" : {
          "min" : 3786670,
          "max" : 51571527,
          "mean" : 31210121.339450,
          "stddev" : 9267055.696666,
          "percentile" : {
            "1.000000" : 7372800,
            "5.000000" : 11206656,
            "10.000000" : 18481152,
            "20.000000" : 23986176,
            "30.000000" : 27656192,
            "40.000000" : 31326208,
            "50.000000" : 33423360,
            "60.000000" : 35389440,
            "70.000000" : 38535168,
            "80.000000" : 40632320,
            "90.000000" : 40632320,
            "95.000000" : 40632320,
            "99.000000" : 41680896,
            "99.500000" : 41680896,
            "99.900000" : 51642368,
            "99.950000" : 51642368,
            "99.990000" : 51642368
          }
        },
        "lat_ns" : {
          "min" : 3855671,
          "max" : 51640467,
          "mean" : 31279964.007339,
          "stddev" : 9267346.700524
        },
        "bw_min" : 16384,
        "bw_max" : 38912,
        "bw_agg" : 100.000000,
        "bw_mean" : 27801.600000,
        "bw_dev" : 5640.812245,
        "bw_samples" : 20,
        "iops_min" : 32,
        "iops_max" : 76,
        "iops_mean" : 54.300000,
        "iops_stddev" : 11.017211,
        "iops_samples" : 20
      },
      "trim" : {
        "io_bytes" : 0,
        "io_kbytes" : 0,
        "bw_bytes" : 0,
        "bw" : 0,
        "iops" : 0.000000,
        "runtime" : 0,
        "total_ios" : 0,
        "short_ios" : 0,
        "drop_ios" : 0,
        "slat_ns" : {
          "min" : 0,
          "max" : 0,
          "mean" : 0.000000,
          "stddev" : 0.000000
        },
        "clat_ns" : {
          "min" : 0,
          "max" : 0,
          "mean" : 0.000000,
          "stddev" : 0.000000,
          "percentile" : {
            "1.000000" : 0,
            "5.000000" : 0,
            "10.000000" : 0,
            "20.000000" : 0,
            "30.000000" : 0,
            "40.000000" : 0,
            "50.000000" : 0,
            "60.000000" : 0,
            "70.000000" : 0,
            "80.000000" : 0,
            "90.000000" : 0,
            "95.000000" : 0,
            "99.000000" : 0,
            "99.500000" : 0,
            "99.900000" : 0,
            "99.950000" : 0,
            "99.990000" : 0
          }
        },
        "lat_ns" : {
          "min" : 0,
          "max" : 0,
          "mean" : 0.000000,
          "stddev" : 0.000000
        },
        "bw_min" : 0,
        "bw_max" : 0,
        "bw_agg" : 0.000000,
        "bw_mean" : 0.000000,
        "bw_dev" : 0.000000,
        "bw_samples" : 0,
        "iops_min" : 0,
        "iops_max" : 0,
        "iops_mean" : 0.000000,
        "iops_stddev" : 0.000000,
        "iops_samples" : 0
      },
      "sync" : {
        "lat_ns" : {
          "min" : 0,
          "max" : 0,
          "mean" : 0.000000,
          "stddev" : 0.000000,
          "percentile" : {
            "1.000000" : 0,
            "5.000000" : 0,
            "10.000000" : 0,
            "20.000000" : 0,
            "30.000000" : 0,
            "40.000000" : 0,
            "50.000000" : 0,
            "60.000000" : 0,
            "70.000000" : 0,
            "80.000000" : 0,
            "90.000000" : 0,
            "95.000000" : 0,
            "99.000000" : 0,
            "99.500000" : 0,
            "99.900000" : 0,
            "99.950000" : 0,
            "99.990000" : 0
          }
        },
        "total_ios" : 0
      },
      "job_runtime" : 10039,
      "usr_cpu" : 0.717203,
      "sys_cpu" : 3.854966,
      "ctx" : 5436,
      "majf" : 0,
      "minf" : 16,
      "iodepth_level" : {
        "1" : 0.000000,
        "2" : 0.000000,
        "4" : 0.000000,
        "8" : 0.000000,
        "16" : 100.000000,
        "32" : 0.000000,
        ">=64" : 0.000000
      },
      "iodepth_submit" : {
        "0" : 0.000000,
        "4" : 100.000000,
        "8" : 0.000000,
        "16" : 0.000000,
        "32" : 0.000000,
        "64" : 0.000000,
        ">=64" : 0.000000
      },
      "iodepth_complete" : {
        "0" : 0.000000,
        "4" : 99.981533,
        "8" : 0.000000,
        "16" : 0.000000,
        "32" : 0.100000,
        "64" : 0.000000,
        ">=64" : 0.000000
      },
      "latency_ns" : {
        "2" : 0.000000,
        "4" : 0.000000,
        "10" : 0.000000,
        "20" : 0.000000,
        "50" : 0.000000,
        "100" : 0.000000,
        "250" : 0.000000,
        "500" : 0.000000,
        "750" : 0.000000,
        "1000" : 0.000000
      },
      "latency_us" : {
        "2" : 0.000000,
        "4" : 0.000000,
        "10" : 0.000000,
        "20" : 0.000000,
        "50" : 0.000000,
        "100" : 0.000000,
        "250" : 0.000000,
        "500" : 0.000000,
        "750" : 0.000000,
        "1000" : 0.000000
      },
      "latency_ms" : {
        "2" : 0.000000,
        "4" : 0.018471,
        "10" : 0.369413,
        "20" : 0.886590,
        "50" : 98.836350,
        "100" : 0.277059,
        "250" : 0.000000,
        "500" : 0.000000,
        "750" : 0.000000,
        "1000" : 0.000000,
        "2000" : 0.000000,
        ">=2000" : 0.000000
      },
      "latency_depth" : 22,
      "latency_target" : 0,