

{
  "fio version" : "fio-3.15",
  "timestamp" : 1586543755,
  "time" : "Fri Apr 10 11:35:55 2020",
  "global options" : {
    "direct" : "1",
    "iodepth" : "22",
    "ioengine" : "libaio",
    "runtime" : "10",
    "time_based" : "1",
    "ramp_time" : "5",
    "size" : "5g",
    "numjobs" : "1",
    "rw" : "rw",
    "bs" : "32k",
    "rwmixread" : "90",
    "rwmixwrite" : "10"
  },
  "client_stats" : [
    {
      "jobname" : "rw_bw_test",
      "groupid" : 0,
      "error" : 0,
      "job options" : {
        "name" : "rw_bw_test",
        "filename" : "/dev/sdb"
      },
      "read" : {
        "io_bytes" : 2363064320,
        "io_kbytes" : 2307680,
        "bw_bytes" : 236235561,
        "bw" : 230698,
        "iops" : 7207.537739,
        "runtime" : 10003,
        "total_ios" : 72097,
        "short_ios" : 0,
        "drop_ios" : 0,
        "slat_ns" : {
          "min" : 8995,
          "max" : 55064,
          "mean" : 11190.477648,
          "stddev" : 874.610205
        },
        "clat_ns" : {
          "min" : 2503185,
          "max" : 6212519,
          "mean" : 2790552.120349,
          "stddev" : 539857.660720,
          "percentile" : {
            "1.000000" : 2572288,
            "5.000000" : 2572288,
            "10.000000" : 2605056,
            "20.000000" : 2605056,
            "30.000000" : 2605056,
            "40.000000" : 2605056,
            "50.000000" : 2605056,
            "60.000000" : 2605056,
            "70.000000" : 2637824,
            "80.000000" : 2736128,
            "90.000000" : 2932736,
            "95.000000" : 4292608,
            "99.000000" : 5341184,
            "99.500000" : 5537792,
            "99.900000" : 5865472,
            "99.950000" : 6062080,
            "99.990000" : 6127616
          }
        },
        "lat_ns" : {
          "min" : 2532095,
          "max" : 6223729,
          "mean" : 2802058.306316,
          "stddev" : 539859.061011
        },
        "bw_min" : 227904,
        "bw_max" : 234176,
        "bw_agg" : 99.992653,
        "bw_mean" : 230681.050000,
        "bw_dev" : 2057.862598,
        "bw_samples" : 20,
        "iops_min" : 7122,
        "iops_max" : 7318,
        "iops_mean" : 7208.750000,
        "iops_stddev" : 64.451430,
        "iops_samples" : 20
      },
      "write" : {
        "io_bytes" : 259031040,
        "io_kbytes" : 252960,
        "bw_bytes" : 25895335,
        "bw" : 25288,
        "iops" : 789.963011,
        "runtime" : 10003,
        "total_ios" : 7902,
        "short_ios" : 0,
        "drop_ios" : 0,
        "slat_ns" : {
          "min" : 10084,
          "max" : 35791,
          "mean" : 12378.660592,
          "stddev" : 1065.410834
        },
        "clat_ns" : {
          "min" : 139845,
          "max" : 3326993,
          "mean" : 2250884.637445,
          "stddev" : 633955.567193,
          "percentile" : {
            "1.000000" : 252928,
            "5.000000" : 643072,
            "10.000000" : 1105920,
            "20.000000" : 1925120,
            "30.000000" : 2473984,
            "40.000000" : 2506752,
            "50.000000" : 2605056,
            "60.000000" : 2605056,
            "70.000000" : 2605056,
            "80.000000" : 2605056,
            "90.000000" : 2605056,
            "95.000000" : 2637824,
            "99.000000" : 2637824,
            "99.500000" : 2637824,
            "99.900000" : 2637824,
            "99.950000" : 2703360,
            "99.990000" : 3325952
          }
        },
        "lat_ns" : {
          "min" : 151988,
          "max" : 3339960,
          "mean" : 2263587.898039,
          "stddev" : 633891.463794
        },
        "bw_min" : 23552,
        "bw_max" : 26752,
        "bw_agg" : 100.000000,
        "bw_mean" : 25290.250000,
        "bw_dev" : 974.078883,
        "bw_samples" : 20,
        "iops_min" : 736,
        "iops_max" : 836,
        "iops_mean" : 790.300000,
        "iops_stddev" : 30.444254,
        "iops_samples" : 20
      },
      "trim" : {
        "io_bytes" : 0,
        "io_kbytes" : 0,
        "bw_bytes" : 0,
        "bw" : 0,
        "iops" : 0.000000,
        "runtime" : 0,
        "total_ios" : 0,
        "short_ios" : 0,
        "drop_ios" : 0,
        "slat_ns" : {
          "min" : 0,
          "max" : 0,
          "mean" : 0.000000,
          "stddev" : 0.000000
        },
        "clat_ns" : {
          "min" : 0,
          "max" : 0,
          "mean" : 0.000000,
          "stddev" : 0.000000,
          "percentile" : {
            "1.000000" : 0,
            "5.000000" : 0,
            "10.000000" : 0,
            "20.000000" : 0,
            "30.000000" : 0,
            "40.000000" : 0,
            "50.000000" : 0,
            "60.000000" : 0,
            "70.000000" : 0,
            "80.000000" : 0,
            "90.000000" : 0,
            "95.000000" : 0,
            "99.000000" : 0,
            "99.500000" : 0,
            "99.900000" : 0,
            "99.950000" : 0,
            "99.990000" : 0
          }
        },
        "lat_ns" : {
          "min" : 0,
          "max" : 0,
          "mean" : 0.000000,
          "stddev" : 0.000000
        },
        "bw_min" : 0,
        "bw_max" : 0,
        "bw_agg" : 0.000000,
        "bw_mean" : 0.000000,
        "bw_dev" : 0.000000,
        "bw_samples" : 0,
        "iops_min" : 0,
        "iops_max" : 0,
        "iops_mean" : 0.000000,
        "iops_stddev" : 0.000000,
        "iops_samples" : 0
      },
      "sync" : {
        "lat_ns" : {
          "min" : 0,
          "max" : 0,
          "mean" : 0.000000,
          "stddev" : 0.000000,
          "percentile" : {
            "1.000000" : 0,
            "5.000000" : 0,
            "10.000000" : 0,
            "20.000000" : 0,
            "30.000000" : 0,
            "40.000000" : 0,
            "50.000000" : 0,
            "60.000000" : 0,
            "70.000000" : 0,
            "80.000000" : 0,
            "90.000000" : 0,
            "95.000000" : 0,
            "99.000000" : 0,
            "99.500000" : 0,
            "99.900000" : 0,
            "99.950000" : 0,
            "99.990000" : 0
          }
        },
        "total_ios" : 0
      },
      "job_runtime" : 10002,
      "usr_cpu" : 5.028994,
      "sys_cpu" : 12.607479,
      "ctx" : 80022,
      "majf" : 0,
      "minf" : 15,
      "iodepth_level" : {
        "1" : 0.000000,
        "2" : 0.000000,
        "4" : 0.000000,
        "8" : 0.000000,
        "16" : 100.000000,
        "32" : 0.000000,
        ">=64" : 0.000000
      },
      "iodepth_submit" : {
        "0" : 0.000000,
        "4" : 100.000000,
        "8" : 0.000000,
        "16" : 0.000000,
        "32" : 0.000000,
        "64" : 0.000000,
        ">=64" : 0.000000
      },
      "iodepth_complete" : {
        "0" : 0.000000,
        "4" : 99.998750,
        "8" : 0.000000,
        "16" : 0.000000,
        "32" : 0.100000,
        "64" : 0.000000,
        ">=64" : 0.000000
      },
      "latency_ns" : {
        "2" : 0.000000,
        "4" : 0.000000,
        "10" : 0.000000,
        "20" : 0.000000,
        "50" : 0.000000,
        "100" : 0.000000,
        "250" : 0.000000,
        "500" : 0.000000,
        "750" : 0.000000,
        "1000" : 0.000000
      },
      "latency_us" : {
        "2" : 0.000000,
        "4" : 0.000000,
        "10" : 0.000000,
        "20" : 0.000000,
        "50" : 0.000000,
        "100" : 0.000000,
        "250" : 0.098751,
        "500" : 0.200003,
        "750" : 0.326254,
        "1000" : 0.273753
      },
      "latency_ms" : {
        "2" : 1.130014,
        "4" : 92.763660,
        "10" : 5.233815,
        "20" : 0.000000,
        "50" : 0.000000,
        "100" : 0.000000,
        "250" : 0.000000,
        "500" : 0.000000,
        "750" : 0.000000,
        "1000" : 0.000000,
        "2000" : 0.000000,
        ">=2000" : 0.000000
      },
      "latency_depth" : 22,
      "latency_target" : 0,
      "latency_percentile" : 100.000000,
      "latency_window" : 0,