

{
  "fio version" : "fio-3.15",
  "timestamp" : 1586544335,
  "time" : "Fri Apr 10 11:45:35 2020",
  "global options" : {
    "direct" : "1",
    "iodepth" : "22",
    "ioengine" : "libaio",
    "runtime" : "10",
    "time_based" : "1",
    "ramp_time" : "5",
    "size" : "5g",
    "numjobs" : "1",
    "rw" : "rw",
    "bs" : "32k",
    "rwmixread" : "90",
    "rwmixwrite" : "10"
  },
  "client_stats" : [
    {
      "jobname" : "rw_bw_test",
      "groupid" : 0,
      "error" : 0,
      "job options" : {
        "name" : "rw_bw_test",
        "filename" : "/mnt/Crucial_CT500MX200SSD1_ext4/test.dat"
      },
      "read" : {
        "io_bytes" : 2150825984,
        "io_kbytes" : 2100416,
        "bw_bytes" : 215018092,
        "bw" : 209978,
        "iops" : 6559.732080,
        "runtime" : 10003,
        "total_ios" : 65617,
        "short_ios" : 0,
        "drop_ios" : 0,
        "slat_ns" : {
          "min" : 3626,
          "max" : 908110,
          "mean" : 11879.299781,
          "stddev" : 4540.033302
        },
        "clat_ns" : {
          "min" : 324981,
          "max" : 14206095,
          "mean" : 3064485.723479,
          "stddev" : 1457365.721396,
          "percentile" : {
            "1.000000" : 2572288,
            "5.000000" : 2572288,
            "10.000000" : 2605056,
            "20.000000" : 2605056,
            "30.000000" : 2605056,
            "40.000000" : 2605056,
            "50.000000" : 2605056,
            "60.000000" : 2637824,
            "70.000000" : 2670592,
            "80.000000" : 2768896,
            "90.000000" : 3883008,
            "95.000000" : 5341184,
            "99.000000" : 10551296,
            "99.500000" : 10944512,
            "99.900000" : 11730944,
            "99.950000" : 12386304,
            "99.990000" : 13697024
          }
        },
        "lat_ns" : {
          "min" : 342628,
          "max" : 14219488,
          "mean" : 3076545.079696,
          "stddev" : 1457816.983854
        },
        "bw_min" : 204032,
        "bw_max" : 214528,
        "bw_agg" : 99.998286,
        "bw_mean" : 209974.400000,
        "bw_dev" : 2996.638791,
        "bw_samples" : 20,
        "iops_min" : 6376,
        "iops_max" : 6704,
        "iops_mean" : 6561.700000,
        "iops_stddev" : 93.644962,
        "iops_samples" : 20
      },
      "write" : {
        "io_bytes" : 236716032,
        "io_kbytes" : 231168,
        "bw_bytes" : 23664503,
        "bw" : 23109,
        "iops" : 722.083375,
        "runtime" : 10003,
        "total_ios" : 7223,
        "short_ios" : 0,
        "drop_ios" : 0,
        "slat_ns" : {
          "min" : 5490,
          "max" : 2073791,
          "mean" : 15021.344594,
          "stddev" : 24477.932689
        },
        "clat_ns" : {
          "min" : 136059,
          "max" : 10762218,
          "mean" : 2484985.349114,
          "stddev" : 1490188.679427,
          "percentile" : {
            "1.000000" : 175104,
            "5.000000" : 610304,
            "10.000000" : 1089536,
            "20.000000" : 1908736,
            "30.000000" : 2473984,
            "40.000000" : 2506752,
            "50.000000" : 2605056,
            "60.000000" : 2605056,
            "70.000000" : 2605056,
            "80.000000" : 2605056,
            "90.000000" : 2637824,
            "95.000000" : 2637824,
            "99.000000" : 10158080,
            "99.500000" : 10289152,
            "99.900000" : 10420224,
            "99.950000" : 10420224,
            "99.990000" : 10813440
          }
        },
        "lat_ns" : {
          "min" : 145475,
          "max" : 10777035,
          "mean" : 2500213.446844,
          "stddev" : 1490512.164995
        },
        "bw_min" : 20992,
        "bw_max" : 24896,
        "bw_agg" : 100.000000,
        "bw_mean" : 23113.600000,
        "bw_dev" : 1158.396278,
        "bw_samples" : 20,
        "iops_min" : 656,
        "iops_max" : 778,
        "iops_mean" : 722.300000,
        "iops_stddev" : 36.199884,
        "iops_samples" : 20
      },
      "trim" : {
        "io_bytes" : 0,
        "io_kbytes" : 0,
        "bw_bytes" : 0,
        "bw" : 0,
        "iops" : 0.000000,
        "runtime" : 0,
        "total_ios" : 0,
        "short_ios" : 0,
        "drop_ios" : 0,
        "slat_ns" : {
          "min" : 0,
          "max" : 0,
          "mean" : 0.000000,
          "stddev" : 0.000000
        },
        "clat_ns" : {
          "min" : 0,
          "max" : 0,
          "mean" : 0.000000,
          "stddev" : 0.000000,
          "percentile" : {
            "1.000000" : 0,
            "5.000000" : 0,
            "10.000000" : 0,
            "20.000000" : 0,
            "30.000000" : 0,
            "40.000000" : 0,
            "50.000000" : 0,
            "60.000000" : 0,
            "70.000000" : 0,
            "80.000000" : 0,
            "90.000000" : 0,
            "95.000000" : 0,
            "99.000000" : 0,
            "99.500000" : 0,
            "99.900000" : 0,
            "99.950000" : 0,
            "99.990000" : 0
          }
        },
        "lat_ns" : {
          "min" : 0,
          "max" : 0,
          "mean" : 0.000000,
          "stddev" : 0.000000
        },
        "bw_min" : 0,
        "bw_max" : 0,
        "bw_agg" : 0.000000,
        "bw_mean" : 0.000000,
        "bw_dev" : 0.000000,
        "bw_samples" : 0,
        "iops_min" : 0,
        "iops_max" : 0,
        "iops_mean" : 0.000000,
        "iops_stddev" : 0.000000,
        "iops_samples" : 0
      },
      "sync" : {
        "lat_ns" : {
          "min" : 0,
          "max" : 0,
          "mean" : 0.000000,
          "stddev" : 0.000000,
          "percentile" : {
            "1.000000" : 0,
            "5.000000" : 0,
            "10.000000" : 0,
            "20.000000" : 0,
            "30.000000" : 0,
            "40.000000" : 0,
            "50.000000" : 0,
            "60.000000" : 0,
            "70.000000" : 0,
            "80.000000" : 0,
            "90.000000" : 0,
            "95.000000" : 0,
            "99.000000" : 0,
            "99.500000" : 0,
            "99.900000" : 0,
            "99.950000" : 0,
            "99.990000" : 0
          }
        },
        "total_ios" : 0
      },
      "job_runtime" : 10002,
      "usr_cpu" : 3.519296,
      "sys_cpu" : 12.417516,
      "ctx" : 72765,
      "majf" : 0,
      "minf" : 15,
      "iodepth_level" : {
        "1" : 0.000000,
        "2" : 0.000000,
        "4" : 0.000000,
        "8" : 0.000000,
        "16" : 100.000000,
        "32" : 0.000000,
        ">=64" : 0.000000
      },
      "iodepth_submit" : {
        "0" : 0.000000,
        "4" : 100.000000,
        "8" : 0.000000,
        "16" : 0.000000,
        "32" : 0.000000,
        "64" : 0.000000,
        ">=64" : 0.000000
      },
      "iodepth_complete" : {
        "0" : 0.000000,
        "4" : 99.998627,
        "8" : 0.000000,
        "16" : 0.000000,
        "32" : 0.100000,
        "64" : 0.000000,
        ">=64" : 0.000000
      },
      "latency_ns" : {
        "2" : 0.000000,
        "4" : 0.000000,
        "10" : 0.000000,
        "20" : 0.000000,
        "50" : 0.000000,
        "100" : 0.000000,
        "250" : 0.000000,
        "500" : 0.000000,
        "750" : 0.000000,
        "1000" : 0.000000
      },
      "latency_us" : {
        "2" : 0.000000,
        "4" : 0.000000,
        "10" : 0.000000,
        "20" : 0.000000,
        "50" : 0.000000,
        "100" : 0.000000,
        "250" : 0.115321,
        "500" : 0.225151,
        "750" : 0.319879,
        "1000" : 0.293795
      },
      "latency_ms" : {
        "2" : 1.169687,
        "4" : 88.805601,
        "10" : 6.549973,
        "20" : 2.549423,
        "50" : 0.000000,
        "100" : 0.000000,
        "250" : 0.000000,
        "500" : 0.000000,
        "750" : 0.000000,
        "1000" : 0.000000,
        "2000" : 0.000000,
        ">=2000" : 0.000000
      },
      "latency_depth" : 22,
      "latency_target" : 0,
      "latency_percentile" : 100.000000,