

{
  "fio version" : "fio-3.15",
  "timestamp" : 1586543719,
  "time" : "Fri Apr 10 11:35:19 2020",
  "global options" : {
    "direct" : "1",
    "iodepth" : "22",
    "ioengine" : "libaio",
    "runtime" : "10",
    "time_based" : "1",
    "ramp_time" : "5",
    "size" : "5g",
    "numjobs" : "1",
    "rw" : "rw",
    "bs" : "8k",
    "rwmixread" : "90",
    "rwmixwrite" : "10"
  },
  "client_stats" : [
    {
      "jobname" : "rw_bw_test",
      "groupid" : 0,
      "error" : 0,
      "job options" : {
        "name" : "rw_bw_test",
        "filename" : "/dev/sdb"
      },
      "read" : {
        "io_bytes" : 2077999104,
        "io_kbytes" : 2029296,
        "bw_bytes" : 207779132,
        "bw" : 202909,
        "iops" : 25361.763824,
        "runtime" : 10001,
        "total_ios" : 253643,
        "short_ios" : 0,
        "drop_ios" : 0,
        "slat_ns" : {
          "min" : 3760,
          "max" : 61207,
          "mean" : 5782.884846,
          "stddev" : 668.455862
        },
        "clat_ns" : {
          "min" : 436947,
          "max" : 4471539,
          "mean" : 795511.001865,
          "stddev" : 332815.036215,
          "percentile" : {
            "1.000000" : 667648,
            "5.000000" : 708608,
            "10.000000" : 708608,
            "20.000000" : 716800,
            "30.000000" : 716800,
            "40.000000" : 716800,
            "50.000000" : 733184,
            "60.000000" : 749568,
            "70.000000" : 765952,
            "80.000000" : 790528,
            "90.000000" : 823296,
            "95.000000" : 872448,
            "99.000000" : 2998272,
            "99.500000" : 3457024,
            "99.900000" : 3948544,
            "99.950000" : 4079616,
            "99.990000" : 4227072
          }
        },
        "lat_ns" : {
          "min" : 443298,
          "max" : 4477436,
          "mean" : 801400.195236,
          "stddev" : 332803.108510
        },
        "bw_min" : 201248,
        "bw_max" : 204240,
        "bw_agg" : 99.971442,
        "bw_mean" : 202851.052632,
        "bw_dev" : 855.617352,
        "bw_samples" : 19,
        "iops_min" : 25156,
        "iops_max" : 25530,
        "iops_mean" : 25356.368421,
        "iops_stddev" : 106.957526,
        "iops_samples" : 19
      },
      "write" : {
        "io_bytes" : 233218048,
        "io_kbytes" : 227752,
        "bw_bytes" : 23319472,
        "bw" : 22772,
        "iops" : 2846.415358,
        "runtime" : 10001,
        "total_ios" : 28467,
        "short_ios" : 0,
        "drop_ios" : 0,
        "slat_ns" : {
          "min" : 4443,
          "max" : 36878,
          "mean" : 6173.550954,
          "stddev" : 741.867522
        },
        "clat_ns" : {
          "min" : 39983,
          "max" : 1225167,
          "mean" : 573932.968211,
          "stddev" : 151401.923105,
          "percentile" : {
            "1.000000" : 82432,
            "5.000000" : 214016,
            "10.000000" : 325632,
            "20.000000" : 477184,
            "30.000000" : 585728,
            "40.000000" : 618496,
            "50.000000" : 643072,
            "60.000000" : 651264,
            "70.000000" : 659456,
            "80.000000" : 675840,
            "90.000000" : 684032,
            "95.000000" : 700416,
            "99.000000" : 716800,
            "99.500000" : 724992,
            "99.900000" : 741376,
            "99.950000" : 749568,
            "99.990000" : 864256
          }
        },
        "lat_ns" : {
          "min" : 51419,
          "max" : 1230447,
          "mean" : 580223.705258,
          "stddev" : 151365.514736
        },
        "bw_min" : 21840,
        "bw_max" : 23568,
        "bw_agg" : 100.000000,
        "bw_mean" : 22779.842105,
        "bw_dev" : 430.046543,
        "bw_samples" : 19,
        "iops_min" : 2730,
        "iops_max" : 2946,
        "iops_mean" : 2847.473684,
        "iops_stddev" : 53.747732,
        "iops_samples" : 19
      },
      "trim" : {
        "io_bytes" : 0,
        "io_kbytes" : 0,
        "bw_bytes" : 0,
        "bw" : 0,
        "iops" : 0.000000,
        "runtime" : 0,
        "total_ios" : 0,
        "short_ios" : 0,
        "drop_ios" : 0,
        "slat_ns" : {
          "min" : 0,
          "max" : 0,
          "mean" : 0.000000,
          "stddev" : 0.000000
        },
        "clat_ns" : {
          "min" : 0,
          "max" : 0,
          "mean" : 0.000000,
          "stddev" : 0.000000,
          "percentile" : {
            "1.000000" : 0,
            "5.000000" : 0,
            "10.000000" : 0,
            "20.000000" : 0,
            "30.000000" : 0,
            "40.000000" : 0,
            "50.000000" : 0,
            "60.000000" : 0,
            "70.000000" : 0,
            "80.000000" : 0,
            "90.000000" : 0,
            "95.000000" : 0,
            "99.000000" : 0,
            "99.500000" : 0,
            "99.900000" : 0,
            "99.950000" : 0,
            "99.990000" : 0
          }
        },
        "lat_ns" : {
          "min" : 0,
          "max" : 0,
          "mean" : 0.000000,
          "stddev" : 0.000000
        },
        "bw_min" : 0,
        "bw_max" : 0,
        "bw_agg" : 0.000000,
        "bw_mean" : 0.000000,
        "bw_dev" : 0.000000,
        "bw_samples" : 0,
        "iops_min" : 0,
        "iops_max" : 0,
        "iops_mean" : 0.000000,
        "iops_stddev" : 0.000000,
        "iops_samples" : 0
      },
      "sync" : {
        "lat_ns" : {
          "min" : 0,
          "max" : 0,
          "mean" : 0.000000,
          "stddev" : 0.000000,
          "percentile" : {
            "1.000000" : 0,
            "5.000000" : 0,
            "10.000000" : 0,
            "20.000000" : 0,
            "30.000000" : 0,
            "40.000000" : 0,
            "50.000000" : 0,
            "60.000000" : 0,
            "70.000000" : 0,
            "80.000000" : 0,
            "90.000000" : 0,
            "95.000000" : 0,
            "99.000000" : 0,
            "99.500000" : 0,
            "99.900000" : 0,
            "99.950000" : 0,
            "99.990000" : 0
          }
        },
        "total_ios" : 0
      },
      "job_runtime" : 10000,
      "usr_cpu" : 9.170000,
      "sys_cpu" : 23.800000,
      "ctx" : 281978,
      "majf" : 0,
      "minf" : 15,
      "iodepth_level" : {
        "1" : 0.000000,
        "2" : 0.000000,
        "4" : 0.000000,
        "8" : 0.000000,
        "16" : 100.000000,
        "32" : 0.000000,
        ">=64" : 0.000000
      },
      "iodepth_submit" : {
        "0" : 0.000000,
        "4" : 100.000000,
        "8" : 0.000000,
        "16" : 0.000000,
        "32" : 0.000000,
        "64" : 0.000000,
        ">=64" : 0.000000
      },
      "iodepth_complete" : {
        "0" : 0.000000,
        "4" : 99.999646,
        "8" : 0.000000,
        "16" : 0.000000,
        "32" : 0.100000,
        "64" : 0.000000,
        ">=64" : 0.000000
      },
      "latency_ns" : {
        "2" : 0.000000,
        "4" : 0.000000,
        "10" : 0.000000,
        "20" : 0.000000,
        "50" : 0.000000,
        "100" : 0.000000,
        "250" : 0.000000,
        "500" : 0.000000,
        "750" : 0.000000,
        "1000" : 0.000000
      },
      "latency_us" : {
        "2" : 0.000000,
        "4" : 0.000000,
        "10" : 0.000000,
        "20" : 0.000000,
        "50" : 0.066641,
        "100" : 0.076211,
        "250" : 0.493070,
        "500" : 1.691893,
        "750" : 63.449009,
        "1000" : 31.439155
      },
      "latency_ms" : {
        "2" : 1.055617,
        "4" : 1.657155,
        "10" : 0.078693,
        "20" : 0.000000,
        "50" : 0.000000,
        "100" : 0.000000,
        "250" : 0.000000,
        "500" : 0.000000,
        "750" : 0.000000,
        "1000" : 0.000000,
        "2000" : 0.000000,
        ">=2000" : 0.000000
      },
      "latency_depth" : 22,
      "latency_target" : 0,
      "latency_percentile" : 100.000000,
      "latency_window" : 0,
      "hostname" : "192.168.0.23",