

{
  "fio version" : "fio-3.15",
  "timestamp" : 1586544389,
  "time" : "Fri Apr 10 11:46:29 2020",
  "global options" : {
    "direct" : "1",
    "iodepth" : "22",
    "ioengine" : "libaio",
    "runtime" : "10",
    "time_based" : "1",
    "ramp_time" : "5",
    "size" : "5g",
    "numjobs" : "1",
    "rw" : "rw",
    "bs" : "256k",
    "rwmixread" : "90",
    "rwmixwrite" : "10"
  },
  "client_stats" : [
    {
      "jobname" : "rw_bw_test",
      "groupid" : 0,
      "error" : 0,
      "job options" : {
        "name" : "rw_bw_test",
        "filename" : "/mnt/Crucial_CT500MX200SSD1_ext4/test.dat"
      },
      "read" : {
        "io_bytes" : 2368471040,
        "io_kbytes" : 2312960,
        "bw_bytes" : 236256462,
        "bw" : 230719,
        "iops" : 899.351621,
        "runtime" : 10025,
        "total_ios" : 9016,
        "short_ios" : 0,
        "drop_ios" : 0,
        "slat_ns" : {
          "min" : 9374,
          "max" : 13880976,
          "mean" : 47973.330967,
          "stddev" : 145967.707422
        },
        "clat_ns" : {
          "min" : 11926585,
          "max" : 46574038,
          "mean" : 22452385.044826,
          "stddev" : 3247651.267247,
          "percentile" : {
            "1.000000" : 19267584,
            "5.000000" : 20054016,
            "10.000000" : 20316160,
            "20.000000" : 20316160,
            "30.000000" : 20316160,
            "40.000000" : 20316160,
            "50.000000" : 21102592,
            "60.000000" : 21364736,
            "70.000000" : 22151168,
            "80.000000" : 25296896,
            "90.000000" : 28442624,
            "95.000000" : 29229056,
            "99.000000" : 30801920,
            "99.500000" : 31850496,
            "99.900000" : 35389440,
            "99.950000" : 42729472,
            "99.990000" : 46399488
          }
        },
        "lat_ns" : {
          "min" : 11957349,
          "max" : 46623965,
          "mean" : 22501106.352850,
          "stddev" : 3242754.459074
        },
        "bw_min" : 221696,
        "bw_max" : 238626,
        "bw_agg" : 100.000000,
        "bw_mean" : 230762.200000,
        "bw_dev" : 4387.818971,
        "bw_samples" : 20,
        "iops_min" : 866,
        "iops_max" : 932,
        "iops_mean" : 901.400000,
        "iops_stddev" : 17.120010,
        "iops_samples" : 20
      },
      "write" : {
        "io_bytes" : 259260416,
        "io_kbytes" : 253184,
        "bw_bytes" : 25861388,
        "bw" : 25255,
        "iops" : 98.453865,
        "runtime" : 10025,
        "total_ios" : 987,
        "short_ios" : 0,
        "drop_ios" : 0,
        "slat_ns" : {
          "min" : 22760,
          "max" : 6525712,
          "mean" : 62383.482270,
          "stddev" : 206101.765821
        },
        "clat_ns" : {
          "min" : 2799276,
          "max" : 82311793,
          "mean" : 17517847.335693,
          "stddev" : 6733099.443776,
          "percentile" : {
            "1.000000" : 4177920,
            "5.000000" : 7372800,
            "10.000000" : 9240576,
            "20.000000" : 11993088,
            "30.000000" : 14745600,
            "40.000000" : 16580608,
            "50.000000" : 18481152,
            "60.000000" : 19267584,
            "70.000000" : 20316160,
            "80.000000" : 20316160,
            "90.000000" : 25296896,
            "95.000000" : 27918336,
            "99.000000" : 32112640,
            "99.500000" : 34340864,
            "99.900000" : 82313216,
            "99.950000" : 82313216,
            "99.990000" : 82313216
          }
        },
        "lat_ns" : {
          "min" : 2860243,
          "max" : 82347486,
          "mean" : 17580959.265925,
          "stddev" : 6721777.702747
        },
        "bw_min" : 17408,
        "bw_max" : 31744,
        "bw_agg" : 100.000000,
        "bw_mean" : 25262.400000,
        "bw_dev" : 3419.656606,
        "bw_samples" : 20,
        "iops_min" : 68,
        "iops_max" : 124,
        "iops_mean" : 98.600000,
        "iops_stddev" : 13.398350,
        "iops_samples" : 20
      },
      "trim" : {
        "io_bytes" : 0,
        "io_kbytes" : 0,
        "bw_bytes" : 0,
        "bw" : 0,
        "iops" : 0.000000,
        "runtime" : 0,
        "total_ios" : 0,
        "short_ios" : 0,
        "drop_ios" : 0,
        "slat_ns" : {
          "min" : 0,
          "max" : 0,
          "mean" : 0.000000,
          "stddev" : 0.000000
        },
        "clat_ns" : {
          "min" : 0,
          "max" : 0,
          "mean" : 0.000000,
          "stddev" : 0.000000,
          "percentile" : {
            "1.000000" : 0,
            "5.000000" : 0,
            "10.000000" : 0,
            "20.000000" : 0,
            "30.000000" : 0,
            "40.000000" : 0,
            "50.000000" : 0,
            "60.000000" : 0,
            "70.000000" : 0,
            "80.000000" : 0,
            "90.000000" : 0,
            "95.000000" : 0,
            "99.000000" : 0,
            "99.500000" : 0,
            "99.900000" : 0,
            "99.950000" : 0,
            "99.990000" : 0
          }
        },
        "lat_ns" : {
          "min" : 0,
          "max" : 0,
          "mean" : 0.000000,
          "stddev" : 0.000000
        },
        "bw_min" : 0,
        "bw_max" : 0,
        "bw_agg" : 0.000000,
        "bw_mean" : 0.000000,
        "bw_dev" : 0.000000,
        "bw_samples" : 0,
        "iops_min" : 0,
        "iops_max" : 0,
        "iops_mean" : 0.000000,
        "iops_stddev" : 0.000000,
        "iops_samples" : 0
      },
      "sync" : {
        "lat_ns" : {
          "min" : 0,
          "max" : 0,
          "mean" : 0.000000,
          "stddev" : 0.000000,
          "percentile" : {
            "1.000000" : 0,
            "5.000000" : 0,
            "10.000000" : 0,
            "20.000000" : 0,
            "30.000000" : 0,
            "40.000000" : 0,
            "50.000000" : 0,
            "60.000000" : 0,
            "70.000000" : 0,
            "80.000000" : 0,
            "90.000000" : 0,
            "95.000000" : 0,
            "99.000000" : 0,
            "99.500000" : 0,
            "99.900000" : 0,
            "99.950000" : 0,
            "99.990000" : 0
          }
        },
        "total_ios" : 0
      },
      "job_runtime" : 10024,
      "usr_cpu" : 1.436552,
      "sys_cpu" : 5.935754,
      "ctx" : 9864,
      "majf" : 0,
      "minf" : 15,
      "iodepth_level" : {
        "1" : 0.000000,
        "2" : 0.000000,
        "4" : 0.000000,
        "8" : 0.000000,
        "16" : 100.000000,
        "32" : 0.000000,
        ">=64" : 0.000000
      },
      "iodepth_submit" : {
        "0" : 0.000000,
        "4" : 100.000000,
        "8" : 0.000000,
        "16" : 0.000000,
        "32" : 0.000000,
        "64" : 0.000000,
        ">=64" : 0.000000
      },
      "iodepth_complete" : {
        "0" : 0.000000,
        "4" : 99.990004,
        "8" : 0.000000,
        "16" : 0.000000,
        "32" : 0.100000,
        "64" : 0.000000,
        ">=64" : 0.000000
      },
      "latency_ns" : {
        "2" : 0.000000,
        "4" : 0.000000,
        "10" : 0.000000,
        "20" : 0.000000,
        "50" : 0.000000,
        "100" : 0.000000,
        "250" : 0.000000,
        "500" : 0.000000,
        "750" : 0.000000,
        "1000" : 0.000000
      },
      "latency_us" : {
        "2" : 0.000000,
        "4" : 0.000000,
        "10" : 0.000000,
        "20" : 0.000000,
        "50" : 0.000000,
        "100" : 0.000000,
        "250" : 0.000000,
        "500" : 0.000000,
        "750" : 0.000000,
        "1000" : 0.000000
      },
      "latency_ms" : {
        "2" : 0.000000,
        "4" : 0.089973,
        "10" : 1.039688,
        "20" : 6.168150,
        "50" : 92.872138,
        "100" : 0.039988,
        "250" : 0.000000,
        "500" : 0.000000,
        "750" : 0.000000,
        "1000" : 0.000000,
        "2000" : 0.000000,
        ">=2000" : 0.000000
      },
      "latency_depth" : 22,
      "latency_target" : 0,