

{
  "fio version" : "fio-3.15",
  "timestamp" : 1586543846,
  "time" : "Fri Apr 10 11:37:26 2020",
  "global options" : {
    "direct" : "1",
    "iodepth" : "22",
    "ioengine" : "libaio",
    "runtime" : "10",
    "time_based" : "1",
    "ramp_time" : "5",
    "size" : "5g",
    "numjobs" : "1",
    "rw" : "rw",
    "bs" : "1024k",
    "rwmixread" : "90",
    "rwmixwrite" : "10"
  },
  "client_stats" : [
    {
      "jobname" : "rw_bw_test",
      "groupid" : 0,
      "error" : 0,
      "job options" : {
        "name" : "rw_bw_test",
        "filename" : "/dev/sdb"
      },
      "read" : {
        "io_bytes" : 2573205504,
        "io_kbytes" : 2512896,
        "bw_bytes" : 255303651,
        "bw" : 249319,
        "iops" : 241.889076,
        "runtime" : 10079,
        "total_ios" : 2438,
        "short_ios" : 0,
        "drop_ios" : 0,
        "slat_ns" : {
          "min" : 33726,
          "max" : 107787,
          "mean" : 70677.308450,
          "stddev" : 4285.754103
        },
        "clat_ns" : {
          "min" : 78336909,
          "max" : 151294563,
          "mean" : 81543104.156072,
          "stddev" : 3251869.534624,
          "percentile" : {
            "1.000000" : 80216064,
            "5.000000" : 80216064,
            "10.000000" : 81264640,
            "20.000000" : 81264640,
            "30.000000" : 81264640,
            "40.000000" : 81264640,
            "50.000000" : 81264640,
            "60.000000" : 81264640,
            "70.000000" : 81264640,
            "80.000000" : 81264640,
            "90.000000" : 82313216,
            "95.000000" : 84410368,
            "99.000000" : 85458944,
            "99.500000" : 95944704,
            "99.900000" : 137363456,
            "99.950000" : 139460608,
            "99.990000" : 152043520
          }
        },
        "lat_ns" : {
          "min" : 78407612,
          "max" : 151365237,
          "mean" : 81614512.802364,
          "stddev" : 3251879.913930
        },
        "bw_min" : 233472,
        "bw_max" : 260096,
        "bw_agg" : 100.000000,
        "bw_mean" : 249497.900000,
        "bw_dev" : 7890.359160,
        "bw_samples" : 20,
        "iops_min" : 228,
        "iops_max" : 254,
        "iops_mean" : 243.600000,
        "iops_stddev" : 7.673605,
        "iops_samples" : 20
      },
      "write" : {
        "io_bytes" : 285212672,
        "io_kbytes" : 278528,
        "bw_bytes" : 28297715,
        "bw" : 27634,
        "iops" : 26.490723,
        "runtime" : 10079,
        "total_ios" : 267,
        "short_ios" : 0,
        "drop_ios" : 0,
        "slat_ns" : {
          "min" : 66375,
          "max" : 120394,
          "mean" : 90065.539326,
          "stddev" : 8193.009447
        },
        "clat_ns" : {
          "min" : 18725010,
          "max" : 154923295,
          "mean" : 81567793.588235,
          "stddev" : 9355999.786006,
          "percentile" : {
            "1.000000" : 36962304,
            "5.000000" : 81264640,
            "10.000000" : 81264640,
            "20.000000" : 81264640,
            "30.000000" : 81264640,
            "40.000000" : 81264640,
            "50.000000" : 81264640,
            "60.000000" : 81264640,
            "70.000000" : 81264640,
            "80.000000" : 81264640,
            "90.000000" : 82313216,
            "95.000000" : 83361792,
            "99.000000" : 143654912,
            "99.500000" : 147849216,
            "99.900000" : 154140672,
            "99.950000" : 154140672,
            "99.990000" : 154140672
          }
        },
        "lat_ns" : {
          "min" : 18832293,
          "max" : 155014909,
          "mean" : 81658622.691176,
          "stddev" : 9354996.801864
        },
        "bw_min" : 16384,
        "bw_max" : 43008,
        "bw_agg" : 98.921799,
        "bw_mean" : 27336.050000,
        "bw_dev" : 6980.301053,
        "bw_samples" : 20,
        "iops_min" : 16,
        "iops_max" : 42,
        "iops_mean" : 26.600000,
        "iops_stddev" : 6.877882,
        "iops_samples" : 20
      },
      "trim" : {
        "io_bytes" : 0,
        "io_kbytes" : 0,
        "bw_bytes" : 0,
        "bw" : 0,
        "iops" : 0.000000,
        "runtime" : 0,
        "total_ios" : 0,
        "short_ios" : 0,
        "drop_ios" : 0,
        "slat_ns" : {
          "min" : 0,
          "max" : 0,
          "mean" : 0.000000,
          "stddev" : 0.000000
        },
        "clat_ns" : {
          "min" : 0,
          "max" : 0,
          "mean" : 0.000000,
          "stddev" : 0.000000,
          "percentile" : {
            "1.000000" : 0,
            "5.000000" : 0,
            "10.000000" : 0,
            "20.000000" : 0,
            "30.000000" : 0,
            "40.000000" : 0,
            "50.000000" : 0,
            "60.000000" : 0,
            "70.000000" : 0,
            "80.000000" : 0,
            "90.000000" : 0,
            "95.000000" : 0,
            "99.000000" : 0,
            "99.500000" : 0,
            "99.900000" : 0,
            "99.950000" : 0,
            "99.990000" : 0
          }
        },
        "lat_ns" : {
          "min" : 0,
          "max" : 0,
          "mean" : 0.000000,
          "stddev" : 0.000000
        },
        "bw_min" : 0,
        "bw_max" : 0,
        "bw_agg" : 0.000000,
        "bw_mean" : 0.000000,
        "bw_dev" : 0.000000,
        "bw_samples" : 0,
        "iops_min" : 0,
        "iops_max" : 0,
        "iops_mean" : 0.000000,
        "iops_stddev" : 0.000000,
        "iops_samples" : 0
      },
      "sync" : {
        "lat_ns" : {
          "min" : 0,
          "max" : 0,
          "mean" : 0.000000,
          "stddev" : 0.000000,
          "percentile" : {
            "1.000000" : 0,
            "5.000000" : 0,
            "10.000000" : 0,
            "20.000000" : 0,
            "30.000000" : 0,
            "40.000000" : 0,
            "50.000000" : 0,
            "60.000000" : 0,
            "70.000000" : 0,
            "80.000000" : 0,
            "90.000000" : 0,
            "95.000000" : 0,
            "99.000000" : 0,
            "99.500000" : 0,
            "99.900000" : 0,
            "99.950000" : 0,
            "99.990000" : 0
          }
        },
        "total_ios" : 0
      },
      "job_runtime" : 10078,
      "usr_cpu" : 0.605279,
      "sys_cpu" : 1.944830,
      "ctx" : 2727,
      "majf" : 0,
      "minf" : 16,
      "iodepth_level" : {
        "1" : 0.000000,
        "2" : 0.000000,
        "4" : 0.000000,
        "8" : 0.000000,
        "16" : 100.000000,
        "32" : 0.000000,
        ">=64" : 0.000000
      },
      "iodepth_submit" : {
        "0" : 0.000000,
        "4" : 100.000000,
        "8" : 0.000000,
        "16" : 0.000000,
        "32" : 0.000000,
        "64" : 0.000000,
        ">=64" : 0.000000
      },
      "iodepth_complete" : {
        "0" : 0.000000,
        "4" : 99.963045,
        "8" : 0.000000,
        "16" : 0.000000,
        "32" : 0.100000,
        "64" : 0.000000,
        ">=64" : 0.000000
      },
      "latency_ns" : {
        "2" : 0.000000,
        "4" : 0.000000,
        "10" : 0.000000,
        "20" : 0.000000,
        "50" : 0.000000,
        "100" : 0.000000,
        "250" : 0.000000,
        "500" : 0.000000,
        "750" : 0.000000,
        "1000" : 0.000000
      },
      "latency_us" : {
        "2" : 0.000000,
        "4" : 0.000000,
        "10" : 0.000000,
        "20" : 0.000000,
        "50" : 0.000000,
        "100" : 0.000000,
        "250" : 0.000000,
        "500" : 0.000000,
        "750" : 0.000000,
        "1000" : 0.000000
      },
      "latency_ms" : {
        "2" : 0.000000,
        "4" : 0.000000,
        "10" : 0.000000,
        "20" : 0.036969,
        "50" : 0.073937,
        "100" : 100.110906,
        "250" : 0.554529,
        "500" : 0.000000,
        "750" : 0.000000,
        "1000" : 0.000000,
        "2000" : 0.000000,
        ">=2000" : 0.000000
      },
      "latency_depth" : 22,
      "latency_target" : 0,