

{
  "fio version" : "fio-3.15",
  "timestamp" : 1586544985,
  "time" : "Fri Apr 10 11:56:25 2020",
  "global options" : {
    "direct" : "1",
    "iodepth" : "22",
    "ioengine" : "libaio",
    "runtime" : "10",
    "time_based" : "1",
    "ramp_time" : "5",
    "size" : "5g",
    "numjobs" : "1",
    "rw" : "rw",
    "bs" : "1024k",
    "rwmixread" : "90",
    "rwmixwrite" : "10"
  },
  "client_stats" : [
    {
      "jobname" : "rw_bw_test",
      "groupid" : 0,
      "error" : 0,
      "job options" : {
        "name" : "rw_bw_test",
        "filename" : "/mnt/Crucial_CT500MX200SSD1_xfs/test.dat"
      },
      "read" : {
        "io_bytes" : 2531262464,
        "io_kbytes" : 2471936,
        "bw_bytes" : 251092397,
        "bw" : 245207,
        "iops" : 237.873227,
        "runtime" : 10081,
        "total_ios" : 2398,
        "short_ios" : 0,
        "drop_ios" : 0,
        "slat_ns" : {
          "min" : 58230,
          "max" : 118974,
          "mean" : 75489.844871,
          "stddev" : 5867.916776
        },
        "clat_ns" : {
          "min" : 75813574,
          "max" : 154520049,
          "mean" : 83076082.679784,
          "stddev" : 4308636.546422,
          "percentile" : {
            "1.000000" : 80216064,
            "5.000000" : 80216064,
            "10.000000" : 81264640,
            "20.000000" : 81264640,
            "30.000000" : 81264640,
            "40.000000" : 82313216,
            "50.000000" : 82313216,
            "60.000000" : 83361792,
            "70.000000" : 83361792,
            "80.000000" : 84410368,
            "90.000000" : 85458944,
            "95.000000" : 86507520,
            "99.000000" : 89653248,
            "99.500000" : 110624768,
            "99.900000" : 147849216,
            "99.950000" : 149946368,
            "99.990000" : 154140672
          }
        },
        "lat_ns" : {
          "min" : 75882205,
          "max" : 154594672,
          "mean" : 83152383.606877,
          "stddev" : 4308701.720304
        },
        "bw_min" : 229376,
        "bw_max" : 261620,
        "bw_agg" : 99.912095,
        "bw_mean" : 244991.450000,
        "bw_dev" : 9897.118972,
        "bw_samples" : 20,
        "iops_min" : 224,
        "iops_max" : 255,
        "iops_mean" : 239.200000,
        "iops_stddev" : 9.594955,
        "iops_samples" : 20
      },
      "write" : {
        "io_bytes" : 276824064,
        "io_kbytes" : 270336,
        "bw_bytes" : 27459980,
        "bw" : 26816,
        "iops" : 25.691896,
        "runtime" : 10081,
        "total_ios" : 259,
        "short_ios" : 0,
        "drop_ios" : 0,
        "slat_ns" : {
          "min" : 69604,
          "max" : 144275,
          "mean" : 101376.150579,
          "stddev" : 11101.650161
        },
        "clat_ns" : {
          "min" : 9431468,
          "max" : 149435521,
          "mean" : 82522541.162879,
          "stddev" : 7536162.636478,
          "percentile" : {
            "1.000000" : 68681728,
            "5.000000" : 81264640,
            "10.000000" : 81264640,
            "20.000000" : 81264640,
            "30.000000" : 81264640,
            "40.000000" : 82313216,
            "50.000000" : 82313216,
            "60.000000" : 83361792,
            "70.000000" : 83361792,
            "80.000000" : 84410368,
            "90.000000" : 85458944,
            "95.000000" : 86507520,
            "99.000000" : 88604672,
            "99.500000" : 88604672,
            "99.900000" : 149946368,
            "99.950000" : 149946368,
            "99.990000" : 149946368
          }
        },
        "lat_ns" : {
          "min" : 9530159,
          "max" : 149506468,
          "mean" : 82624714.541667,
          "stddev" : 7536005.087427
        },
        "bw_min" : 14307,
        "bw_max" : 38912,
        "bw_agg" : 100.000000,
        "bw_mean" : 26927.700000,
        "bw_dev" : 7588.383450,
        "bw_samples" : 20,
        "iops_min" : 13,
        "iops_max" : 38,
        "iops_mean" : 26.200000,
        "iops_stddev" : 7.543558,
        "iops_samples" : 20
      },
      "trim" : {
        "io_bytes" : 0,
        "io_kbytes" : 0,
        "bw_bytes" : 0,
        "bw" : 0,
        "iops" : 0.000000,
        "runtime" : 0,
        "total_ios" : 0,
        "short_ios" : 0,
        "drop_ios" : 0,
        "slat_ns" : {
          "min" : 0,
          "max" : 0,
          "mean" : 0.000000,
          "stddev" : 0.000000
        },
        "clat_ns" : {
          "min" : 0,
          "max" : 0,
          "mean" : 0.000000,
          "stddev" : 0.000000,
          "percentile" : {
            "1.000000" : 0,
            "5.000000" : 0,
            "10.000000" : 0,
            "20.000000" : 0,
            "30.000000" : 0,
            "40.000000" : 0,
            "50.000000" : 0,
            "60.000000" : 0,
            "70.000000" : 0,
            "80.000000" : 0,
            "90.000000" : 0,
            "95.000000" : 0,
            "99.000000" : 0,
            "99.500000" : 0,
            "99.900000" : 0,
            "99.950000" : 0,
            "99.990000" : 0
          }
        },
        "lat_ns" : {
          "min" : 0,
          "max" : 0,
          "mean" : 0.000000,
          "stddev" : 0.000000
        },
        "bw_min" : 0,
        "bw_max" : 0,
        "bw_agg" : 0.000000,
        "bw_mean" : 0.000000,
        "bw_dev" : 0.000000,
        "bw_samples" : 0,
        "iops_min" : 0,
        "iops_max" : 0,
        "iops_mean" : 0.000000,
        "iops_stddev" : 0.000000,
        "iops_samples" : 0
      },
      "sync" : {
        "lat_ns" : {
          "min" : 0,
          "max" : 0,
          "mean" : 0.000000,
          "stddev" : 0.000000,
          "percentile" : {
            "1.000000" : 0,
            "5.000000" : 0,
            "10.000000" : 0,
            "20.000000" : 0,
            "30.000000" : 0,
            "40.000000" : 0,
            "50.000000" : 0,
            "60.000000" : 0,
            "70.000000" : 0,
            "80.000000" : 0,
            "90.000000" : 0,
            "95.000000" : 0,
            "99.000000" : 0,
            "99.500000" : 0,
            "99.900000" : 0,
            "99.950000" : 0,
            "99.990000" : 0
          }
        },
        "total_ios" : 0
      },
      "job_runtime" : 10080,
      "usr_cpu" : 0.406746,
      "sys_cpu" : 2.242063,
      "ctx" : 2680,
      "majf" : 0,
      "minf" : 15,
      "iodepth_level" : {
        "1" : 0.000000,
        "2" : 0.000000,
        "4" : 0.000000,
        "8" : 0.000000,
        "16" : 100.000000,
        "32" : 0.000000,
        ">=64" : 0.000000
      },
      "iodepth_submit" : {
        "0" : 0.000000,
        "4" : 100.000000,
        "8" : 0.000000,
        "16" : 0.000000,
        "32" : 0.000000,
        "64" : 0.000000,
        ">=64" : 0.000000
      },
      "iodepth_complete" : {
        "0" : 0.000000,
        "4" : 99.962378,
        "8" : 0.000000,
        "16" : 0.000000,
        "32" : 0.100000,
        "64" : 0.000000,
        ">=64" : 0.000000
      },
      "latency_ns" : {
        "2" : 0.000000,
        "4" : 0.000000,
        "10" : 0.000000,
        "20" : 0.000000,
        "50" : 0.000000,
        "100" : 0.000000,
        "250" : 0.000000,
        "500" : 0.000000,
        "750" : 0.000000,
        "1000" : 0.000000
      },
      "latency_us" : {
        "2" : 0.000000,
        "4" : 0.000000,
        "10" : 0.000000,
        "20" : 0.000000,
        "50" : 0.000000,
        "100" : 0.000000,
        "250" : 0.000000,
        "500" : 0.000000,
        "750" : 0.000000,
        "1000" : 0.000000
      },
      "latency_ms" : {
        "2" : 0.000000,
        "4" : 0.000000,
        "10" : 0.037636,
        "20" : 0.037636,
        "50" : 0.000000,
        "100" : 100.112909,
        "250" : 0.602183,
        "500" : 0.000000,
        "750" : 0.000000,
        "1000" : 0.000000,
        "2000" : 0.000000,
        ">=2000" : 0.000000
      },
      "latency_depth" : 22,
      "latency_target" : 0,