

{
  "fio version" : "fio-3.15",
  "timestamp" : 1586544948,
  "time" : "Fri Apr 10 11:55:48 2020",
  "global options" : {
    "direct" : "1",
    "iodepth" : "22",
    "ioengine" : "libaio",
    "runtime" : "10",
    "time_based" : "1",
    "ramp_time" : "5",
    "size" : "5g",
    "numjobs" : "1",
    "rw" : "rw",
    "bs" : "256k",
    "rwmixread" : "90",
    "rwmixwrite" : "10"
  },
  "client_stats" : [
    {
      "jobname" : "rw_bw_test",
      "groupid" : 0,
      "error" : 0,
      "job options" : {
        "name" : "rw_bw_test",
        "filename" : "/mnt/Crucial_CT500MX200SSD1_xfs/test.dat"
      },
      "read" : {
        "io_bytes" : 2553282560,
        "io_kbytes" : 2493440,
        "bw_bytes" : 254793190,
        "bw" : 248821,
        "iops" : 969.863287,
        "runtime" : 10021,
        "total_ios" : 9719,
        "short_ios" : 0,
        "drop_ios" : 0,
        "slat_ns" : {
          "min" : 24020,
          "max" : 83057,
          "mean" : 43619.632061,
          "stddev" : 4496.336627
        },
        "clat_ns" : {
          "min" : 20074549,
          "max" : 38644274,
          "mean" : 20884178.375051,
          "stddev" : 965970.756240,
          "percentile" : {
            "1.000000" : 20054016,
            "5.000000" : 20054016,
            "10.000000" : 20316160,
            "20.000000" : 20316160,
            "30.000000" : 20316160,
            "40.000000" : 20316160,
            "50.000000" : 20316160,
            "60.000000" : 21102592,
            "70.000000" : 21102592,
            "80.000000" : 21364736,
            "90.000000" : 22151168,
            "95.000000" : 22413312,
            "99.000000" : 23986176,
            "99.500000" : 24248320,
            "99.900000" : 29491200,
            "99.950000" : 34865152,
            "99.990000" : 38535168
          }
        },
        "lat_ns" : {
          "min" : 20130606,
          "max" : 38686311,
          "mean" : 20928541.419815,
          "stddev" : 965827.885490
        },
        "bw_min" : 240640,
        "bw_max" : 256512,
        "bw_agg" : 99.983944,
        "bw_mean" : 248781.050000,
        "bw_dev" : 3692.043073,
        "bw_samples" : 20,
        "iops_min" : 940,
        "iops_max" : 1002,
        "iops_mean" : 971.800000,
        "iops_stddev" : 14.420745,
        "iops_samples" : 20
      },
      "write" : {
        "io_bytes" : 277348352,
        "io_kbytes" : 270848,
        "bw_bytes" : 27676714,
        "bw" : 27028,
        "iops" : 105.578286,
        "runtime" : 10021,
        "total_ios" : 1058,
        "short_ios" : 0,
        "drop_ios" : 0,
        "slat_ns" : {
          "min" : 48624,
          "max" : 87498,
          "mean" : 54155.551040,
          "stddev" : 4236.814299
        },
        "clat_ns" : {
          "min" : 1887757,
          "max" : 32202436,
          "mean" : 15762999.363894,
          "stddev" : 4709885.300993,
          "percentile" : {
            "1.000000" : 3751936,
            "5.000000" : 6455296,
            "10.000000" : 8355840,
            "20.000000" : 11075584,
            "30.000000" : 13828096,
            "40.000000" : 15663104,
            "50.000000" : 17432576,
            "60.000000" : 18481152,
            "70.000000" : 19529728,
            "80.000000" : 20316160,
            "90.000000" : 20316160,
            "95.000000" : 20316160,
            "99.000000" : 21102592,
            "99.500000" : 21364736,
            "99.900000" : 21626880,
            "99.950000" : 32112640,
            "99.990000" : 32112640
          }
        },
        "lat_ns" : {
          "min" : 1941140,
          "max" : 32252520,
          "mean" : 15817922.590737,
          "stddev" : 4709932.826038
        },
        "bw_min" : 19968,
        "bw_max" : 33280,
        "bw_agg" : 100.000000,
        "bw_mean" : 27057.000000,
        "bw_dev" : 3326.963370,
        "bw_samples" : 20,
        "iops_min" : 78,
        "iops_max" : 130,
        "iops_mean" : 105.650000,
        "iops_stddev" : 13.063710,
        "iops_samples" : 20
      },
      "trim" : {
        "io_bytes" : 0,
        "io_kbytes" : 0,
        "bw_bytes" : 0,
        "bw" : 0,
        "iops" : 0.000000,
        "runtime" : 0,
        "total_ios" : 0,
        "short_ios" : 0,
        "drop_ios" : 0,
        "slat_ns" : {
          "min" : 0,
          "max" : 0,
          "mean" : 0.000000,
          "stddev" : 0.000000
        },
        "clat_ns" : {
          "min" : 0,
          "max" : 0,
          "mean" : 0.000000,
          "stddev" : 0.000000,
          "percentile" : {
            "1.000000" : 0,
            "5.000000" : 0,
            "10.000000" : 0,
            "20.000000" : 0,
            "30.000000" : 0,
            "40.000000" : 0,
            "50.000000" : 0,
            "60.000000" : 0,
            "70.000000" : 0,
            "80.000000" : 0,
            "90.000000" : 0,
            "95.000000" : 0,
            "99.000000" : 0,
            "99.500000" : 0,
            "99.900000" : 0,
            "99.950000" : 0,
            "99.990000" : 0
          }
        },
        "lat_ns" : {
          "min" : 0,
          "max" : 0,
          "mean" : 0.000000,
          "stddev" : 0.000000
        },
        "bw_min" : 0,
        "bw_max" : 0,
        "bw_agg" : 0.000000,
        "bw_mean" : 0.000000,
        "bw_dev" : 0.000000,
        "bw_samples" : 0,
        "iops_min" : 0,
        "iops_max" : 0,
        "iops_mean" : 0.000000,
        "iops_stddev" : 0.000000,
        "iops_samples" : 0
      },
      "sync" : {
        "lat_ns" : {
          "min" : 0,
          "max" : 0,
          "mean" : 0.000000,
          "stddev" : 0.000000,
          "percentile" : {
            "1.000000" : 0,
            "5.000000" : 0,
            "10.000000" : 0,
            "20.000000" : 0,
            "30.000000" : 0,
            "40.000000" : 0,
            "50.000000" : 0,
            "60.000000" : 0,
            "70.000000" : 0,
            "80.000000" : 0,
            "90.000000" : 0,
            "95.000000" : 0,
            "99.000000" : 0,
            "99.500000" : 0,
            "99.900000" : 0,
            "99.950000" : 0,
            "99.990000" : 0
          }
        },
        "total_ios" : 0
      },
      "job_runtime" : 10020,
      "usr_cpu" : 1.746507,
      "sys_cpu" : 6.387226,
      "ctx" : 10798,
      "majf" : 0,
      "minf" : 15,
      "iodepth_level" : {
        "1" : 0.000000,
        "2" : 0.000000,
        "4" : 0.000000,
        "8" : 0.000000,
        "16" : 100.000000,
        "32" : 0.000000,
        ">=64" : 0.000000
      },
      "iodepth_submit" : {
        "0" : 0.000000,
        "4" : 100.000000,
        "8" : 0.000000,
        "16" : 0.000000,
        "32" : 0.000000,
        "64" : 0.000000,
        ">=64" : 0.000000
      },
      "iodepth_complete" : {
        "0" : 0.000000,
        "4" : 99.990722,
        "8" : 0.000000,
        "16" : 0.000000,
        "32" : 0.100000,
        "64" : 0.000000,
        ">=64" : 0.000000
      },
      "latency_ns" : {
        "2" : 0.000000,
        "4" : 0.000000,
        "10" : 0.000000,
        "20" : 0.000000,
        "50" : 0.000000,
        "100" : 0.000000,
        "250" : 0.000000,
        "500" : 0.000000,
        "750" : 0.000000,
        "1000" : 0.000000
      },
      "latency_us" : {
        "2" : 0.000000,
        "4" : 0.000000,
        "10" : 0.000000,
        "20" : 0.000000,
        "50" : 0.000000,
        "100" : 0.000000,
        "250" : 0.000000,
        "500" : 0.000000,
        "750" : 0.000000,
        "1000" : 0.000000
      },
      "latency_ms" : {
        "2" : 0.055674,
        "4" : 0.092790,
        "10" : 1.261947,
        "20" : 5.873620,
        "50" : 92.910829,
        "100" : 0.000000,
        "250" : 0.000000,
        "500" : 0.000000,
        "750" : 0.000000,
        "1000" : 0.000000,
        "2000" : 0.000000,
        ">=2000" : 0.000000
      },
      "latency_depth" : 22,
      "latency_target" : 0,