{
  "fio version" : "fio-3.15",
  "timestamp" : 1585708823,
  "timestamp_ms" : 1585708823103,
  "time" : "Tue Mar 31 19:40:23 2020",
  "global options" : {
    "direct" : "1",
    "iodepth" : "8",
    "ioengine" : "libaio",
    "runtime" : "60",
    "time_based" : "1",
    "ramp_time" : "5",
    "size" : "1g",
    "numjobs" : "1",
    "rw" : "write",
    "bs" : "1024k",
    "rwmixread" : "90",
    "rwmixwrite" : "10"
  },
  "jobs" : [
    {
      "jobname" : "read_bw_test",
      "groupid" : 0,
      "error" : 0,
      "eta" : 0,
      "elapsed" : 66,
      "job options" : {
        "name" : "read_bw_test",
        "filename" : "/mnt/ext4/testdir/testfio"
      },
      "read" : {
        "io_bytes" : 0,
        "io_kbytes" : 0,
        "bw_bytes" : 0,
        "bw" : 0,
        "iops" : 0.000000,
        "runtime" : 0,
        "total_ios" : 0,
        "short_ios" : 0,
        "drop_ios" : 0,
        "slat_ns" : {
          "min" : 0,
          "max" : 0,
          "mean" : 0.000000,
          "stddev" : 0.000000
        },
        "clat_ns" : {
          "min" : 0,
          "max" : 0,
          "mean" : 0.000000,
          "stddev" : 0.000000,
          "percentile" : {
            "1.000000" : 0,
            "5.000000" : 0,
            "10.000000" : 0,
            "20.000000" : 0,
            "30.000000" : 0,
            "40.000000" : 0,
            "50.000000" : 0,
            "60.000000" : 0,
            "70.000000" : 0,
            "80.000000" : 0,
            "90.000000" : 0,
            "95.000000" : 0,
            "99.000000" : 0,
            "99.500000" : 0,
            "99.900000" : 0,
            "99.950000" : 0,
            "99.990000" : 0
          }
        },
        "lat_ns" : {
          "min" : 0,
          "max" : 0,
          "mean" : 0.000000,
          "stddev" : 0.000000
        },
        "bw_min" : 0,
        "bw_max" : 0,
        "bw_agg" : 0.000000,
        "bw_mean" : 0.000000,
        "bw_dev" : 0.000000,
        "bw_samples" : 0,
        "iops_min" : 0,
        "iops_max" : 0,
        "iops_mean" : 0.000000,
        "iops_stddev" : 0.000000,
        "iops_samples" : 0
      },
      "write" : {
        "io_bytes" : 16236150784,
        "io_kbytes" : 15855616,
        "bw_bytes" : 270462773,
        "bw" : 264123,
        "iops" : 257.816795,
        "runtime" : 60031,
        "total_ios" : 15477,
        "short_ios" : 0,
        "drop_ios" : 0,
        "slat_ns" : {
          "min" : 54386,
          "max" : 23292897,
          "mean" : 226906.398333,
          "stddev" : 332816.181155
        },
        "clat_ns" : {
          "min" : 2664,
          "max" : 68638256,
          "mean" : 30788636.096745,
          "stddev" : 18412369.548429,
          "percentile" : {
            "1.000000" : 313344,
            "5.000000" : 378880,
            "10.000000" : 448512,
            "20.000000" : 987136,
            "30.000000" : 37486592,
            "40.000000" : 41156608,
            "50.000000" : 41680896,
            "60.000000" : 42205184,
            "70.000000" : 42205184,
            "80.000000" : 42729472,
            "90.000000" : 43253760,
            "95.000000" : 43253760,
            "99.000000" : 47448064,
            "99.500000" : 51118080,
            "99.900000" : 61079552,
            "99.950000" : 64749568,
            "99.990000" : 67633152
          }
        },
        "lat_ns" : {
          "min" : 367997,
          "max" : 68900043,
          "mean" : 31017418.640790,
          "stddev" : 18421950.714532
        },
        "bw_min" : 249357,
        "bw_max" : 274432,
        "bw_agg" : 99.875569,
        "bw_mean" : 263794.350000,
        "bw_dev" : 4798.474316,
        "bw_samples" : 120,
        "iops_min" : 243,
        "iops_max" : 268,
        "iops_mean" : 257.366667,
        "iops_stddev" : 4.724215,
        "iops_samples" : 120
      },
      "trim" : {
        "io_bytes" : 0,
        "io_kbytes" : 0,
        "bw_bytes" : 0,
        "bw" : 0,
        "iops" : 0.000000,
        "runtime" : 0,
        "total_ios" : 0,
        "short_ios" : 0,
        "drop_ios" : 0,
        "slat_ns" : {
          "min" : 0,
          "max" : 0,
          "mean" : 0.000000,
          "stddev" : 0.000000
        },
        "clat_ns" : {
          "min" : 0,
          "max" : 0,
          "mean" : 0.000000,
          "stddev" : 0.000000,
          "percentile" : {
            "1.000000" : 0,
            "5.000000" : 0,
            "10.000000" : 0,
            "20.000000" : 0,
            "30.000000" : 0,
            "40.000000" : 0,
            "50.000000" : 0,
            "60.000000" : 0,
            "70.000000" : 0,
            "80.000000" : 0,
            "90.000000" : 0,
            "95.000000" : 0,
            "99.000000" : 0,
            "99.500000" : 0,
            "99.900000" : 0,
            "99.950000" : 0,
            "99.990000" : 0
          }
        },
        "lat_ns" : {
          "min" : 0,
          "max" : 0,
          "mean" : 0.000000,
          "stddev" : 0.000000
        },
        "bw_min" : 0,
        "bw_max" : 0,
        "bw_agg" : 0.000000,
        "bw_mean" : 0.000000,
        "bw_dev" : 0.000000,
        "bw_samples" : 0,
        "iops_min" : 0,
        "iops_max" : 0,
        "iops_mean" : 0.000000,
        "iops_stddev" : 0.000000,
        "iops_samples" : 0
      },
      "sync" : {
        "lat_ns" : {
          "min" : 0,
          "max" : 0,
          "mean" : 0.000000,
          "stddev" : 0.000000,
          "percentile" : {
            "1.000000" : 0,
            "5.000000" : 0,
            "10.000000" : 0,
            "20.000000" : 0,
            "30.000000" : 0,
            "40.000000" : 0,
            "50.000000" : 0,
            "60.000000" : 0,
            "70.000000" : 0,
            "80.000000" : 0,
            "90.000000" : 0,
            "95.000000" : 0,
            "99.000000" : 0,
            "99.500000" : 0,
            "99.900000" : 0,
            "99.950000" : 0,
            "99.990000" : 0
          }
        },
        "total_ios" : 0
      },
      "job_runtime" : 60030,
      "usr_cpu" : 1.059470,
      "sys_cpu" : 5.670498,
      "ctx" : 14981,
      "majf" : 0,
      "minf" : 16,
      "iodepth_level" : {
        "1" : 0.000000,
        "2" : 0.000000,
        "4" : 0.000000,
        "8" : 100.000000,
        "16" : 0.000000,
        "32" : 0.000000,
        ">=64" : 0.000000
      },
      "iodepth_submit" : {
        "0" : 0.000000,
        "4" : 100.000000,
        "8" : 0.000000,
        "16" : 0.000000,
        "32" : 0.000000,
        "64" : 0.000000,
        ">=64" : 0.000000
      },
      "iodepth_complete" : {
        "0" : 0.000000,
        "4" : 99.993539,
        "8" : 0.100000,
        "16" : 0.000000,
        "32" : 0.000000,
        "64" : 0.000000,
        ">=64" : 0.000000
      },
      "latency_ns" : {
        "2" : 0.000000,
        "4" : 0.000000,
        "10" : 0.000000,
        "20" : 0.000000,
        "50" : 0.000000,
        "100" : 0.000000,
        "250" : 0.000000,
        "500" : 0.000000,
        "750" : 0.000000,
        "1000" : 0.000000
      },
      "latency_us" : {
        "2" : 0.000000,
        "4" : 0.010000,
        "10" : 0.000000,
        "20" : 0.000000,
        "50" : 0.000000,
        "100" : 0.000000,
        "250" : 0.010000,
        "500" : 12.399044,
        "750" : 5.466176,
        "1000" : 2.319571
      },
      "latency_ms" : {
        "2" : 5.808619,
        "4" : 0.859340,
        "10" : 0.161530,
        "20" : 0.064612,
        "50" : 72.346062,
        "100" : 0.607353,
        "250" : 0.000000,
        "500" : 0.000000,
        "750" : 0.000000,
        "1000" : 0.000000,
        "2000" : 0.000000,
        ">=2000" : 0.000000
      },
      "latency_depth" : 8,
      "latency_target" : 0,
      "latency_percentile" : 100.000000,
      "latency_window" : 0
    }
  ],
  "disk_util" : [
    {
      "name" : "sdc",
      "read_ios" : 0,
      "write_ios" : 16787,
      "read_merges" : 0,