{
  "fio version" : "fio-3.15",
  "timestamp" : 1585709152,
  "timestamp_ms" : 1585709152230,
  "time" : "Tue Mar 31 19:45:52 2020",
  "global options" : {
    "direct" : "1",
    "iodepth" : "8",
    "ioengine" : "libaio",
    "runtime" : "60",
    "time_based" : "1",
    "ramp_time" : "5",
    "size" : "1g",
    "numjobs" : "1",
    "rw" : "rw",
    "bs" : "64k",
    "rwmixread" : "90",
    "rwmixwrite" : "10"
  },
  "jobs" : [
    {
      "jobname" : "read_bw_test",
      "groupid" : 0,
      "error" : 0,
      "eta" : 0,
      "elapsed" : 66,
      "job options" : {
        "name" : "read_bw_test",
        "filename" : "/mnt/ext4/testdir/testfio"
      },
      "read" : {
        "io_bytes" : 14626848768,
        "io_kbytes" : 14284032,
        "bw_bytes" : 243772687,
        "bw" : 238059,
        "iops" : 3719.542682,
        "runtime" : 60002,
        "total_ios" : 223180,
        "short_ios" : 0,
        "drop_ios" : 0,
        "slat_ns" : {
          "min" : 6881,
          "max" : 15064767,
          "mean" : 36222.440494,
          "stddev" : 72002.839433
        },
        "clat_ns" : {
          "min" : 34318,
          "max" : 24769927,
          "mean" : 2088296.201441,
          "stddev" : 1602042.611063,
          "percentile" : {
            "1.000000" : 1187840,
            "5.000000" : 1597440,
            "10.000000" : 1695744,
            "20.000000" : 1794048,
            "30.000000" : 1810432,
            "40.000000" : 1826816,
            "50.000000" : 1843200,
            "60.000000" : 1859584,
            "70.000000" : 1875968,
            "80.000000" : 1892352,
            "90.000000" : 1908736,
            "95.000000" : 2179072,
            "99.000000" : 11993088,
            "99.500000" : 12910592,
            "99.900000" : 14352384,
            "99.950000" : 15138816,
            "99.990000" : 17170432
          }
        },
        "lat_ns" : {
          "min" : 101284,
          "max" : 24799553,
          "mean" : 2125266.219878,
          "stddev" : 1603956.588915
        },
        "bw_min" : 221067,
        "bw_max" : 248238,
        "bw_agg" : 99.841237,
        "bw_mean" : 237681.050000,
        "bw_dev" : 4968.583240,
        "bw_samples" : 120,
        "iops_min" : 3454,
        "iops_max" : 3878,
        "iops_mean" : 3713.575000,
        "iops_stddev" : 77.681927,
        "iops_samples" : 120
      },
      "write" : {
        "io_bytes" : 1619329024,
        "io_kbytes" : 1581376,
        "bw_bytes" : 26987917,
        "bw" : 26355,
        "iops" : 411.802940,
        "runtime" : 60002,
        "total_ios" : 24709,
        "short_ios" : 0,
        "drop_ios" : 0,
        "slat_ns" : {
          "min" : 9209,
          "max" : 8488164,
          "mean" : 40175.663402,
          "stddev" : 70363.193894
        },
        "clat_ns" : {
          "min" : 1754,
          "max" : 13585600,
          "mean" : 168609.175685,
          "stddev" : 253882.397612,
          "percentile" : {
            "1.000000" : 86528,
            "5.000000" : 102912,
            "10.000000" : 104960,
            "20.000000" : 109056,
            "30.000000" : 112128,
            "40.000000" : 116224,
            "50.000000" : 130560,
            "60.000000" : 154624,
            "70.000000" : 185344,
            "80.000000" : 205824,
            "90.000000" : 238592,
            "95.000000" : 272384,
            "99.000000" : 497664,
            "99.500000" : 716800,
            "99.900000" : 2539520,
            "99.950000" : 4685824,
            "99.990000" : 12910592
          }
        },
        "lat_ns" : {
          "min" : 94536,
          "max" : 13622208,
          "mean" : 209578.778502,
          "stddev" : 270576.463086
        },
        "bw_min" : 22438,
        "bw_max" : 31488,
        "bw_agg" : 99.842819,
        "bw_mean" : 26313.575000,
        "bw_dev" : 1955.190672,
        "bw_samples" : 120,
        "iops_min" : 350,
        "iops_max" : 492,
        "iops_mean" : 411.025000,
        "iops_stddev" : 30.565115,
        "iops_samples" : 120
      },
      "trim" : {
        "io_bytes" : 0,
        "io_kbytes" : 0,
        "bw_bytes" : 0,
        "bw" : 0,
        "iops" : 0.000000,
        "runtime" : 0,
        "total_ios" : 0,
        "short_ios" : 0,
        "drop_ios" : 0,
        "slat_ns" : {
          "min" : 0,
          "max" : 0,
          "mean" : 0.000000,
          "stddev" : 0.000000
        },
        "clat_ns" : {
          "min" : 0,
          "max" : 0,
          "mean" : 0.000000,
          "stddev" : 0.000000,
          "percentile" : {
            "1.000000" : 0,
            "5.000000" : 0,
            "10.000000" : 0,
            "20.000000" : 0,
            "30.000000" : 0,
            "40.000000" : 0,
            "50.000000" : 0,
            "60.000000" : 0,
            "70.000000" : 0,
            "80.000000" : 0,
            "90.000000" : 0,
            "95.000000" : 0,
            "99.000000" : 0,
            "99.500000" : 0,
            "99.900000" : 0,
            "99.950000" : 0,
            "99.990000" : 0
          }
        },
        "lat_ns" : {
          "min" : 0,
          "max" : 0,
          "mean" : 0.000000,
          "stddev" : 0.000000
        },
        "bw_min" : 0,
        "bw_max" : 0,
        "bw_agg" : 0.000000,
        "bw_mean" : 0.000000,
        "bw_dev" : 0.000000,
        "bw_samples" : 0,
        "iops_min" : 0,
        "iops_max" : 0,
        "iops_mean" : 0.000000,
        "iops_stddev" : 0.000000,
        "iops_samples" : 0
      },
      "sync" : {
        "lat_ns" : {
          "min" : 0,
          "max" : 0,
          "mean" : 0.000000,
          "stddev" : 0.000000,
          "percentile" : {
            "1.000000" : 0,
            "5.000000" : 0,
            "10.000000" : 0,
            "20.000000" : 0,
            "30.000000" : 0,
            "40.000000" : 0,
            "50.000000" : 0,
            "60.000000" : 0,
            "70.000000" : 0,
            "80.000000" : 0,
            "90.000000" : 0,
            "95.000000" : 0,
            "99.000000" : 0,
            "99.500000" : 0,
            "99.900000" : 0,
            "99.950000" : 0,
            "99.990000" : 0
          }
        },
        "total_ios" : 0
      },
      "job_runtime" : 60001,
      "usr_cpu" : 1.106648,
      "sys_cpu" : 20.106332,
      "ctx" : 225812,
      "majf" : 0,
      "minf" : 16,
      "iodepth_level" : {
        "1" : 0.000000,
        "2" : 0.000000,
        "4" : 0.000000,
        "8" : 100.000000,
        "16" : 0.000000,
        "32" : 0.000000,
        ">=64" : 0.000000
      },
      "iodepth_submit" : {
        "0" : 0.000000,
        "4" : 100.000000,
        "8" : 0.000000,
        "16" : 0.000000,
        "32" : 0.000000,
        "64" : 0.000000,
        ">=64" : 0.000000
      },
      "iodepth_complete" : {
        "0" : 0.000000,
        "4" : 99.999597,
        "8" : 0.100000,
        "16" : 0.000000,
        "32" : 0.000000,
        "64" : 0.000000,
        ">=64" : 0.000000
      },
      "latency_ns" : {
        "2" : 0.000000,
        "4" : 0.000000,
        "10" : 0.000000,
        "20" : 0.000000,
        "50" : 0.000000,
        "100" : 0.000000,
        "250" : 0.000000,
        "500" : 0.000000,
        "750" : 0.000000,
        "1000" : 0.000000
      },
      "latency_us" : {
        "2" : 0.010000,
        "4" : 0.010000,
        "10" : 0.000000,
        "20" : 0.000000,
        "50" : 0.021381,
        "100" : 0.241237,
        "250" : 8.961269,
        "500" : 0.871358,
        "750" : 0.242044,
        "1000" : 0.237203
      },
      "latency_ms" : {
        "2" : 83.994853,
        "4" : 2.890407,
        "10" : 0.448184,
        "20" : 2.077543,
        "50" : 0.010000,
        "100" : 0.000000,
        "250" : 0.000000,
        "500" : 0.000000,
        "750" : 0.000000,
        "1000" : 0.000000,
        "2000" : 0.000000,
        ">=2000" : 0.000000
      },
      "latency_depth" : 8,
      "latency_target" : 0,