{
  "fio version" : "fio-3.15",
  "timestamp" : 1585709349,
  "timestamp_ms" : 1585709349807,
  "time" : "Tue Mar 31 19:49:09 2020",
  "global options" : {
    "direct" : "1",
    "iodepth" : "8",
    "ioengine" : "libaio",
    "runtime" : "60",
    "time_based" : "1",
    "ramp_time" : "5",
    "size" : "1g",
    "numjobs" : "1",
    "rw" : "rw",
    "bs" : "512k",
    "rwmixread" : "90",
    "rwmixwrite" : "10"
  },
  "jobs" : [
    {
      "jobname" : "read_bw_test",
      "groupid" : 0,
      "error" : 0,
      "eta" : 0,
      "elapsed" : 66,
      "job options" : {
        "name" : "read_bw_test",
        "filename" : "/mnt/ext4/testdir/testfio"
      },
      "read" : {
        "io_bytes" : 15070134272,
        "io_kbytes" : 14716928,
        "bw_bytes" : 251106128,
        "bw" : 245220,
        "iops" : 478.830292,
        "runtime" : 60015,
        "total_ios" : 28737,
        "short_ios" : 0,
        "drop_ios" : 0,
        "slat_ns" : {
          "min" : 33337,
          "max" : 34579139,
          "mean" : 136230.171208,
          "stddev" : 396966.917420
        },
        "clat_ns" : {
          "min" : 246251,
          "max" : 52808904,
          "mean" : 16473653.932021,
          "stddev" : 4343517.734404,
          "percentile" : {
            "1.000000" : 8847360,
            "5.000000" : 13828096,
            "10.000000" : 14221312,
            "20.000000" : 14483456,
            "30.000000" : 14614528,
            "40.000000" : 14614528,
            "50.000000" : 14614528,
            "60.000000" : 14745600,
            "70.000000" : 15007744,
            "80.000000" : 17170432,
            "90.000000" : 24248320,
            "95.000000" : 25296896,
            "99.000000" : 27131904,
            "99.500000" : 30015488,
            "99.900000" : 41680896,
            "99.950000" : 45875200,
            "99.990000" : 50069504
          }
        },
        "lat_ns" : {
          "min" : 301700,
          "max" : 52986450,
          "mean" : 16611626.287956,
          "stddev" : 4334370.500879
        },
        "bw_min" : 228352,
        "bw_max" : 259072,
        "bw_agg" : 99.915712,
        "bw_mean" : 245013.308333,
        "bw_dev" : 5783.354663,
        "bw_samples" : 120,
        "iops_min" : 446,
        "iops_max" : 506,
        "iops_mean" : 478.516667,
        "iops_stddev" : 11.284691,
        "iops_samples" : 120
      },
      "write" : {
        "io_bytes" : 1677197312,
        "io_kbytes" : 1637888,
        "bw_bytes" : 27946301,
        "bw" : 27291,
        "iops" : 53.303341,
        "runtime" : 60015,
        "total_ios" : 3199,
        "short_ios" : 0,
        "drop_ios" : 0,
        "slat_ns" : {
          "min" : 49868,
          "max" : 11871580,
          "mean" : 133139.603001,
          "stddev" : 224449.899798
        },
        "clat_ns" : {
          "min" : 151599,
          "max" : 33488688,
          "mean" : 639057.264145,
          "stddev" : 1758947.434044,
          "percentile" : {
            "1.000000" : 195584,
            "5.000000" : 205824,
            "10.000000" : 211968,
            "20.000000" : 230400,
            "30.000000" : 268288,
            "40.000000" : 301056,
            "50.000000" : 350208,
            "60.000000" : 569344,
            "70.000000" : 634880,
            "80.000000" : 659456,
            "90.000000" : 724992,
            "95.000000" : 1073152,
            "99.000000" : 4947968,
            "99.500000" : 14614528,
            "99.900000" : 25034752,
            "99.950000" : 26345472,
            "99.990000" : 33423360
          }
        },
        "lat_ns" : {
          "min" : 245229,
          "max" : 33730894,
          "mean" : 774204.553298,
          "stddev" : 1796774.566095
        },
        "bw_min" : 17408,
        "bw_max" : 40960,
        "bw_agg" : 99.943480,
        "bw_mean" : 27275.575000,
        "bw_dev" : 4779.293103,
        "bw_samples" : 120,
        "iops_min" : 34,
        "iops_max" : 80,
        "iops_mean" : 52.950000,
        "iops_stddev" : 9.333999,
        "iops_samples" : 120
      },
      "trim" : {
        "io_bytes" : 0,
        "io_kbytes" : 0,
        "bw_bytes" : 0,
        "bw" : 0,
        "iops" : 0.000000,
        "runtime" : 0,
        "total_ios" : 0,
        "short_ios" : 0,
        "drop_ios" : 0,
        "slat_ns" : {
          "min" : 0,
          "max" : 0,
          "mean" : 0.000000,
          "stddev" : 0.000000
        },
        "clat_ns" : {
          "min" : 0,
          "max" : 0,
          "mean" : 0.000000,
          "stddev" : 0.000000,
          "percentile" : {
            "1.000000" : 0,
            "5.000000" : 0,
            "10.000000" : 0,
            "20.000000" : 0,
            "30.000000" : 0,
            "40.000000" : 0,
            "50.000000" : 0,
            "60.000000" : 0,
            "70.000000" : 0,
            "80.000000" : 0,
            "90.000000" : 0,
            "95.000000" : 0,
            "99.000000" : 0,
            "99.500000" : 0,
            "99.900000" : 0,
            "99.950000" : 0,
            "99.990000" : 0
          }
        },
        "lat_ns" : {
          "min" : 0,
          "max" : 0,
          "mean" : 0.000000,
          "stddev" : 0.000000
        },
        "bw_min" : 0,
        "bw_max" : 0,
        "bw_agg" : 0.000000,
        "bw_mean" : 0.000000,
        "bw_dev" : 0.000000,
        "bw_samples" : 0,
        "iops_min" : 0,
        "iops_max" : 0,
        "iops_mean" : 0.000000,
        "iops_stddev" : 0.000000,
        "iops_samples" : 0
      },
      "sync" : {
        "lat_ns" : {
          "min" : 0,
          "max" : 0,
          "mean" : 0.000000,
          "stddev" : 0.000000,
          "percentile" : {
            "1.000000" : 0,
            "5.000000" : 0,
            "10.000000" : 0,
            "20.000000" : 0,
            "30.000000" : 0,
            "40.000000" : 0,
            "50.000000" : 0,
            "60.000000" : 0,
            "70.000000" : 0,
            "80.000000" : 0,
            "90.000000" : 0,
            "95.000000" : 0,
            "99.000000" : 0,
            "99.500000" : 0,
            "99.900000" : 0,
            "99.950000" : 0,
            "99.990000" : 0
          }
        },
        "total_ios" : 0
      },
      "job_runtime" : 60014,
      "usr_cpu" : 0.573200,
      "sys_cpu" : 8.244743,
      "ctx" : 31138,
      "majf" : 0,
      "minf" : 16,
      "iodepth_level" : {
        "1" : 0.000000,
        "2" : 0.000000,
        "4" : 0.000000,
        "8" : 100.000000,
        "16" : 0.000000,
        "32" : 0.000000,
        ">=64" : 0.000000
      },
      "iodepth_submit" : {
        "0" : 0.000000,
        "4" : 100.000000,
        "8" : 0.000000,
        "16" : 0.000000,
        "32" : 0.000000,
        "64" : 0.000000,
        ">=64" : 0.000000
      },
      "iodepth_complete" : {
        "0" : 0.000000,
        "4" : 99.996869,
        "8" : 0.100000,
        "16" : 0.000000,
        "32" : 0.000000,
        "64" : 0.000000,
        ">=64" : 0.000000
      },
      "latency_ns" : {
        "2" : 0.000000,
        "4" : 0.000000,
        "10" : 0.000000,
        "20" : 0.000000,
        "50" : 0.000000,
        "100" : 0.000000,
        "250" : 0.000000,
        "500" : 0.000000,
        "750" : 0.000000,
        "1000" : 0.000000
      },
      "latency_us" : {
        "2" : 0.000000,
        "4" : 0.000000,
        "10" : 0.000000,
        "20" : 0.000000,
        "50" : 0.000000,
        "100" : 0.000000,
        "250" : 2.652179,
        "500" : 3.071769,
        "750" : 3.522670,
        "1000" : 0.306864
      },
      "latency_ms" : {
        "2" : 0.416458,
        "4" : 0.187876,
        "10" : 0.948773,
        "20" : 72.125501,
        "50" : 16.783567,
        "100" : 0.010000,
        "250" : 0.000000,
        "500" : 0.000000,
        "750" : 0.000000,
        "1000" : 0.000000,
        "2000" : 0.000000,
        ">=2000" : 0.000000
      },
      "latency_depth" : 8,