{
  "fio version" : "fio-3.15",
  "timestamp" : 1585709283,
  "timestamp_ms" : 1585709283926,
  "time" : "Tue Mar 31 19:48:03 2020",
  "global options" : {
    "direct" : "1",
    "iodepth" : "8",
    "ioengine" : "libaio",
    "runtime" : "60",
    "time_based" : "1",
    "ramp_time" : "5",
    "size" : "1g",
    "numjobs" : "1",
    "rw" : "rw",
    "bs" : "256k",
    "rwmixread" : "90",
    "rwmixwrite" : "10"
  },
  "jobs" : [
    {
      "jobname" : "read_bw_test",
      "groupid" : 0,
      "error" : 0,
      "eta" : 0,
      "elapsed" : 66,
      "job options" : {
        "name" : "read_bw_test",
        "filename" : "/mnt/ext4/testdir/testfio"
      },
      "read" : {
        "io_bytes" : 15049424896,
        "io_kbytes" : 14696704,
        "bw_bytes" : 250748523,
        "bw" : 244871,
        "iops" : 956.413076,
        "runtime" : 60018,
        "total_ios" : 57402,
        "short_ios" : 0,
        "drop_ios" : 0,
        "slat_ns" : {
          "min" : 17681,
          "max" : 16598841,
          "mean" : 73611.779729,
          "stddev" : 124718.184630
        },
        "clat_ns" : {
          "min" : 169618,
          "max" : 31712967,
          "mean" : 8239573.833876,
          "stddev" : 3091247.128053,
          "percentile" : {
            "1.000000" : 4882432,
            "5.000000" : 6586368,
            "10.000000" : 6979584,
            "20.000000" : 7176192,
            "30.000000" : 7241728,
            "40.000000" : 7307264,
            "50.000000" : 7307264,
            "60.000000" : 7372800,
            "70.000000" : 7438336,
            "80.000000" : 7503872,
            "90.000000" : 10682368,
            "95.000000" : 17170432,
            "99.000000" : 18743296,
            "99.500000" : 19529728,
            "99.900000" : 22675456,
            "99.950000" : 24248320,
            "99.990000" : 30015488
          }
        },
        "lat_ns" : {
          "min" : 219899,
          "max" : 31757086,
          "mean" : 8314465.483304,
          "stddev" : 3089006.394980
        },
        "bw_min" : 230912,
        "bw_max" : 256000,
        "bw_agg" : 99.973115,
        "bw_mean" : 244805.166667,
        "bw_dev" : 4793.125070,
        "bw_samples" : 120,
        "iops_min" : 902,
        "iops_max" : 1000,
        "iops_mean" : 956.250000,
        "iops_stddev" : 18.733985,
        "iops_samples" : 120
      },
      "write" : {
        "io_bytes" : 1673789440,
        "io_kbytes" : 1634560,
        "bw_bytes" : 27888124,
        "bw" : 27234,
        "iops" : 106.384751,
        "runtime" : 60018,
        "total_ios" : 6385,
        "short_ios" : 0,
        "drop_ios" : 0,
        "slat_ns" : {
          "min" : 18879,
          "max" : 2148988,
          "mean" : 79033.757400,
          "stddev" : 78534.524602
        },
        "clat_ns" : {
          "min" : 2890,
          "max" : 22835359,
          "mean" : 316753.252153,
          "stddev" : 669847.605612,
          "percentile" : {
            "1.000000" : 140288,
            "5.000000" : 148480,
            "10.000000" : 152576,
            "20.000000" : 162816,
            "30.000000" : 177152,
            "40.000000" : 191488,
            "50.000000" : 207872,
            "60.000000" : 224256,
            "70.000000" : 254976,
            "80.000000" : 354304,
            "90.000000" : 460800,
            "95.000000" : 716800,
            "99.000000" : 1728512,
            "99.500000" : 2703360,
            "99.900000" : 10813440,
            "99.950000" : 14090240,
            "99.990000" : 22937600
          }
        },
        "lat_ns" : {
          "min" : 175546,
          "max" : 22915112,
          "mean" : 397172.909789,
          "stddev" : 683142.827871
        },
        "bw_min" : 18395,
        "bw_max" : 35768,
        "bw_agg" : 99.986598,
        "bw_mean" : 27230.350000,
        "bw_dev" : 3386.000349,
        "bw_samples" : 120,
        "iops_min" : 71,
        "iops_max" : 139,
        "iops_mean" : 106.191667,
        "iops_stddev" : 13.248305,
        "iops_samples" : 120
      },
      "trim" : {
        "io_bytes" : 0,
        "io_kbytes" : 0,
        "bw_bytes" : 0,
        "bw" : 0,
        "iops" : 0.000000,
        "runtime" : 0,
        "total_ios" : 0,
        "short_ios" : 0,
        "drop_ios" : 0,
        "slat_ns" : {
          "min" : 0,
          "max" : 0,
          "mean" : 0.000000,
          "stddev" : 0.000000
        },
        "clat_ns" : {
          "min" : 0,
          "max" : 0,
          "mean" : 0.000000,
          "stddev" : 0.000000,
          "percentile" : {
            "1.000000" : 0,
            "5.000000" : 0,
            "10.000000" : 0,
            "20.000000" : 0,
            "30.000000" : 0,
            "40.000000" : 0,
            "50.000000" : 0,
            "60.000000" : 0,
            "70.000000" : 0,
            "80.000000" : 0,
            "90.000000" : 0,
            "95.000000" : 0,
            "99.000000" : 0,
            "99.500000" : 0,
            "99.900000" : 0,
            "99.950000" : 0,
            "99.990000" : 0
          }
        },
        "lat_ns" : {
          "min" : 0,
          "max" : 0,
          "mean" : 0.000000,
          "stddev" : 0.000000
        },
        "bw_min" : 0,
        "bw_max" : 0,
        "bw_agg" : 0.000000,
        "bw_mean" : 0.000000,
        "bw_dev" : 0.000000,
        "bw_samples" : 0,
        "iops_min" : 0,
        "iops_max" : 0,
        "iops_mean" : 0.000000,
        "iops_stddev" : 0.000000,
        "iops_samples" : 0
      },
      "sync" : {
        "lat_ns" : {
          "min" : 0,
          "max" : 0,
          "mean" : 0.000000,
          "stddev" : 0.000000,
          "percentile" : {
            "1.000000" : 0,
            "5.000000" : 0,
            "10.000000" : 0,
            "20.000000" : 0,
            "30.000000" : 0,
            "40.000000" : 0,
            "50.000000" : 0,
            "60.000000" : 0,
            "70.000000" : 0,
            "80.000000" : 0,
            "90.000000" : 0,
            "95.000000" : 0,
            "99.000000" : 0,
            "99.500000" : 0,
            "99.900000" : 0,
            "99.950000" : 0,
            "99.990000" : 0
          }
        },
        "total_ios" : 0
      },
      "job_runtime" : 60017,
      "usr_cpu" : 0.619824,
      "sys_cpu" : 9.817218,
      "ctx" : 61212,
      "majf" : 0,
      "minf" : 16,
      "iodepth_level" : {
        "1" : 0.000000,
        "2" : 0.000000,
        "4" : 0.000000,
        "8" : 100.000000,
        "16" : 0.000000,
        "32" : 0.000000,
        ">=64" : 0.000000
      },
      "iodepth_submit" : {
        "0" : 0.000000,
        "4" : 100.000000,
        "8" : 0.000000,
        "16" : 0.000000,
        "32" : 0.000000,
        "64" : 0.000000,
        ">=64" : 0.000000
      },
      "iodepth_complete" : {
        "0" : 0.000000,
        "4" : 99.998432,
        "8" : 0.100000,
        "16" : 0.000000,
        "32" : 0.000000,
        "64" : 0.000000,
        ">=64" : 0.000000
      },
      "latency_ns" : {
        "2" : 0.000000,
        "4" : 0.000000,
        "10" : 0.000000,
        "20" : 0.000000,
        "50" : 0.000000,
        "100" : 0.000000,
        "250" : 0.000000,
        "500" : 0.000000,
        "750" : 0.000000,
        "1000" : 0.000000
      },
      "latency_us" : {
        "2" : 0.000000,
        "4" : 0.010000,
        "10" : 0.000000,
        "20" : 0.000000,
        "50" : 0.010000,
        "100" : 0.023516,
        "250" : 6.951260,
        "500" : 2.360983,
        "750" : 0.385659,
        "1000" : 0.205371
      },
      "latency_ms" : {
        "2" : 0.297866,
        "4" : 0.379388,
        "10" : 80.223243,
        "20" : 8.843495,
        "50" : 0.337059,
        "100" : 0.000000,
        "250" : 0.000000,
        "500" : 0.000000,
        "750" : 0.000000,
        "1000" : 0.000000,
        "2000" : 0.000000,
        ">=2000" : 0.000000
      },
      "latency_depth" : 8,
      "latency_target" : 0,