{
  "fio version" : "fio-3.15",
  "timestamp" : 1585709218,
  "timestamp_ms" : 1585709218040,
  "time" : "Tue Mar 31 19:46:58 2020",
  "global options" : {
    "direct" : "1",
    "iodepth" : "8",
    "ioengine" : "libaio",
    "runtime" : "60",
    "time_based" : "1",
    "ramp_time" : "5",
    "size" : "1g",
    "numjobs" : "1",
    "rw" : "rw",
    "bs" : "128k",
    "rwmixread" : "90",
    "rwmixwrite" : "10"
  },
  "jobs" : [
    {
      "jobname" : "read_bw_test",
      "groupid" : 0,
      "error" : 0,
      "eta" : 0,
      "elapsed" : 66,
      "job options" : {
        "name" : "read_bw_test",
        "filename" : "/mnt/ext4/testdir/testfio"
      },
      "read" : {
        "io_bytes" : 14933950464,
        "io_kbytes" : 14583936,
        "bw_bytes" : 248882582,
        "bw" : 243049,
        "iops" : 1898.706753,
        "runtime" : 60004,
        "total_ios" : 113930,
        "short_ios" : 0,
        "drop_ios" : 0,
        "slat_ns" : {
          "min" : 10222,
          "max" : 17150877,
          "mean" : 49267.346599,
          "stddev" : 93830.121972
        },
        "clat_ns" : {
          "min" : 1816,
          "max" : 30735153,
          "mean" : 4130345.237403,
          "stddev" : 2241672.565833,
          "percentile" : {
            "1.000000" : 2310144,
            "5.000000" : 3358720,
            "10.000000" : 3489792,
            "20.000000" : 3588096,
            "30.000000" : 3620864,
            "40.000000" : 3653632,
            "50.000000" : 3653632,
            "60.000000" : 3686400,
            "70.000000" : 3719168,
            "80.000000" : 3719168,
            "90.000000" : 3751936,
            "95.000000" : 6848512,
            "99.000000" : 14614528,
            "99.500000" : 15269888,
            "99.900000" : 18481152,
            "99.950000" : 22151168,
            "99.990000" : 27656192
          }
        },
        "lat_ns" : {
          "min" : 141755,
          "max" : 30823832,
          "mean" : 4180530.293118,
          "stddev" : 2240966.045340
        },
        "bw_min" : 230962,
        "bw_max" : 256000,
        "bw_agg" : 99.951368,
        "bw_mean" : 242930.800000,
        "bw_dev" : 5194.687106,
        "bw_samples" : 120,
        "iops_min" : 1804,
        "iops_max" : 2000,
        "iops_mean" : 1897.850000,
        "iops_stddev" : 40.600669,
        "iops_samples" : 120
      },
      "write" : {
        "io_bytes" : 1644036096,
        "io_kbytes" : 1605504,
        "bw_bytes" : 27398775,
        "bw" : 26756,
        "iops" : 209.036064,
        "runtime" : 60004,
        "total_ios" : 12543,
        "short_ios" : 0,
        "drop_ios" : 0,
        "slat_ns" : {
          "min" : 11118,
          "max" : 4952544,
          "mean" : 55350.271546,
          "stddev" : 97171.446038
        },
        "clat_ns" : {
          "min" : 1784,
          "max" : 18200570,
          "mean" : 212209.900901,
          "stddev" : 401155.001263,
          "percentile" : {
            "1.000000" : 111104,
            "5.000000" : 116224,
            "10.000000" : 118272,
            "20.000000" : 121344,
            "30.000000" : 125440,
            "40.000000" : 130560,
            "50.000000" : 136192,
            "60.000000" : 146432,
            "70.000000" : 160768,
            "80.000000" : 203776,
            "90.000000" : 395264,
            "95.000000" : 514048,
            "99.000000" : 978944,
            "99.500000" : 1630208,
            "99.900000" : 5210112,
            "99.950000" : 10289152,
            "99.990000" : 13565952
          }
        },
        "lat_ns" : {
          "min" : 129212,
          "max" : 18237047,
          "mean" : 268573.152834,
          "stddev" : 425219.523418
        },
        "bw_min" : 21760,
        "bw_max" : 33792,
        "bw_agg" : 99.960165,
        "bw_mean" : 26745.341667,
        "bw_dev" : 2302.665199,
        "bw_samples" : 120,
        "iops_min" : 170,
        "iops_max" : 264,
        "iops_mean" : 208.816667,
        "iops_stddev" : 17.992054,
        "iops_samples" : 120
      },
      "trim" : {
        "io_bytes" : 0,
        "io_kbytes" : 0,
        "bw_bytes" : 0,
        "bw" : 0,
        "iops" : 0.000000,
        "runtime" : 0,
        "total_ios" : 0,
        "short_ios" : 0,
        "drop_ios" : 0,
        "slat_ns" : {
          "min" : 0,
          "max" : 0,
          "mean" : 0.000000,
          "stddev" : 0.000000
        },
        "clat_ns" : {
          "min" : 0,
          "max" : 0,
          "mean" : 0.000000,
          "stddev" : 0.000000,
          "percentile" : {
            "1.000000" : 0,
            "5.000000" : 0,
            "10.000000" : 0,
            "20.000000" : 0,
            "30.000000" : 0,
            "40.000000" : 0,
            "50.000000" : 0,
            "60.000000" : 0,
            "70.000000" : 0,
            "80.000000" : 0,
            "90.000000" : 0,
            "95.000000" : 0,
            "99.000000" : 0,
            "99.500000" : 0,
            "99.900000" : 0,
            "99.950000" : 0,
            "99.990000" : 0
          }
        },
        "lat_ns" : {
          "min" : 0,
          "max" : 0,
          "mean" : 0.000000,
          "stddev" : 0.000000
        },
        "bw_min" : 0,
        "bw_max" : 0,
        "bw_agg" : 0.000000,
        "bw_mean" : 0.000000,
        "bw_dev" : 0.000000,
        "bw_samples" : 0,
        "iops_min" : 0,
        "iops_max" : 0,
        "iops_mean" : 0.000000,
        "iops_stddev" : 0.000000,
        "iops_samples" : 0
      },
      "sync" : {
        "lat_ns" : {
          "min" : 0,
          "max" : 0,
          "mean" : 0.000000,
          "stddev" : 0.000000,
          "percentile" : {
            "1.000000" : 0,
            "5.000000" : 0,
            "10.000000" : 0,
            "20.000000" : 0,
            "30.000000" : 0,
            "40.000000" : 0,
            "50.000000" : 0,
            "60.000000" : 0,
            "70.000000" : 0,
            "80.000000" : 0,
            "90.000000" : 0,
            "95.000000" : 0,
            "99.000000" : 0,
            "99.500000" : 0,
            "99.900000" : 0,
            "99.950000" : 0,
            "99.990000" : 0
          }
        },
        "total_ios" : 0
      },
      "job_runtime" : 60003,
      "usr_cpu" : 0.533307,
      "sys_cpu" : 13.919304,
      "ctx" : 120699,
      "majf" : 0,
      "minf" : 16,
      "iodepth_level" : {
        "1" : 0.000000,
        "2" : 0.000000,
        "4" : 0.000000,
        "8" : 100.000000,
        "16" : 0.000000,
        "32" : 0.000000,
        ">=64" : 0.000000
      },
      "iodepth_submit" : {
        "0" : 0.000000,
        "4" : 100.000000,
        "8" : 0.000000,
        "16" : 0.000000,
        "32" : 0.000000,
        "64" : 0.000000,
        ">=64" : 0.000000
      },
      "iodepth_complete" : {
        "0" : 0.000000,
        "4" : 99.999209,
        "8" : 0.100000,
        "16" : 0.000000,
        "32" : 0.000000,
        "64" : 0.000000,
        ">=64" : 0.000000
      },
      "latency_ns" : {
        "2" : 0.000000,
        "4" : 0.000000,
        "10" : 0.000000,
        "20" : 0.000000,
        "50" : 0.000000,
        "100" : 0.000000,
        "250" : 0.000000,
        "500" : 0.000000,
        "750" : 0.000000,
        "1000" : 0.000000
      },
      "latency_us" : {
        "2" : 0.010000,
        "4" : 0.010000,
        "10" : 0.010000,
        "20" : 0.000000,
        "50" : 0.013442,
        "100" : 0.015023,
        "250" : 8.384398,
        "500" : 1.136211,
        "750" : 0.434875,
        "1000" : 0.183438
      },
      "latency_ms" : {
        "2" : 0.427759,
        "4" : 82.771817,
        "10" : 2.456651,
        "20" : 4.108387,
        "50" : 0.066417,
        "100" : 0.000000,
        "250" : 0.000000,
        "500" : 0.000000,
        "750" : 0.000000,
        "1000" : 0.000000,
        "2000" : 0.000000,
        ">=2000" : 0.000000
      },
      "latency_depth" : 8,
      "latency_target" : 0,