{
  "fio version" : "fio-3.15",
  "timestamp" : 1585709086,
  "timestamp_ms" : 1585709086431,
  "time" : "Tue Mar 31 19:44:46 2020",
  "global options" : {
    "direct" : "1",
    "iodepth" : "8",
    "ioengine" : "libaio",
    "runtime" : "60",
    "time_based" : "1",
    "ramp_time" : "5",
    "size" : "1g",
    "numjobs" : "1",
    "rw" : "rw",
    "bs" : "32k",
    "rwmixread" : "90",
    "rwmixwrite" : "10"
  },
  "jobs" : [
    {
      "jobname" : "read_bw_test",
      "groupid" : 0,
      "error" : 0,
      "eta" : 0,
      "elapsed" : 66,
      "job options" : {
        "name" : "read_bw_test",
        "filename" : "/mnt/ext4/testdir/testfio"
      },
      "read" : {
        "io_bytes" : 14248411136,
        "io_kbytes" : 13914464,
        "bw_bytes" : 237469561,
        "bw" : 231903,
        "iops" : 7246.862552,
        "runtime" : 60001,
        "total_ios" : 434819,
        "short_ios" : 0,
        "drop_ios" : 0,
        "slat_ns" : {
          "min" : 5323,
          "max" : 13327505,
          "mean" : 48417.031530,
          "stddev" : 89508.193579
        },
        "clat_ns" : {
          "min" : 57992,
          "max" : 25325026,
          "mean" : 1022812.663534,
          "stddev" : 1154341.783943,
          "percentile" : {
            "1.000000" : 468992,
            "5.000000" : 659456,
            "10.000000" : 741376,
            "20.000000" : 806912,
            "30.000000" : 856064,
            "40.000000" : 888832,
            "50.000000" : 905216,
            "60.000000" : 913408,
            "70.000000" : 921600,
            "80.000000" : 946176,
            "90.000000" : 995328,
            "95.000000" : 1155072,
            "99.000000" : 10158080,
            "99.500000" : 11337728,
            "99.900000" : 13041664,
            "99.950000" : 13434880,
            "99.990000" : 15532032
          }
        },
        "lat_ns" : {
          "min" : 88103,
          "max" : 25352132,
          "mean" : 1072073.502116,
          "stddev" : 1155511.410942
        },
        "bw_min" : 215552,
        "bw_max" : 243840,
        "bw_agg" : 99.978996,
        "bw_mean" : 231854.291667,
        "bw_dev" : 5175.535158,
        "bw_samples" : 120,
        "iops_min" : 6736,
        "iops_max" : 7620,
        "iops_mean" : 7245.383333,
        "iops_stddev" : 161.756700,
        "iops_samples" : 120
      },
      "write" : {
        "io_bytes" : 1590722560,
        "io_kbytes" : 1553440,
        "bw_bytes" : 26511600,
        "bw" : 25890,
        "iops" : 809.069849,
        "runtime" : 60001,
        "total_ios" : 48545,
        "short_ios" : 0,
        "drop_ios" : 0,
        "slat_ns" : {
          "min" : 6298,
          "max" : 4464118,
          "mean" : 58658.635575,
          "stddev" : 72998.648646
        },
        "clat_ns" : {
          "min" : 1632,
          "max" : 13710816,
          "mean" : 199529.300587,
          "stddev" : 231616.985021,
          "percentile" : {
            "1.000000" : 59648,
            "5.000000" : 75264,
            "10.000000" : 92672,
            "20.000000" : 110080,
            "30.000000" : 124416,
            "40.000000" : 138240,
            "50.000000" : 152576,
            "60.000000" : 168960,
            "70.000000" : 195584,
            "80.000000" : 240640,
            "90.000000" : 354304,
            "95.000000" : 485376,
            "99.000000" : 782336,
            "99.500000" : 913408,
            "99.900000" : 1646592,
            "99.950000" : 3817472,
            "99.990000" : 12255232
          }
        },
        "lat_ns" : {
          "min" : 81812,
          "max" : 13879811,
          "mean" : 259074.023195,
          "stddev" : 251617.951995
        },
        "bw_min" : 21632,
        "bw_max" : 29568,
        "bw_agg" : 99.978788,
        "bw_mean" : 25884.508333,
        "bw_dev" : 1445.156884,
        "bw_samples" : 120,
        "iops_min" : 676,
        "iops_max" : 924,
        "iops_mean" : 808.850000,
        "iops_stddev" : 45.173550,
        "iops_samples" : 120
      },
      "trim" : {
        "io_bytes" : 0,
        "io_kbytes" : 0,
        "bw_bytes" : 0,
        "bw" : 0,
        "iops" : 0.000000,
        "runtime" : 0,
        "total_ios" : 0,
        "short_ios" : 0,
        "drop_ios" : 0,
        "slat_ns" : {
          "min" : 0,
          "max" : 0,
          "mean" : 0.000000,
          "stddev" : 0.000000
        },
        "clat_ns" : {
          "min" : 0,
          "max" : 0,
          "mean" : 0.000000,
          "stddev" : 0.000000,
          "percentile" : {
            "1.000000" : 0,
            "5.000000" : 0,
            "10.000000" : 0,
            "20.000000" : 0,
            "30.000000" : 0,
            "40.000000" : 0,
            "50.000000" : 0,
            "60.000000" : 0,
            "70.000000" : 0,
            "80.000000" : 0,
            "90.000000" : 0,
            "95.000000" : 0,
            "99.000000" : 0,
            "99.500000" : 0,
            "99.900000" : 0,
            "99.950000" : 0,
            "99.990000" : 0
          }
        },
        "lat_ns" : {
          "min" : 0,
          "max" : 0,
          "mean" : 0.000000,
          "stddev" : 0.000000
        },
        "bw_min" : 0,
        "bw_max" : 0,
        "bw_agg" : 0.000000,
        "bw_mean" : 0.000000,
        "bw_dev" : 0.000000,
        "bw_samples" : 0,
        "iops_min" : 0,
        "iops_max" : 0,
        "iops_mean" : 0.000000,
        "iops_stddev" : 0.000000,
        "iops_samples" : 0
      },
      "sync" : {
        "lat_ns" : {
          "min" : 0,
          "max" : 0,
          "mean" : 0.000000,
          "stddev" : 0.000000,
          "percentile" : {
            "1.000000" : 0,
            "5.000000" : 0,
            "10.000000" : 0,
            "20.000000" : 0,
            "30.000000" : 0,
            "40.000000" : 0,
            "50.000000" : 0,
            "60.000000" : 0,
            "70.000000" : 0,
            "80.000000" : 0,
            "90.000000" : 0,
            "95.000000" : 0,
            "99.000000" : 0,
            "99.500000" : 0,
            "99.900000" : 0,
            "99.950000" : 0,
            "99.990000" : 0
          }
        },
        "total_ios" : 0
      },
      "job_runtime" : 60000,
      "usr_cpu" : 0.753333,
      "sys_cpu" : 48.960000,
      "ctx" : 311083,
      "majf" : 0,
      "minf" : 16,
      "iodepth_level" : {
        "1" : 0.000000,
        "2" : 0.000000,
        "4" : 0.000000,
        "8" : 100.000000,
        "16" : 0.000000,
        "32" : 0.000000,
        ">=64" : 0.000000
      },
      "iodepth_submit" : {
        "0" : 0.000000,
        "4" : 100.000000,
        "8" : 0.000000,
        "16" : 0.000000,
        "32" : 0.000000,
        "64" : 0.000000,
        ">=64" : 0.000000
      },
      "iodepth_complete" : {
        "0" : 0.000000,
        "4" : 99.999793,
        "8" : 0.100000,
        "16" : 0.000000,
        "32" : 0.000000,
        "64" : 0.000000,
        ">=64" : 0.000000
      },
      "latency_ns" : {
        "2" : 0.000000,
        "4" : 0.000000,
        "10" : 0.000000,
        "20" : 0.000000,
        "50" : 0.000000,
        "100" : 0.000000,
        "250" : 0.000000,
        "500" : 0.000000,
        "750" : 0.000000,
        "1000" : 0.000000
      },
      "latency_us" : {
        "2" : 0.027309,
        "4" : 0.010000,
        "10" : 0.000000,
        "20" : 0.000000,
        "50" : 0.037653,
        "100" : 1.303779,
        "250" : 6.847428,
        "500" : 2.548183,
        "750" : 9.229690,
        "1000" : 71.476155
      },
      "latency_ms" : {
        "2" : 6.657509,
        "4" : 0.692232,
        "10" : 0.237502,
        "20" : 0.937389,
        "50" : 0.010000,
        "100" : 0.000000,
        "250" : 0.000000,
        "500" : 0.000000,
        "750" : 0.000000,
        "1000" : 0.000000,
        "2000" : 0.000000,
        ">=2000" : 0.000000
      },
      "latency_depth" : 8,
      "latency_target" : 0,