{
  "fio version" : "fio-3.15",
  "timestamp" : 1585709020,
  "timestamp_ms" : 1585709020605,
  "time" : "Tue Mar 31 19:43:40 2020",
  "global options" : {
    "direct" : "1",
    "iodepth" : "8",
    "ioengine" : "libaio",
    "runtime" : "60",
    "time_based" : "1",
    "ramp_time" : "5",
    "size" : "1g",
    "numjobs" : "1",
    "rw" : "rw",
    "bs" : "16k",
    "rwmixread" : "90",
    "rwmixwrite" : "10"
  },
  "jobs" : [
    {
      "jobname" : "read_bw_test",
      "groupid" : 0,
      "error" : 0,
      "eta" : 0,
      "elapsed" : 66,
      "job options" : {
        "name" : "read_bw_test",
        "filename" : "/mnt/ext4/testdir/testfio"
      },
      "read" : {
        "io_bytes" : 8978464768,
        "io_kbytes" : 8768032,
        "bw_bytes" : 149638585,
        "bw" : 146131,
        "iops" : 9133.097782,
        "runtime" : 60001,
        "total_ios" : 547995,
        "short_ios" : 0,
        "drop_ios" : 0,
        "slat_ns" : {
          "min" : 4422,
          "max" : 15489067,
          "mean" : 78934.369467,
          "stddev" : 138520.503797
        },
        "clat_ns" : {
          "min" : 66754,
          "max" : 19273108,
          "mean" : 730986.000252,
          "stddev" : 870055.943635,
          "percentile" : {
            "1.000000" : 272384,
            "5.000000" : 382976,
            "10.000000" : 432128,
            "20.000000" : 485376,
            "30.000000" : 544768,
            "40.000000" : 618496,
            "50.000000" : 659456,
            "60.000000" : 700416,
            "70.000000" : 733184,
            "80.000000" : 790528,
            "90.000000" : 921600,
            "95.000000" : 1028096,
            "99.000000" : 1695744,
            "99.500000" : 10682368,
            "99.900000" : 12255232,
            "99.950000" : 13041664,
            "99.990000" : 14614528
          }
        },
        "lat_ns" : {
          "min" : 248228,
          "max" : 19345020,
          "mean" : 810910.872511,
          "stddev" : 874178.822240
        },
        "bw_min" : 119552,
        "bw_max" : 199168,
        "bw_agg" : 100.000000,
        "bw_mean" : 146149.857143,
        "bw_dev" : 24245.003572,
        "bw_samples" : 119,
        "iops_min" : 7472,
        "iops_max" : 12448,
        "iops_mean" : 9134.260504,
        "iops_stddev" : 1515.244739,
        "iops_samples" : 119
      },
      "write" : {
        "io_bytes" : 1001455616,
        "io_kbytes" : 977984,
        "bw_bytes" : 16690648,
        "bw" : 16299,
        "iops" : 1018.716355,
        "runtime" : 60001,
        "total_ios" : 61124,
        "short_ios" : 0,
        "drop_ios" : 0,
        "slat_ns" : {
          "min" : 5544,
          "max" : 12813727,
          "mean" : 103035.350893,
          "stddev" : 168918.280610
        },
        "clat_ns" : {
          "min" : 1739,
          "max" : 15457844,
          "mean" : 444578.113965,
          "stddev" : 334503.174852,
          "percentile" : {
            "1.000000" : 59648,
            "5.000000" : 93696,
            "10.000000" : 148480,
            "20.000000" : 252928,
            "30.000000" : 301056,
            "40.000000" : 362496,
            "50.000000" : 440320,
            "60.000000" : 501760,
            "70.000000" : 561152,
            "80.000000" : 618496,
            "90.000000" : 716800,
            "95.000000" : 782336,
            "99.000000" : 937984,
            "99.500000" : 995328,
            "99.900000" : 1482752,
            "99.950000" : 6193152,
            "99.990000" : 13172736
          }
        },
        "lat_ns" : {
          "min" : 79173,
          "max" : 15493779,
          "mean" : 548569.209656,
          "stddev" : 343229.458718
        },
        "bw_min" : 12960,
        "bw_max" : 22496,
        "bw_agg" : 100.000000,
        "bw_mean" : 16307.546218,
        "bw_dev" : 2688.375424,
        "bw_samples" : 119,
        "iops_min" : 810,
        "iops_max" : 1406,
        "iops_mean" : 1019.134454,
        "iops_stddev" : 167.928603,
        "iops_samples" : 119
      },
      "trim" : {
        "io_bytes" : 0,
        "io_kbytes" : 0,
        "bw_bytes" : 0,
        "bw" : 0,
        "iops" : 0.000000,
        "runtime" : 0,
        "total_ios" : 0,
        "short_ios" : 0,
        "drop_ios" : 0,
        "slat_ns" : {
          "min" : 0,
          "max" : 0,
          "mean" : 0.000000,
          "stddev" : 0.000000
        },
        "clat_ns" : {
          "min" : 0,
          "max" : 0,
          "mean" : 0.000000,
          "stddev" : 0.000000,
          "percentile" : {
            "1.000000" : 0,
            "5.000000" : 0,
            "10.000000" : 0,
            "20.000000" : 0,
            "30.000000" : 0,
            "40.000000" : 0,
            "50.000000" : 0,
            "60.000000" : 0,
            "70.000000" : 0,
            "80.000000" : 0,
            "90.000000" : 0,
            "95.000000" : 0,
            "99.000000" : 0,
            "99.500000" : 0,
            "99.900000" : 0,
            "99.950000" : 0,
            "99.990000" : 0
          }
        },
        "lat_ns" : {
          "min" : 0,
          "max" : 0,
          "mean" : 0.000000,
          "stddev" : 0.000000
        },
        "bw_min" : 0,
        "bw_max" : 0,
        "bw_agg" : 0.000000,
        "bw_mean" : 0.000000,
        "bw_dev" : 0.000000,
        "bw_samples" : 0,
        "iops_min" : 0,
        "iops_max" : 0,
        "iops_mean" : 0.000000,
        "iops_stddev" : 0.000000,
        "iops_samples" : 0
      },
      "sync" : {
        "lat_ns" : {
          "min" : 0,
          "max" : 0,
          "mean" : 0.000000,
          "stddev" : 0.000000,
          "percentile" : {
            "1.000000" : 0,
            "5.000000" : 0,
            "10.000000" : 0,
            "20.000000" : 0,
            "30.000000" : 0,
            "40.000000" : 0,
            "50.000000" : 0,
            "60.000000" : 0,
            "70.000000" : 0,
            "80.000000" : 0,
            "90.000000" : 0,
            "95.000000" : 0,
            "99.000000" : 0,
            "99.500000" : 0,
            "99.900000" : 0,
            "99.950000" : 0,
            "99.990000" : 0
          }
        },
        "total_ios" : 0
      },
      "job_runtime" : 60000,
      "usr_cpu" : 0.773333,
      "sys_cpu" : 88.926667,
      "ctx" : 17774,
      "majf" : 0,
      "minf" : 16,
      "iodepth_level" : {
        "1" : 0.000000,
        "2" : 0.000000,
        "4" : 0.000000,
        "8" : 100.000000,
        "16" : 0.000000,
        "32" : 0.000000,
        ">=64" : 0.000000
      },
      "iodepth_submit" : {
        "0" : 0.000000,
        "4" : 100.000000,
        "8" : 0.000000,
        "16" : 0.000000,
        "32" : 0.000000,
        "64" : 0.000000,
        ">=64" : 0.000000
      },
      "iodepth_complete" : {
        "0" : 0.000000,
        "4" : 99.999836,
        "8" : 0.100000,
        "16" : 0.000000,
        "32" : 0.000000,
        "64" : 0.000000,
        ">=64" : 0.000000
      },
      "latency_ns" : {
        "2" : 0.000000,
        "4" : 0.000000,
        "10" : 0.000000,
        "20" : 0.000000,
        "50" : 0.000000,
        "100" : 0.000000,
        "250" : 0.000000,
        "500" : 0.000000,
        "750" : 0.000000,
        "1000" : 0.000000
      },
      "latency_us" : {
        "2" : 0.010000,
        "4" : 0.010000,
        "10" : 0.000000,
        "20" : 0.000000,
        "50" : 0.038416,
        "100" : 0.500559,
        "250" : 1.500364,
        "500" : 24.360100,
        "750" : 49.777137,
        "1000" : 18.188564
      },
      "latency_ms" : {
        "2" : 4.818434,
        "4" : 0.194707,
        "10" : 0.135277,
        "20" : 0.483978,
        "50" : 0.000000,
        "100" : 0.000000,
        "250" : 0.000000,
        "500" : 0.000000,
        "750" : 0.000000,
        "1000" : 0.000000,
        "2000" : 0.000000,
        ">=2000" : 0.000000
      },
      "latency_depth" : 8,
      "latency_target" : 0,