{
  "fio version" : "fio-3.15",
  "timestamp" : 1585708954,
  "timestamp_ms" : 1585708954783,
  "time" : "Tue Mar 31 19:42:34 2020",
  "global options" : {
    "direct" : "1",
    "iodepth" : "8",
    "ioengine" : "libaio",
    "runtime" : "60",
    "time_based" : "1",
    "ramp_time" : "5",
    "size" : "1g",
    "numjobs" : "1",
    "rw" : "rw",
    "bs" : "8k",
    "rwmixread" : "90",
    "rwmixwrite" : "10"
  },
  "jobs" : [
    {
      "jobname" : "read_bw_test",
      "groupid" : 0,
      "error" : 0,
      "eta" : 0,
      "elapsed" : 66,
      "job options" : {
        "name" : "read_bw_test",
        "filename" : "/mnt/ext4/testdir/testfio"
      },
      "read" : {
        "io_bytes" : 5833220096,
        "io_kbytes" : 5696504,
        "bw_bytes" : 97218714,
        "bw" : 94940,
        "iops" : 11867.402210,
        "runtime" : 60001,
        "total_ios" : 712056,
        "short_ios" : 0,
        "drop_ios" : 0,
        "slat_ns" : {
          "min" : 3980,
          "max" : 16886095,
          "mean" : 64494.238411,
          "stddev" : 102933.136800
        },
        "clat_ns" : {
          "min" : 57704,
          "max" : 17767349,
          "mean" : 551406.514357,
          "stddev" : 658269.200864,
          "percentile" : {
            "1.000000" : 309248,
            "5.000000" : 350208,
            "10.000000" : 374784,
            "20.000000" : 399360,
            "30.000000" : 419840,
            "40.000000" : 440320,
            "50.000000" : 464896,
            "60.000000" : 489472,
            "70.000000" : 544768,
            "80.000000" : 659456,
            "90.000000" : 749568,
            "95.000000" : 806912,
            "99.000000" : 954368,
            "99.500000" : 1204224,
            "99.900000" : 11730944,
            "99.950000" : 12517376,
            "99.990000" : 13959168
          }
        },
        "lat_ns" : {
          "min" : 242344,
          "max" : 17844804,
          "mean" : 616757.370428,
          "stddev" : 664644.258336
        },
        "bw_min" : 66048,
        "bw_max" : 122304,
        "bw_agg" : 99.987913,
        "bw_mean" : 94928.525000,
        "bw_dev" : 17961.974941,
        "bw_samples" : 120,
        "iops_min" : 8256,
        "iops_max" : 15288,
        "iops_mean" : 11866.066667,
        "iops_stddev" : 2245.267998,
        "iops_samples" : 120
      },
      "write" : {
        "io_bytes" : 650412032,
        "io_kbytes" : 635168,
        "bw_bytes" : 10840019,
        "bw" : 10585,
        "iops" : 1323.227946,
        "runtime" : 60001,
        "total_ios" : 79395,
        "short_ios" : 0,
        "drop_ios" : 0,
        "slat_ns" : {
          "min" : 4949,
          "max" : 12472281,
          "mean" : 74345.511682,
          "stddev" : 102538.657333
        },
        "clat_ns" : {
          "min" : 1641,
          "max" : 15152682,
          "mean" : 411253.929493,
          "stddev" : 319814.932116,
          "percentile" : {
            "1.000000" : 111104,
            "5.000000" : 207872,
            "10.000000" : 257024,
            "20.000000" : 288768,
            "30.000000" : 313344,
            "40.000000" : 333824,
            "50.000000" : 362496,
            "60.000000" : 403456,
            "70.000000" : 448512,
            "80.000000" : 528384,
            "90.000000" : 651264,
            "95.000000" : 716800,
            "99.000000" : 831488,
            "99.500000" : 888832,
            "99.900000" : 1044480,
            "99.950000" : 8355840,
            "99.990000" : 12910592
          }
        },
        "lat_ns" : {
          "min" : 89327,
          "max" : 15158027,
          "mean" : 486389.374704,
          "stddev" : 333191.384358
        },
        "bw_min" : 7312,
        "bw_max" : 14144,
        "bw_agg" : 99.995985,
        "bw_mean" : 10584.575000,
        "bw_dev" : 2067.142857,
        "bw_samples" : 120,
        "iops_min" : 914,
        "iops_max" : 1768,
        "iops_mean" : 1323.041667,
        "iops_stddev" : 258.400653,
        "iops_samples" : 120
      },
      "trim" : {
        "io_bytes" : 0,
        "io_kbytes" : 0,
        "bw_bytes" : 0,
        "bw" : 0,
        "iops" : 0.000000,
        "runtime" : 0,
        "total_ios" : 0,
        "short_ios" : 0,
        "drop_ios" : 0,
        "slat_ns" : {
          "min" : 0,
          "max" : 0,
          "mean" : 0.000000,
          "stddev" : 0.000000
        },
        "clat_ns" : {
          "min" : 0,
          "max" : 0,
          "mean" : 0.000000,
          "stddev" : 0.000000,
          "percentile" : {
            "1.000000" : 0,
            "5.000000" : 0,
            "10.000000" : 0,
            "20.000000" : 0,
            "30.000000" : 0,
            "40.000000" : 0,
            "50.000000" : 0,
            "60.000000" : 0,
            "70.000000" : 0,
            "80.000000" : 0,
            "90.000000" : 0,
            "95.000000" : 0,
            "99.000000" : 0,
            "99.500000" : 0,
            "99.900000" : 0,
            "99.950000" : 0,
            "99.990000" : 0
          }
        },
        "lat_ns" : {
          "min" : 0,
          "max" : 0,
          "mean" : 0.000000,
          "stddev" : 0.000000
        },
        "bw_min" : 0,
        "bw_max" : 0,
        "bw_agg" : 0.000000,
        "bw_mean" : 0.000000,
        "bw_dev" : 0.000000,
        "bw_samples" : 0,
        "iops_min" : 0,
        "iops_max" : 0,
        "iops_mean" : 0.000000,
        "iops_stddev" : 0.000000,
        "iops_samples" : 0
      },
      "sync" : {
        "lat_ns" : {
          "min" : 0,
          "max" : 0,
          "mean" : 0.000000,
          "stddev" : 0.000000,
          "percentile" : {
            "1.000000" : 0,
            "5.000000" : 0,
            "10.000000" : 0,
            "20.000000" : 0,
            "30.000000" : 0,
            "40.000000" : 0,
            "50.000000" : 0,
            "60.000000" : 0,
            "70.000000" : 0,
            "80.000000" : 0,
            "90.000000" : 0,
            "95.000000" : 0,
            "99.000000" : 0,
            "99.500000" : 0,
            "99.900000" : 0,
            "99.950000" : 0,
            "99.990000" : 0
          }
        },
        "total_ios" : 0
      },
      "job_runtime" : 60000,
      "usr_cpu" : 1.033333,
      "sys_cpu" : 92.966667,
      "ctx" : 12464,
      "majf" : 0,
      "minf" : 16,
      "iodepth_level" : {
        "1" : 0.000000,
        "2" : 0.000000,
        "4" : 0.000000,
        "8" : 100.000000,
        "16" : 0.000000,
        "32" : 0.000000,
        ">=64" : 0.000000
      },
      "iodepth_submit" : {
        "0" : 0.000000,
        "4" : 100.000000,
        "8" : 0.000000,
        "16" : 0.000000,
        "32" : 0.000000,
        "64" : 0.000000,
        ">=64" : 0.000000
      },
      "iodepth_complete" : {
        "0" : 0.000000,
        "4" : 99.999874,
        "8" : 0.100000,
        "16" : 0.000000,
        "32" : 0.000000,
        "64" : 0.000000,
        ">=64" : 0.000000
      },
      "latency_ns" : {
        "2" : 0.000000,
        "4" : 0.000000,
        "10" : 0.000000,
        "20" : 0.000000,
        "50" : 0.000000,
        "100" : 0.000000,
        "250" : 0.000000,
        "500" : 0.000000,
        "750" : 0.000000,
        "1000" : 0.000000
      },
      "latency_us" : {
        "2" : 0.010000,
        "4" : 0.000000,
        "10" : 0.000000,
        "20" : 0.000000,
        "50" : 0.010000,
        "100" : 0.056099,
        "250" : 0.851979,
        "500" : 63.343656,
        "750" : 26.304218,
        "1000" : 8.725366
      },
      "latency_ms" : {
        "2" : 0.366289,
        "4" : 0.038158,
        "10" : 0.030577,
        "20" : 0.280371,
        "50" : 0.000000,
        "100" : 0.000000,
        "250" : 0.000000,
        "500" : 0.000000,
        "750" : 0.000000,
        "1000" : 0.000000,
        "2000" : 0.000000,
        ">=2000" : 0.000000
      },
      "latency_depth" : 8,
      "latency_target" : 0,