{
  "fio version" : "fio-3.15",
  "timestamp" : 1585708888,
  "timestamp_ms" : 1585708888974,
  "time" : "Tue Mar 31 19:41:28 2020",
  "global options" : {
    "direct" : "1",
    "iodepth" : "8",
    "ioengine" : "libaio",
    "runtime" : "60",
    "time_based" : "1",
    "ramp_time" : "5",
    "size" : "1g",
    "numjobs" : "1",
    "rw" : "rw",
    "bs" : "4k",
    "rwmixread" : "90",
    "rwmixwrite" : "10"
  },
  "jobs" : [
    {
      "jobname" : "read_bw_test",
      "groupid" : 0,
      "error" : 0,
      "eta" : 0,
      "elapsed" : 66,
      "job options" : {
        "name" : "read_bw_test",
        "filename" : "/mnt/ext4/testdir/testfio"
      },
      "read" : {
        "io_bytes" : 3313721344,
        "io_kbytes" : 3236056,
        "bw_bytes" : 55227768,
        "bw" : 53933,
        "iops" : 13483.225280,
        "runtime" : 60001,
        "total_ios" : 809007,
        "short_ios" : 0,
        "drop_ios" : 0,
        "slat_ns" : {
          "min" : 3834,
          "max" : 19752957,
          "mean" : 57161.391733,
          "stddev" : 78622.441975
        },
        "clat_ns" : {
          "min" : 146124,
          "max" : 29643984,
          "mean" : 484865.953609,
          "stddev" : 850054.302736,
          "percentile" : {
            "1.000000" : 309248,
            "5.000000" : 346112,
            "10.000000" : 362496,
            "20.000000" : 387072,
            "30.000000" : 403456,
            "40.000000" : 419840,
            "50.000000" : 436224,
            "60.000000" : 452608,
            "70.000000" : 473088,
            "80.000000" : 493568,
            "90.000000" : 528384,
            "95.000000" : 585728,
            "99.000000" : 790528,
            "99.500000" : 954368,
            "99.900000" : 20840448,
            "99.950000" : 22151168,
            "99.990000" : 23724032
          }
        },
        "lat_ns" : {
          "min" : 192571,
          "max" : 29666148,
          "mean" : 542880.861501,
          "stddev" : 852847.444120
        },
        "bw_min" : 28968,
        "bw_max" : 60952,
        "bw_agg" : 99.985541,
        "bw_mean" : 53925.201681,
        "bw_dev" : 4696.929577,
        "bw_samples" : 119,
        "iops_min" : 7242,
        "iops_max" : 15238,
        "iops_mean" : 13481.277311,
        "iops_stddev" : 1174.222736,
        "iops_samples" : 119
      },
      "write" : {
        "io_bytes" : 369463296,
        "io_kbytes" : 360804,
        "bw_bytes" : 6157618,
        "bw" : 6013,
        "iops" : 1503.324945,
        "runtime" : 60001,
        "total_ios" : 90201,
        "short_ios" : 0,
        "drop_ios" : 0,
        "slat_ns" : {
          "min" : 4643,
          "max" : 12540948,
          "mean" : 59760.531979,
          "stddev" : 105431.933688
        },
        "clat_ns" : {
          "min" : 1755,
          "max" : 21551510,
          "mean" : 372788.246671,
          "stddev" : 281983.068885,
          "percentile" : {
            "1.000000" : 179200,
            "5.000000" : 250880,
            "10.000000" : 280576,
            "20.000000" : 309248,
            "30.000000" : 329728,
            "40.000000" : 346112,
            "50.000000" : 362496,
            "60.000000" : 374784,
            "70.000000" : 387072,
            "80.000000" : 411648,
            "90.000000" : 452608,
            "95.000000" : 509952,
            "99.000000" : 692224,
            "99.500000" : 765952,
            "99.900000" : 1089536,
            "99.950000" : 4685824,
            "99.990000" : 12517376
          }
        },
        "lat_ns" : {
          "min" : 89868,
          "max" : 21904143,
          "mean" : 433400.506369,
          "stddev" : 302348.147968
        },
        "bw_min" : 3288,
        "bw_max" : 7001,
        "bw_agg" : 100.000000,
        "bw_mean" : 6013.033613,
        "bw_dev" : 569.754525,
        "bw_samples" : 119,
        "iops_min" : 822,
        "iops_max" : 1750,
        "iops_mean" : 1503.226891,
        "iops_stddev" : 142.424136,
        "iops_samples" : 119
      },
      "trim" : {
        "io_bytes" : 0,
        "io_kbytes" : 0,
        "bw_bytes" : 0,
        "bw" : 0,
        "iops" : 0.000000,
        "runtime" : 0,
        "total_ios" : 0,
        "short_ios" : 0,
        "drop_ios" : 0,
        "slat_ns" : {
          "min" : 0,
          "max" : 0,
          "mean" : 0.000000,
          "stddev" : 0.000000
        },
        "clat_ns" : {
          "min" : 0,
          "max" : 0,
          "mean" : 0.000000,
          "stddev" : 0.000000,
          "percentile" : {
            "1.000000" : 0,
            "5.000000" : 0,
            "10.000000" : 0,
            "20.000000" : 0,
            "30.000000" : 0,
            "40.000000" : 0,
            "50.000000" : 0,
            "60.000000" : 0,
            "70.000000" : 0,
            "80.000000" : 0,
            "90.000000" : 0,
            "95.000000" : 0,
            "99.000000" : 0,
            "99.500000" : 0,
            "99.900000" : 0,
            "99.950000" : 0,
            "99.990000" : 0
          }
        },
        "lat_ns" : {
          "min" : 0,
          "max" : 0,
          "mean" : 0.000000,
          "stddev" : 0.000000
        },
        "bw_min" : 0,
        "bw_max" : 0,
        "bw_agg" : 0.000000,
        "bw_mean" : 0.000000,
        "bw_dev" : 0.000000,
        "bw_samples" : 0,
        "iops_min" : 0,
        "iops_max" : 0,
        "iops_mean" : 0.000000,
        "iops_stddev" : 0.000000,
        "iops_samples" : 0
      },
      "sync" : {
        "lat_ns" : {
          "min" : 0,
          "max" : 0,
          "mean" : 0.000000,
          "stddev" : 0.000000,
          "percentile" : {
            "1.000000" : 0,
            "5.000000" : 0,
            "10.000000" : 0,
            "20.000000" : 0,
            "30.000000" : 0,
            "40.000000" : 0,
            "50.000000" : 0,
            "60.000000" : 0,
            "70.000000" : 0,
            "80.000000" : 0,
            "90.000000" : 0,
            "95.000000" : 0,
            "99.000000" : 0,
            "99.500000" : 0,
            "99.900000" : 0,
            "99.950000" : 0,
            "99.990000" : 0
          }
        },
        "total_ios" : 0
      },
      "job_runtime" : 60000,
      "usr_cpu" : 1.473333,
      "sys_cpu" : 91.733333,
      "ctx" : 9647,
      "majf" : 0,
      "minf" : 16,
      "iodepth_level" : {
        "1" : 0.000000,
        "2" : 0.000000,
        "4" : 0.000000,
        "8" : 100.000000,
        "16" : 0.000000,
        "32" : 0.000000,
        ">=64" : 0.000000
      },
      "iodepth_submit" : {
        "0" : 0.000000,
        "4" : 100.000000,
        "8" : 0.000000,
        "16" : 0.000000,
        "32" : 0.000000,
        "64" : 0.000000,
        ">=64" : 0.000000
      },
      "iodepth_complete" : {
        "0" : 0.000000,
        "4" : 99.999889,
        "8" : 0.100000,
        "16" : 0.000000,
        "32" : 0.000000,
        "64" : 0.000000,
        ">=64" : 0.000000
      },
      "latency_ns" : {
        "2" : 0.000000,
        "4" : 0.000000,
        "10" : 0.000000,
        "20" : 0.000000,
        "50" : 0.000000,
        "100" : 0.000000,
        "250" : 0.000000,
        "500" : 0.000000,
        "750" : 0.000000,
        "1000" : 0.000000
      },
      "latency_us" : {
        "2" : 0.010000,
        "4" : 0.000000,
        "10" : 0.000000,
        "20" : 0.000000,
        "50" : 0.010000,
        "100" : 0.015013,
        "250" : 0.495102,
        "500" : 83.287404,
        "750" : 14.954604,
        "1000" : 0.817608
      },
      "latency_ms" : {
        "2" : 0.175599,
        "4" : 0.029915,
        "10" : 0.054937,
        "20" : 0.067837,
        "50" : 0.102535,
        "100" : 0.000000,
        "250" : 0.000000,
        "500" : 0.000000,
        "750" : 0.000000,
        "1000" : 0.000000,
        "2000" : 0.000000,
        ">=2000" : 0.000000
      },
      "latency_depth" : 8,
      "latency_target" : 0,