{
  "fio version" : "fio-3.15",
  "timestamp" : 1586206041,
  "timestamp_ms" : 1586206041948,
  "time" : "Mon Apr  6 20:47:21 2020",
  "global options" : {
    "direct" : "1",
    "iodepth" : "22",
    "ioengine" : "libaio",
    "runtime" : "10",
    "time_based" : "1",
    "ramp_time" : "5",
    "size" : "1g",
    "numjobs" : "1",
    "rw" : "write",
    "bs" : "1024k",
    "rwmixread" : "90",
    "rwmixwrite" : "10"
  },
  "jobs" : [
    {
      "jobname" : "read_bw_test",
      "groupid" : 0,
      "error" : 0,
      "eta" : 0,
      "elapsed" : 16,
      "job options" : {
        "name" : "read_bw_test",
        "filename" : "/dev/sdc"
      },
      "read" : {
        "io_bytes" : 0,
        "io_kbytes" : 0,
        "bw_bytes" : 0,
        "bw" : 0,
        "iops" : 0.000000,
        "runtime" : 0,
        "total_ios" : 0,
        "short_ios" : 0,
        "drop_ios" : 0,
        "slat_ns" : {
          "min" : 0,
          "max" : 0,
          "mean" : 0.000000,
          "stddev" : 0.000000
        },
        "clat_ns" : {
          "min" : 0,
          "max" : 0,
          "mean" : 0.000000,
          "stddev" : 0.000000,
          "percentile" : {
            "1.000000" : 0,
            "5.000000" : 0,
            "10.000000" : 0,
            "20.000000" : 0,
            "30.000000" : 0,
            "40.000000" : 0,
            "50.000000" : 0,
            "60.000000" : 0,
            "70.000000" : 0,
            "80.000000" : 0,
            "90.000000" : 0,
            "95.000000" : 0,
            "99.000000" : 0,
            "99.500000" : 0,
            "99.900000" : 0,
            "99.950000" : 0,
            "99.990000" : 0
          }
        },
        "lat_ns" : {
          "min" : 0,
          "max" : 0,
          "mean" : 0.000000,
          "stddev" : 0.000000
        },
        "bw_min" : 0,
        "bw_max" : 0,
        "bw_agg" : 0.000000,
        "bw_mean" : 0.000000,
        "bw_dev" : 0.000000,
        "bw_samples" : 0,
        "iops_min" : 0,
        "iops_max" : 0,
        "iops_mean" : 0.000000,
        "iops_stddev" : 0.000000,
        "iops_samples" : 0
      },
      "write" : {
        "io_bytes" : 776994816,
        "io_kbytes" : 758784,
        "bw_bytes" : 73135807,
        "bw" : 71421,
        "iops" : 67.771084,
        "runtime" : 10624,
        "total_ios" : 720,
        "short_ios" : 0,
        "drop_ios" : 0,
        "slat_ns" : {
          "min" : 77770,
          "max" : 130186,
          "mean" : 100975.343056,
          "stddev" : 9595.486460
        },
        "clat_ns" : {
          "min" : 84091113,
          "max" : 1209453426,
          "mean" : 323833651.488529,
          "stddev" : 267878887.042996,
          "percentile" : {
            "1.000000" : 84410368,
            "5.000000" : 84410368,
            "10.000000" : 84410368,
            "20.000000" : 84410368,
            "30.000000" : 84410368,
            "40.000000" : 84410368,
            "50.000000" : 183500800,
            "60.000000" : 379584512,
            "70.000000" : 574619648,
            "80.000000" : 641728512,
            "90.000000" : 666894336,
            "95.000000" : 692060160,
            "99.000000" : 1010827264,
            "99.500000" : 1132462080,
            "99.900000" : 1216348160,
            "99.950000" : 1216348160,
            "99.990000" : 1216348160
          }
        },
        "lat_ns" : {
          "min" : 84201134,
          "max" : 1209534660,
          "mean" : 323935341.927125,
          "stddev" : 267879106.131258
        },
        "bw_min" : 2043,
        "bw_max" : 243712,
        "bw_agg" : 98.309687,
        "bw_mean" : 70213.761905,
        "bw_dev" : 67871.393292,
        "bw_samples" : 21,
        "iops_min" : 1,
        "iops_max" : 238,
        "iops_mean" : 68.476190,
        "iops_stddev" : 66.357079,
        "iops_samples" : 21
      },
      "trim" : {
        "io_bytes" : 0,
        "io_kbytes" : 0,
        "bw_bytes" : 0,
        "bw" : 0,
        "iops" : 0.000000,
        "runtime" : 0,
        "total_ios" : 0,
        "short_ios" : 0,
        "drop_ios" : 0,
        "slat_ns" : {
          "min" : 0,
          "max" : 0,
          "mean" : 0.000000,
          "stddev" : 0.000000
        },
        "clat_ns" : {
          "min" : 0,
          "max" : 0,
          "mean" : 0.000000,
          "stddev" : 0.000000,
          "percentile" : {
            "1.000000" : 0,
            "5.000000" : 0,
            "10.000000" : 0,
            "20.000000" : 0,
            "30.000000" : 0,
            "40.000000" : 0,
            "50.000000" : 0,
            "60.000000" : 0,
            "70.000000" : 0,
            "80.000000" : 0,
            "90.000000" : 0,
            "95.000000" : 0,
            "99.000000" : 0,
            "99.500000" : 0,
            "99.900000" : 0,
            "99.950000" : 0,
            "99.990000" : 0
          }
        },
        "lat_ns" : {
          "min" : 0,
          "max" : 0,
          "mean" : 0.000000,
          "stddev" : 0.000000
        },
        "bw_min" : 0,
        "bw_max" : 0,
        "bw_agg" : 0.000000,
        "bw_mean" : 0.000000,
        "bw_dev" : 0.000000,
        "bw_samples" : 0,
        "iops_min" : 0,
        "iops_max" : 0,
        "iops_mean" : 0.000000,
        "iops_stddev" : 0.000000,
        "iops_samples" : 0
      },
      "sync" : {
        "lat_ns" : {
          "min" : 0,
          "max" : 0,
          "mean" : 0.000000,
          "stddev" : 0.000000,
          "percentile" : {
            "1.000000" : 0,
            "5.000000" : 0,
            "10.000000" : 0,
            "20.000000" : 0,
            "30.000000" : 0,
            "40.000000" : 0,
            "50.000000" : 0,
            "60.000000" : 0,
            "70.000000" : 0,
            "80.000000" : 0,
            "90.000000" : 0,
            "95.000000" : 0,
            "99.000000" : 0,
            "99.500000" : 0,
            "99.900000" : 0,
            "99.950000" : 0,
            "99.990000" : 0
          }
        },
        "total_ios" : 0
      },
      "job_runtime" : 10623,
      "usr_cpu" : 0.367128,
      "sys_cpu" : 0.461263,
      "ctx" : 741,
      "majf" : 0,
      "minf" : 15,
      "iodepth_level" : {
        "1" : 0.000000,
        "2" : 0.000000,
        "4" : 0.000000,
        "8" : 0.000000,
        "16" : 100.000000,
        "32" : 0.000000,
        ">=64" : 0.000000
      },
      "iodepth_submit" : {
        "0" : 0.000000,
        "4" : 100.000000,
        "8" : 0.000000,
        "16" : 0.000000,
        "32" : 0.000000,
        "64" : 0.000000,
        ">=64" : 0.000000
      },
      "iodepth_complete" : {
        "0" : 0.000000,
        "4" : 99.861304,
        "8" : 0.000000,
        "16" : 0.000000,
        "32" : 0.138696,
        "64" : 0.000000,
        ">=64" : 0.000000
      },
      "latency_ns" : {
        "2" : 0.000000,
        "4" : 0.000000,
        "10" : 0.000000,
        "20" : 0.000000,
        "50" : 0.000000,
        "100" : 0.000000,
        "250" : 0.000000,
        "500" : 0.000000,
        "750" : 0.000000,
        "1000" : 0.000000
      },
      "latency_us" : {
        "2" : 0.000000,
        "4" : 0.000000,
        "10" : 0.000000,
        "20" : 0.000000,
        "50" : 0.000000,
        "100" : 0.000000,
        "250" : 0.000000,
        "500" : 0.000000,
        "750" : 0.000000,
        "1000" : 0.000000
      },
      "latency_ms" : {
        "2" : 0.000000,
        "4" : 0.000000,
        "10" : 0.000000,
        "20" : 0.000000,
        "50" : 0.000000,
        "100" : 47.777778,
        "250" : 6.944444,
        "500" : 13.333333,
        "750" : 32.500000,
        "1000" : 1.250000,
        "2000" : 1.111111,
        ">=2000" : 0.000000
      },
      "latency_depth" : 22,
      "latency_target" : 0,
      "latency_percentile" : 100.000000,
      "latency_window" : 0
    }
  ],
  "disk_util" : [
    {
      "name" : "sdc",
      "read_ios" : 40,
      "write_ios" : 1023,
      "read_merges" : 0,