{
  "fio version" : "fio-3.15",
  "timestamp" : 1586203641,
  "timestamp_ms" : 1586203641971,
  "time" : "Mon Apr  6 20:07:21 2020",
  "global options" : {
    "direct" : "1",
    "iodepth" : "22",
    "ioengine" : "libaio",
    "runtime" : "10",
    "time_based" : "1",
    "ramp_time" : "5",
    "size" : "1g",
    "numjobs" : "1",
    "rw" : "rw",
    "bs" : "16k",
    "rwmixread" : "90",
    "rwmixwrite" : "10"
  },
  "jobs" : [
    {
      "jobname" : "read_bw_test",
      "groupid" : 0,
      "error" : 0,
      "eta" : 0,
      "elapsed" : 16,
      "job options" : {
        "name" : "read_bw_test",
        "filename" : "/dev/sdc"
      },
      "read" : {
        "io_bytes" : 1575485440,
        "io_kbytes" : 1538560,
        "bw_bytes" : 157517040,
        "bw" : 153825,
        "iops" : 9611.977604,
        "runtime" : 10002,
        "total_ios" : 96139,
        "short_ios" : 0,
        "drop_ios" : 0,
        "slat_ns" : {
          "min" : 5912,
          "max" : 88278,
          "mean" : 8850.526456,
          "stddev" : 1423.527830
        },
        "clat_ns" : {
          "min" : 1271329,
          "max" : 18367984,
          "mean" : 2162570.463259,
          "stddev" : 2175463.253176,
          "percentile" : {
            "1.000000" : 1318912,
            "5.000000" : 1335296,
            "10.000000" : 1335296,
            "20.000000" : 1335296,
            "30.000000" : 1335296,
            "40.000000" : 1351680,
            "50.000000" : 1351680,
            "60.000000" : 1384448,
            "70.000000" : 1417216,
            "80.000000" : 1515520,
            "90.000000" : 6848512,
            "95.000000" : 8224768,
            "99.000000" : 9371648,
            "99.500000" : 9895936,
            "99.900000" : 14221312,
            "99.950000" : 15794176,
            "99.990000" : 16449536
          }
        },
        "lat_ns" : {
          "min" : 1292721,
          "max" : 18376625,
          "mean" : 2171626.538145,
          "stddev" : 2175517.601280
        },
        "bw_min" : 125024,
        "bw_max" : 221504,
        "bw_agg" : 99.991549,
        "bw_mean" : 153812.000000,
        "bw_dev" : 38002.443401,
        "bw_samples" : 20,
        "iops_min" : 7814,
        "iops_max" : 13844,
        "iops_mean" : 9613.250000,
        "iops_stddev" : 2375.152713,
        "iops_samples" : 20
      },
      "write" : {
        "io_bytes" : 172310528,
        "io_kbytes" : 168272,
        "bw_bytes" : 17227607,
        "bw" : 16823,
        "iops" : 1051.489702,
        "runtime" : 10002,
        "total_ios" : 10517,
        "short_ios" : 0,
        "drop_ios" : 0,
        "slat_ns" : {
          "min" : 6542,
          "max" : 32114,
          "mean" : 9549.494723,
          "stddev" : 1475.238958
        },
        "clat_ns" : {
          "min" : 76473,
          "max" : 2754367,
          "mean" : 1070626.754493,
          "stddev" : 357842.672120,
          "percentile" : {
            "1.000000" : 80384,
            "5.000000" : 276480,
            "10.000000" : 423936,
            "20.000000" : 774144,
            "30.000000" : 1036288,
            "40.000000" : 1220608,
            "50.000000" : 1269760,
            "60.000000" : 1286144,
            "70.000000" : 1286144,
            "80.000000" : 1302528,
            "90.000000" : 1335296,
            "95.000000" : 1351680,
            "99.000000" : 1368064,
            "99.500000" : 1384448,
            "99.900000" : 2179072,
            "99.950000" : 2441216,
            "99.990000" : 2637824
          }
        },
        "lat_ns" : {
          "min" : 83642,
          "max" : 2763353,
          "mean" : 1080383.525910,
          "stddev" : 357740.503579
        },
        "bw_min" : 13024,
        "bw_max" : 26400,
        "bw_agg" : 99.997325,
        "bw_mean" : 16822.550000,
        "bw_dev" : 4349.978723,
        "bw_samples" : 20,
        "iops_min" : 814,
        "iops_max" : 1650,
        "iops_mean" : 1051.400000,
        "iops_stddev" : 271.879308,
        "iops_samples" : 20
      },
      "trim" : {
        "io_bytes" : 0,
        "io_kbytes" : 0,
        "bw_bytes" : 0,
        "bw" : 0,
        "iops" : 0.000000,
        "runtime" : 0,
        "total_ios" : 0,
        "short_ios" : 0,
        "drop_ios" : 0,
        "slat_ns" : {
          "min" : 0,
          "max" : 0,
          "mean" : 0.000000,
          "stddev" : 0.000000
        },
        "clat_ns" : {
          "min" : 0,
          "max" : 0,
          "mean" : 0.000000,
          "stddev" : 0.000000,
          "percentile" : {
            "1.000000" : 0,
            "5.000000" : 0,
            "10.000000" : 0,
            "20.000000" : 0,
            "30.000000" : 0,
            "40.000000" : 0,
            "50.000000" : 0,
            "60.000000" : 0,
            "70.000000" : 0,
            "80.000000" : 0,
            "90.000000" : 0,
            "95.000000" : 0,
            "99.000000" : 0,
            "99.500000" : 0,
            "99.900000" : 0,
            "99.950000" : 0,
            "99.990000" : 0
          }
        },
        "lat_ns" : {
          "min" : 0,
          "max" : 0,
          "mean" : 0.000000,
          "stddev" : 0.000000
        },
        "bw_min" : 0,
        "bw_max" : 0,
        "bw_agg" : 0.000000,
        "bw_mean" : 0.000000,
        "bw_dev" : 0.000000,
        "bw_samples" : 0,
        "iops_min" : 0,
        "iops_max" : 0,
        "iops_mean" : 0.000000,
        "iops_stddev" : 0.000000,
        "iops_samples" : 0
      },
      "sync" : {
        "lat_ns" : {
          "min" : 0,
          "max" : 0,
          "mean" : 0.000000,
          "stddev" : 0.000000,
          "percentile" : {
            "1.000000" : 0,
            "5.000000" : 0,
            "10.000000" : 0,
            "20.000000" : 0,
            "30.000000" : 0,
            "40.000000" : 0,
            "50.000000" : 0,
            "60.000000" : 0,
            "70.000000" : 0,
            "80.000000" : 0,
            "90.000000" : 0,
            "95.000000" : 0,
            "99.000000" : 0,
            "99.500000" : 0,
            "99.900000" : 0,
            "99.950000" : 0,
            "99.990000" : 0
          }
        },
        "total_ios" : 0
      },
      "job_runtime" : 10001,
      "usr_cpu" : 5.209479,
      "sys_cpu" : 14.578542,
      "ctx" : 106669,
      "majf" : 0,
      "minf" : 15,
      "iodepth_level" : {
        "1" : 0.000000,
        "2" : 0.000000,
        "4" : 0.000000,
        "8" : 0.000000,
        "16" : 100.000000,
        "32" : 0.000000,
        ">=64" : 0.000000
      },
      "iodepth_submit" : {
        "0" : 0.000000,
        "4" : 100.000000,
        "8" : 0.000000,
        "16" : 0.000000,
        "32" : 0.000000,
        "64" : 0.000000,
        ">=64" : 0.000000
      },
      "iodepth_complete" : {
        "0" : 0.000000,
        "4" : 99.999062,
        "8" : 0.000000,
        "16" : 0.000000,
        "32" : 0.100000,
        "64" : 0.000000,
        ">=64" : 0.000000
      },
      "latency_ns" : {
        "2" : 0.000000,
        "4" : 0.000000,
        "10" : 0.000000,
        "20" : 0.000000,
        "50" : 0.000000,
        "100" : 0.000000,
        "250" : 0.000000,
        "500" : 0.000000,
        "750" : 0.000000,
        "1000" : 0.000000
      },
      "latency_us" : {
        "2" : 0.000000,
        "4" : 0.000000,
        "10" : 0.000000,
        "20" : 0.000000,
        "50" : 0.000000,
        "100" : 0.158453,
        "250" : 0.297217,
        "500" : 0.722885,
        "750" : 0.710696,
        "1000" : 0.937594
      },
      "latency_ms" : {
        "2" : 84.625338,
        "4" : 3.053743,
        "10" : 9.076845,
        "20" : 0.436919,
        "50" : 0.000000,
        "100" : 0.000000,
        "250" : 0.000000,
        "500" : 0.000000,
        "750" : 0.000000,
        "1000" : 0.000000,
        "2000" : 0.000000,
        ">=2000" : 0.000000
      },
      "latency_depth" : 22,
      "latency_target" : 0,