{
  "fio version" : "fio-3.15",
  "timestamp" : 1586203605,
  "timestamp_ms" : 1586203605996,
  "time" : "Mon Apr  6 20:06:45 2020",
  "global options" : {
    "direct" : "1",
    "iodepth" : "22",
    "ioengine" : "libaio",
    "runtime" : "10",
    "time_based" : "1",
    "ramp_time" : "5",
    "size" : "1g",
    "numjobs" : "1",
    "rw" : "rw",
    "bs" : "4k",
    "rwmixread" : "90",
    "rwmixwrite" : "10"
  },
  "jobs" : [
    {
      "jobname" : "read_bw_test",
      "groupid" : 0,
      "error" : 0,
      "eta" : 0,
      "elapsed" : 16,
      "job options" : {
        "name" : "read_bw_test",
        "filename" : "/dev/sdc"
      },
      "read" : {
        "io_bytes" : 1418321920,
        "io_kbytes" : 1385080,
        "bw_bytes" : 141818010,
        "bw" : 138494,
        "iops" : 34621.737826,
        "runtime" : 10001,
        "total_ios" : 346252,
        "short_ios" : 0,
        "drop_ios" : 0,
        "slat_ns" : {
          "min" : 3441,
          "max" : 45586,
          "mean" : 4998.626102,
          "stddev" : 1099.701087
        },
        "clat_ns" : {
          "min" : 121416,
          "max" : 14907553,
          "mean" : 594802.588301,
          "stddev" : 965244.607589,
          "percentile" : {
            "1.000000" : 342016,
            "5.000000" : 374784,
            "10.000000" : 391168,
            "20.000000" : 399360,
            "30.000000" : 411648,
            "40.000000" : 415744,
            "50.000000" : 432128,
            "60.000000" : 440320,
            "70.000000" : 456704,
            "80.000000" : 481280,
            "90.000000" : 561152,
            "95.000000" : 708608,
            "99.000000" : 7110656,
            "99.500000" : 7700480,
            "99.900000" : 9371648,
            "99.950000" : 10944512,
            "99.990000" : 14352384
          }
        },
        "lat_ns" : {
          "min" : 127288,
          "max" : 14912257,
          "mean" : 599937.720692,
          "stddev" : 965278.862821
        },
        "bw_min" : 107033,
        "bw_max" : 171488,
        "bw_agg" : 98.942724,
        "bw_mean" : 137029.736842,
        "bw_dev" : 26976.184618,
        "bw_samples" : 19,
        "iops_min" : 26758,
        "iops_max" : 42872,
        "iops_mean" : 34257.473684,
        "iops_stddev" : 6743.981484,
        "iops_samples" : 19
      },
      "write" : {
        "io_bytes" : 159350784,
        "io_kbytes" : 155616,
        "bw_bytes" : 15933485,
        "bw" : 15560,
        "iops" : 3889.711029,
        "runtime" : 10001,
        "total_ios" : 38901,
        "short_ios" : 0,
        "drop_ios" : 0,
        "slat_ns" : {
          "min" : 3697,
          "max" : 29884,
          "mean" : 5267.987404,
          "stddev" : 1236.675545
        },
        "clat_ns" : {
          "min" : 22396,
          "max" : 672848,
          "mean" : 302889.970106,
          "stddev" : 88330.055670,
          "percentile" : {
            "1.000000" : 33024,
            "5.000000" : 98816,
            "10.000000" : 162816,
            "20.000000" : 242688,
            "30.000000" : 296960,
            "40.000000" : 317440,
            "50.000000" : 333824,
            "60.000000" : 342016,
            "70.000000" : 358400,
            "80.000000" : 374784,
            "90.000000" : 382976,
            "95.000000" : 395264,
            "99.000000" : 407552,
            "99.500000" : 415744,
            "99.900000" : 419840,
            "99.950000" : 428032,
            "99.990000" : 577536
          }
        },
        "lat_ns" : {
          "min" : 34944,
          "max" : 677611,
          "mean" : 308299.902966,
          "stddev" : 88314.940654
        },
        "bw_min" : 11888,
        "bw_max" : 19504,
        "bw_agg" : 98.947368,
        "bw_mean" : 15396.210526,
        "bw_dev" : 3044.916904,
        "bw_samples" : 19,
        "iops_min" : 2972,
        "iops_max" : 4876,
        "iops_mean" : 3848.947368,
        "iops_stddev" : 761.256452,
        "iops_samples" : 19
      },
      "trim" : {
        "io_bytes" : 0,
        "io_kbytes" : 0,
        "bw_bytes" : 0,
        "bw" : 0,
        "iops" : 0.000000,
        "runtime" : 0,
        "total_ios" : 0,
        "short_ios" : 0,
        "drop_ios" : 0,
        "slat_ns" : {
          "min" : 0,
          "max" : 0,
          "mean" : 0.000000,
          "stddev" : 0.000000
        },
        "clat_ns" : {
          "min" : 0,
          "max" : 0,
          "mean" : 0.000000,
          "stddev" : 0.000000,
          "percentile" : {
            "1.000000" : 0,
            "5.000000" : 0,
            "10.000000" : 0,
            "20.000000" : 0,
            "30.000000" : 0,
            "40.000000" : 0,
            "50.000000" : 0,
            "60.000000" : 0,
            "70.000000" : 0,
            "80.000000" : 0,
            "90.000000" : 0,
            "95.000000" : 0,
            "99.000000" : 0,
            "99.500000" : 0,
            "99.900000" : 0,
            "99.950000" : 0,
            "99.990000" : 0
          }
        },
        "lat_ns" : {
          "min" : 0,
          "max" : 0,
          "mean" : 0.000000,
          "stddev" : 0.000000
        },
        "bw_min" : 0,
        "bw_max" : 0,
        "bw_agg" : 0.000000,
        "bw_mean" : 0.000000,
        "bw_dev" : 0.000000,
        "bw_samples" : 0,
        "iops_min" : 0,
        "iops_max" : 0,
        "iops_mean" : 0.000000,
        "iops_stddev" : 0.000000,
        "iops_samples" : 0
      },
      "sync" : {
        "lat_ns" : {
          "min" : 0,
          "max" : 0,
          "mean" : 0.000000,
          "stddev" : 0.000000,
          "percentile" : {
            "1.000000" : 0,
            "5.000000" : 0,
            "10.000000" : 0,
            "20.000000" : 0,
            "30.000000" : 0,
            "40.000000" : 0,
            "50.000000" : 0,
            "60.000000" : 0,
            "70.000000" : 0,
            "80.000000" : 0,
            "90.000000" : 0,
            "95.000000" : 0,
            "99.000000" : 0,
            "99.500000" : 0,
            "99.900000" : 0,
            "99.950000" : 0,
            "99.990000" : 0
          }
        },
        "total_ios" : 0
      },
      "job_runtime" : 10000,
      "usr_cpu" : 13.530000,
      "sys_cpu" : 26.430000,
      "ctx" : 374480,
      "majf" : 0,
      "minf" : 15,
      "iodepth_level" : {
        "1" : 0.000000,
        "2" : 0.000000,
        "4" : 0.000000,
        "8" : 0.000000,
        "16" : 100.000000,
        "32" : 0.000000,
        ">=64" : 0.000000
      },
      "iodepth_submit" : {
        "0" : 0.000000,
        "4" : 100.000000,
        "8" : 0.000000,
        "16" : 0.000000,
        "32" : 0.000000,
        "64" : 0.000000,
        ">=64" : 0.000000
      },
      "iodepth_complete" : {
        "0" : 0.000000,
        "4" : 99.999740,
        "8" : 0.000000,
        "16" : 0.000000,
        "32" : 0.100000,
        "64" : 0.000000,
        ">=64" : 0.000000
      },
      "latency_ns" : {
        "2" : 0.000000,
        "4" : 0.000000,
        "10" : 0.000000,
        "20" : 0.000000,
        "50" : 0.000000,
        "100" : 0.000000,
        "250" : 0.000000,
        "500" : 0.000000,
        "750" : 0.000000,
        "1000" : 0.000000
      },
      "latency_us" : {
        "2" : 0.000000,
        "4" : 0.000000,
        "10" : 0.000000,
        "20" : 0.000000,
        "50" : 0.207969,
        "100" : 0.301179,
        "250" : 1.678034,
        "500" : 82.450611,
        "750" : 11.294213,
        "1000" : 1.049713
      },
      "latency_ms" : {
        "2" : 0.799163,
        "4" : 0.598983,
        "10" : 1.556005,
        "20" : 0.069583,
        "50" : 0.000000,
        "100" : 0.000000,
        "250" : 0.000000,
        "500" : 0.000000,
        "750" : 0.000000,
        "1000" : 0.000000,
        "2000" : 0.000000,
        ">=2000" : 0.000000
      },
      "latency_depth" : 22,
      "latency_target" : 0,
      "latency_percentile" : 100.000000,