{
  "fio version" : "fio-3.15",
  "timestamp" : 1586203732,
  "timestamp_ms" : 1586203732049,
  "time" : "Mon Apr  6 20:08:52 2020",
  "global options" : {
    "direct" : "1",
    "iodepth" : "22",
    "ioengine" : "libaio",
    "runtime" : "10",
    "time_based" : "1",
    "ramp_time" : "5",
    "size" : "1g",
    "numjobs" : "1",
    "rw" : "rw",
    "bs" : "512k",
    "rwmixread" : "90",
    "rwmixwrite" : "10"
  },
  "jobs" : [
    {
      "jobname" : "read_bw_test",
      "groupid" : 0,
      "error" : 0,
      "eta" : 0,
      "elapsed" : 16,
      "job options" : {
        "name" : "read_bw_test",
        "filename" : "/dev/sdc"
      },
      "read" : {
        "io_bytes" : 1745879040,
        "io_kbytes" : 1704960,
        "bw_bytes" : 173460411,
        "bw" : 169394,
        "iops" : 328.961749,
        "runtime" : 10065,
        "total_ios" : 3311,
        "short_ios" : 0,
        "drop_ios" : 0,
        "slat_ns" : {
          "min" : 47717,
          "max" : 72130,
          "mean" : 49047.244941,
          "stddev" : 2463.191349
        },
        "clat_ns" : {
          "min" : 40286529,
          "max" : 133878403,
          "mean" : 64060524.046847,
          "stddev" : 21725118.458428,
          "percentile" : {
            "1.000000" : 40108032,
            "5.000000" : 40632320,
            "10.000000" : 40632320,
            "20.000000" : 42205184,
            "30.000000" : 45875200,
            "40.000000" : 53739520,
            "50.000000" : 60030976,
            "60.000000" : 66322432,
            "70.000000" : 73924608,
            "80.000000" : 84410368,
            "90.000000" : 95944704,
            "95.000000" : 106430464,
            "99.000000" : 120061952,
            "99.500000" : 129499136,
            "99.900000" : 132644864,
            "99.950000" : 133693440,
            "99.990000" : 133693440
          }
        },
        "lat_ns" : {
          "min" : 40335686,
          "max" : 133927394,
          "mean" : 64110298.716216,
          "stddev" : 21725146.131807
        },
        "bw_min" : 118784,
        "bw_max" : 252928,
        "bw_agg" : 99.998347,
        "bw_mean" : 169391.200000,
        "bw_dev" : 41122.033416,
        "bw_samples" : 20,
        "iops_min" : 232,
        "iops_max" : 494,
        "iops_mean" : 330.800000,
        "iops_stddev" : 80.340460,
        "iops_samples" : 20
      },
      "write" : {
        "io_bytes" : 201326592,
        "io_kbytes" : 196608,
        "bw_bytes" : 20002642,
        "bw" : 19533,
        "iops" : 37.953304,
        "runtime" : 10065,
        "total_ios" : 382,
        "short_ios" : 0,
        "drop_ios" : 0,
        "slat_ns" : {
          "min" : 49417,
          "max" : 81284,
          "mean" : 58386.167539,
          "stddev" : 3865.588260
        },
        "clat_ns" : {
          "min" : 1987285,
          "max" : 81984074,
          "mean" : 21524471.171875,
          "stddev" : 16042264.539255,
          "percentile" : {
            "1.000000" : 1990656,
            "5.000000" : 3784704,
            "10.000000" : 6127616,
            "20.000000" : 7372800,
            "30.000000" : 9240576,
            "40.000000" : 11075584,
            "50.000000" : 14745600,
            "60.000000" : 22675456,
            "70.000000" : 33161216,
            "80.000000" : 37486592,
            "90.000000" : 41156608,
            "95.000000" : 51118080,
            "99.000000" : 67633152,
            "99.500000" : 73924608,
            "99.900000" : 82313216,
            "99.950000" : 82313216,
            "99.990000" : 82313216
          }
        },
        "lat_ns" : {
          "min" : 2046169,
          "max" : 82043024,
          "mean" : 21583533.661458,
          "stddev" : 16042002.856458
        },
        "bw_min" : 12288,
        "bw_max" : 31744,
        "bw_agg" : 100.000000,
        "bw_mean" : 19605.700000,
        "bw_dev" : 5297.864635,
        "bw_samples" : 20,
        "iops_min" : 24,
        "iops_max" : 62,
        "iops_mean" : 38.200000,
        "iops_stddev" : 10.354760,
        "iops_samples" : 20
      },
      "trim" : {
        "io_bytes" : 0,
        "io_kbytes" : 0,
        "bw_bytes" : 0,
        "bw" : 0,
        "iops" : 0.000000,
        "runtime" : 0,
        "total_ios" : 0,
        "short_ios" : 0,
        "drop_ios" : 0,
        "slat_ns" : {
          "min" : 0,
          "max" : 0,
          "mean" : 0.000000,
          "stddev" : 0.000000
        },
        "clat_ns" : {
          "min" : 0,
          "max" : 0,
          "mean" : 0.000000,
          "stddev" : 0.000000,
          "percentile" : {
            "1.000000" : 0,
            "5.000000" : 0,
            "10.000000" : 0,
            "20.000000" : 0,
            "30.000000" : 0,
            "40.000000" : 0,
            "50.000000" : 0,
            "60.000000" : 0,
            "70.000000" : 0,
            "80.000000" : 0,
            "90.000000" : 0,
            "95.000000" : 0,
            "99.000000" : 0,
            "99.500000" : 0,
            "99.900000" : 0,
            "99.950000" : 0,
            "99.990000" : 0
          }
        },
        "lat_ns" : {
          "min" : 0,
          "max" : 0,
          "mean" : 0.000000,
          "stddev" : 0.000000
        },
        "bw_min" : 0,
        "bw_max" : 0,
        "bw_agg" : 0.000000,
        "bw_mean" : 0.000000,
        "bw_dev" : 0.000000,
        "bw_samples" : 0,
        "iops_min" : 0,
        "iops_max" : 0,
        "iops_mean" : 0.000000,
        "iops_stddev" : 0.000000,
        "iops_samples" : 0
      },
      "sync" : {
        "lat_ns" : {
          "min" : 0,
          "max" : 0,
          "mean" : 0.000000,
          "stddev" : 0.000000,
          "percentile" : {
            "1.000000" : 0,
            "5.000000" : 0,
            "10.000000" : 0,
            "20.000000" : 0,
            "30.000000" : 0,
            "40.000000" : 0,
            "50.000000" : 0,
            "60.000000" : 0,
            "70.000000" : 0,
            "80.000000" : 0,
            "90.000000" : 0,
            "95.000000" : 0,
            "99.000000" : 0,
            "99.500000" : 0,
            "99.900000" : 0,
            "99.950000" : 0,
            "99.990000" : 0
          }
        },
        "total_ios" : 0
      },
      "job_runtime" : 10064,
      "usr_cpu" : 0.447138,
      "sys_cpu" : 2.394674,
      "ctx" : 3714,
      "majf" : 0,
      "minf" : 15,
      "iodepth_level" : {
        "1" : 0.000000,
        "2" : 0.000000,
        "4" : 0.000000,
        "8" : 0.000000,
        "16" : 100.000000,
        "32" : 0.000000,
        ">=64" : 0.000000
      },
      "iodepth_submit" : {
        "0" : 0.000000,
        "4" : 100.000000,
        "8" : 0.000000,
        "16" : 0.000000,
        "32" : 0.000000,
        "64" : 0.000000,
        ">=64" : 0.000000
      },
      "iodepth_complete" : {
        "0" : 0.000000,
        "4" : 99.972929,
        "8" : 0.000000,
        "16" : 0.000000,
        "32" : 0.100000,
        "64" : 0.000000,
        ">=64" : 0.000000
      },
      "latency_ns" : {
        "2" : 0.000000,
        "4" : 0.000000,
        "10" : 0.000000,
        "20" : 0.000000,
        "50" : 0.000000,
        "100" : 0.000000,
        "250" : 0.000000,
        "500" : 0.000000,
        "750" : 0.000000,
        "1000" : 0.000000
      },
      "latency_us" : {
        "2" : 0.000000,
        "4" : 0.000000,
        "10" : 0.000000,
        "20" : 0.000000,
        "50" : 0.000000,
        "100" : 0.000000,
        "250" : 0.000000,
        "500" : 0.000000,
        "750" : 0.000000,
        "1000" : 0.000000
      },
      "latency_ms" : {
        "2" : 0.216626,
        "4" : 0.352017,
        "10" : 3.086921,
        "20" : 2.220417,
        "50" : 34.687246,
        "100" : 53.181695,
        "250" : 6.823721,
        "500" : 0.000000,
        "750" : 0.000000,
        "1000" : 0.000000,
        "2000" : 0.000000,
        ">=2000" : 0.000000
      },
      "latency_depth" : 22,