{
  "fio version" : "fio-3.15",
  "timestamp" : 1586203695,
  "timestamp_ms" : 1586203695940,
  "time" : "Mon Apr  6 20:08:15 2020",
  "global options" : {
    "direct" : "1",
    "iodepth" : "22",
    "ioengine" : "libaio",
    "runtime" : "10",
    "time_based" : "1",
    "ramp_time" : "5",
    "size" : "1g",
    "numjobs" : "1",
    "rw" : "rw",
    "bs" : "128k",
    "rwmixread" : "90",
    "rwmixwrite" : "10"
  },
  "jobs" : [
    {
      "jobname" : "read_bw_test",
      "groupid" : 0,
      "error" : 0,
      "eta" : 0,
      "elapsed" : 16,
      "job options" : {
        "name" : "read_bw_test",
        "filename" : "/dev/sdc"
      },
      "read" : {
        "io_bytes" : 1970143232,
        "io_kbytes" : 1923968,
        "bw_bytes" : 196797845,
        "bw" : 192185,
        "iops" : 1499.550494,
        "runtime" : 10011,
        "total_ios" : 15012,
        "short_ios" : 0,
        "drop_ios" : 0,
        "slat_ns" : {
          "min" : 18684,
          "max" : 53830,
          "mean" : 20792.745404,
          "stddev" : 3469.779399
        },
        "clat_ns" : {
          "min" : 10030924,
          "max" : 54581136,
          "mean" : 13978659.261859,
          "stddev" : 5071711.892122,
          "percentile" : {
            "1.000000" : 10158080,
            "5.000000" : 10158080,
            "10.000000" : 10158080,
            "20.000000" : 10158080,
            "30.000000" : 10551296,
            "40.000000" : 10682368,
            "50.000000" : 11599872,
            "60.000000" : 13303808,
            "70.000000" : 14483456,
            "80.000000" : 17956864,
            "90.000000" : 21364736,
            "95.000000" : 24510464,
            "99.000000" : 30277632,
            "99.500000" : 33161216,
            "99.900000" : 41680896,
            "99.950000" : 46923776,
            "99.990000" : 54788096
          }
        },
        "lat_ns" : {
          "min" : 10064200,
          "max" : 54601476,
          "mean" : 13999879.080500,
          "stddev" : 5072201.677704
        },
        "bw_min" : 154880,
        "bw_max" : 247296,
        "bw_agg" : 99.972787,
        "bw_mean" : 192132.700000,
        "bw_dev" : 37086.614989,
        "bw_samples" : 20,
        "iops_min" : 1210,
        "iops_max" : 1932,
        "iops_mean" : 1501.000000,
        "iops_stddev" : 289.769600,
        "iops_samples" : 20
      },
      "write" : {
        "io_bytes" : 219807744,
        "io_kbytes" : 214656,
        "bw_bytes" : 21956622,
        "bw" : 21442,
        "iops" : 167.315952,
        "runtime" : 10011,
        "total_ios" : 1675,
        "short_ios" : 0,
        "drop_ios" : 0,
        "slat_ns" : {
          "min" : 19297,
          "max" : 53417,
          "mean" : 22978.784478,
          "stddev" : 3917.985547
        },
        "clat_ns" : {
          "min" : 522889,
          "max" : 15761986,
          "mean" : 5845997.730471,
          "stddev" : 3165367.237049,
          "percentile" : {
            "1.000000" : 528384,
            "5.000000" : 946176,
            "10.000000" : 1433600,
            "20.000000" : 2342912,
            "30.000000" : 3686400,
            "40.000000" : 4751360,
            "50.000000" : 5996544,
            "60.000000" : 6914048,
            "70.000000" : 7962624,
            "80.000000" : 9240576,
            "90.000000" : 10158080,
            "95.000000" : 10158080,
            "99.000000" : 11075584,
            "99.500000" : 11468800,
            "99.900000" : 14352384,
            "99.950000" : 15794176,
            "99.990000" : 15794176
          }
        },
        "lat_ns" : {
          "min" : 545569,
          "max" : 15784126,
          "mean" : 5869343.302922,
          "stddev" : 3164481.778666
        },
        "bw_min" : 15616,
        "bw_max" : 29696,
        "bw_agg" : 99.910223,
        "bw_mean" : 21422.750000,
        "bw_dev" : 4809.948932,
        "bw_samples" : 20,
        "iops_min" : 122,
        "iops_max" : 232,
        "iops_mean" : 167.300000,
        "iops_stddev" : 37.571126,
        "iops_samples" : 20
      },
      "trim" : {
        "io_bytes" : 0,
        "io_kbytes" : 0,
        "bw_bytes" : 0,
        "bw" : 0,
        "iops" : 0.000000,
        "runtime" : 0,
        "total_ios" : 0,
        "short_ios" : 0,
        "drop_ios" : 0,
        "slat_ns" : {
          "min" : 0,
          "max" : 0,
          "mean" : 0.000000,
          "stddev" : 0.000000
        },
        "clat_ns" : {
          "min" : 0,
          "max" : 0,
          "mean" : 0.000000,
          "stddev" : 0.000000,
          "percentile" : {
            "1.000000" : 0,
            "5.000000" : 0,
            "10.000000" : 0,
            "20.000000" : 0,
            "30.000000" : 0,
            "40.000000" : 0,
            "50.000000" : 0,
            "60.000000" : 0,
            "70.000000" : 0,
            "80.000000" : 0,
            "90.000000" : 0,
            "95.000000" : 0,
            "99.000000" : 0,
            "99.500000" : 0,
            "99.900000" : 0,
            "99.950000" : 0,
            "99.990000" : 0
          }
        },
        "lat_ns" : {
          "min" : 0,
          "max" : 0,
          "mean" : 0.000000,
          "stddev" : 0.000000
        },
        "bw_min" : 0,
        "bw_max" : 0,
        "bw_agg" : 0.000000,
        "bw_mean" : 0.000000,
        "bw_dev" : 0.000000,
        "bw_samples" : 0,
        "iops_min" : 0,
        "iops_max" : 0,
        "iops_mean" : 0.000000,
        "iops_stddev" : 0.000000,
        "iops_samples" : 0
      },
      "sync" : {
        "lat_ns" : {
          "min" : 0,
          "max" : 0,
          "mean" : 0.000000,
          "stddev" : 0.000000,
          "percentile" : {
            "1.000000" : 0,
            "5.000000" : 0,
            "10.000000" : 0,
            "20.000000" : 0,
            "30.000000" : 0,
            "40.000000" : 0,
            "50.000000" : 0,
            "60.000000" : 0,
            "70.000000" : 0,
            "80.000000" : 0,
            "90.000000" : 0,
            "95.000000" : 0,
            "99.000000" : 0,
            "99.500000" : 0,
            "99.900000" : 0,
            "99.950000" : 0,
            "99.990000" : 0
          }
        },
        "total_ios" : 0
      },
      "job_runtime" : 10010,
      "usr_cpu" : 1.058941,
      "sys_cpu" : 5.444555,
      "ctx" : 16708,
      "majf" : 0,
      "minf" : 15,
      "iodepth_level" : {
        "1" : 0.000000,
        "2" : 0.000000,
        "4" : 0.000000,
        "8" : 0.000000,
        "16" : 100.000000,
        "32" : 0.000000,
        ">=64" : 0.000000
      },
      "iodepth_submit" : {
        "0" : 0.000000,
        "4" : 100.000000,
        "8" : 0.000000,
        "16" : 0.000000,
        "32" : 0.000000,
        "64" : 0.000000,
        ">=64" : 0.000000
      },
      "iodepth_complete" : {
        "0" : 0.000000,
        "4" : 99.994008,
        "8" : 0.000000,
        "16" : 0.000000,
        "32" : 0.100000,
        "64" : 0.000000,
        ">=64" : 0.000000
      },
      "latency_ns" : {
        "2" : 0.000000,
        "4" : 0.000000,
        "10" : 0.000000,
        "20" : 0.000000,
        "50" : 0.000000,
        "100" : 0.000000,
        "250" : 0.000000,
        "500" : 0.000000,
        "750" : 0.000000,
        "1000" : 0.000000
      },
      "latency_us" : {
        "2" : 0.000000,
        "4" : 0.000000,
        "10" : 0.000000,
        "20" : 0.000000,
        "50" : 0.000000,
        "100" : 0.000000,
        "250" : 0.000000,
        "500" : 0.000000,
        "750" : 0.359561,
        "1000" : 0.281656
      },
      "latency_ms" : {
        "2" : 0.952838,
        "4" : 1.701924,
        "10" : 5.231617,
        "20" : 78.713969,
        "50" : 12.866303,
        "100" : 0.017978,
        "250" : 0.000000,
        "500" : 0.000000,
        "750" : 0.000000,
        "1000" : 0.000000,
        "2000" : 0.000000,
        ">=2000" : 0.000000
      },
      "latency_depth" : 22,