{
  "fio version" : "fio-3.15",
  "timestamp" : 1586203659,
  "timestamp_ms" : 1586203659983,
  "time" : "Mon Apr  6 20:07:39 2020",
  "global options" : {
    "direct" : "1",
    "iodepth" : "22",
    "ioengine" : "libaio",
    "runtime" : "10",
    "time_based" : "1",
    "ramp_time" : "5",
    "size" : "1g",
    "numjobs" : "1",
    "rw" : "rw",
    "bs" : "32k",
    "rwmixread" : "90",
    "rwmixwrite" : "10"
  },
  "jobs" : [
    {
      "jobname" : "read_bw_test",
      "groupid" : 0,
      "error" : 0,
      "eta" : 0,
      "elapsed" : 16,
      "job options" : {
        "name" : "read_bw_test",
        "filename" : "/dev/sdc"
      },
      "read" : {
        "io_bytes" : 1681358848,
        "io_kbytes" : 1641952,
        "bw_bytes" : 168085459,
        "bw" : 164145,
        "iops" : 5127.561731,
        "runtime" : 10003,
        "total_ios" : 51291,
        "short_ios" : 0,
        "drop_ios" : 0,
        "slat_ns" : {
          "min" : 10007,
          "max" : 31011,
          "mean" : 10651.456279,
          "stddev" : 782.750734
        },
        "clat_ns" : {
          "min" : 1174085,
          "max" : 24194324,
          "mean" : 4061757.032001,
          "stddev" : 2778871.377215,
          "percentile" : {
            "1.000000" : 2572288,
            "5.000000" : 2572288,
            "10.000000" : 2605056,
            "20.000000" : 2605056,
            "30.000000" : 2605056,
            "40.000000" : 2605056,
            "50.000000" : 2605056,
            "60.000000" : 2703360,
            "70.000000" : 2867200,
            "80.000000" : 7045120,
            "90.000000" : 8716288,
            "95.000000" : 9371648,
            "99.000000" : 14352384,
            "99.500000" : 15794176,
            "99.900000" : 19005440,
            "99.950000" : 20054016,
            "99.990000" : 24248320
          }
        },
        "lat_ns" : {
          "min" : 1184678,
          "max" : 24205311,
          "mean" : 4072651.973651,
          "stddev" : 2778888.460997
        },
        "bw_min" : 125312,
        "bw_max" : 234752,
        "bw_agg" : 99.991593,
        "bw_mean" : 164131.200000,
        "bw_dev" : 37570.662364,
        "bw_samples" : 20,
        "iops_min" : 3916,
        "iops_max" : 7336,
        "iops_mean" : 5129.000000,
        "iops_stddev" : 1174.150981,
        "iops_samples" : 20
      },
      "write" : {
        "io_bytes" : 185335808,
        "io_kbytes" : 180992,
        "bw_bytes" : 18528022,
        "bw" : 18093,
        "iops" : 565.330401,
        "runtime" : 10003,
        "total_ios" : 5655,
        "short_ios" : 0,
        "drop_ios" : 0,
        "slat_ns" : {
          "min" : 10540,
          "max" : 32364,
          "mean" : 11742.595225,
          "stddev" : 1066.210185
        },
        "clat_ns" : {
          "min" : 139264,
          "max" : 4724017,
          "mean" : 1948875.401874,
          "stddev" : 794351.249595,
          "percentile" : {
            "1.000000" : 140288,
            "5.000000" : 399360,
            "10.000000" : 602112,
            "20.000000" : 1073152,
            "30.000000" : 1531904,
            "40.000000" : 2023424,
            "50.000000" : 2473984,
            "60.000000" : 2506752,
            "70.000000" : 2605056,
            "80.000000" : 2605056,
            "90.000000" : 2605056,
            "95.000000" : 2605056,
            "99.000000" : 2637824,
            "99.500000" : 2768896,
            "99.900000" : 3260416,
            "99.950000" : 3358720,
            "99.990000" : 4751360
          }
        },
        "lat_ns" : {
          "min" : 151111,
          "max" : 4735507,
          "mean" : 1960885.070014,
          "stddev" : 794265.492145
        },
        "bw_min" : 14720,
        "bw_max" : 25344,
        "bw_agg" : 100.000000,
        "bw_mean" : 18096.000000,
        "bw_dev" : 3596.961525,
        "bw_samples" : 20,
        "iops_min" : 460,
        "iops_max" : 792,
        "iops_mean" : 565.500000,
        "iops_stddev" : 112.405048,
        "iops_samples" : 20
      },
      "trim" : {
        "io_bytes" : 0,
        "io_kbytes" : 0,
        "bw_bytes" : 0,
        "bw" : 0,
        "iops" : 0.000000,
        "runtime" : 0,
        "total_ios" : 0,
        "short_ios" : 0,
        "drop_ios" : 0,
        "slat_ns" : {
          "min" : 0,
          "max" : 0,
          "mean" : 0.000000,
          "stddev" : 0.000000
        },
        "clat_ns" : {
          "min" : 0,
          "max" : 0,
          "mean" : 0.000000,
          "stddev" : 0.000000,
          "percentile" : {
            "1.000000" : 0,
            "5.000000" : 0,
            "10.000000" : 0,
            "20.000000" : 0,
            "30.000000" : 0,
            "40.000000" : 0,
            "50.000000" : 0,
            "60.000000" : 0,
            "70.000000" : 0,
            "80.000000" : 0,
            "90.000000" : 0,
            "95.000000" : 0,
            "99.000000" : 0,
            "99.500000" : 0,
            "99.900000" : 0,
            "99.950000" : 0,
            "99.990000" : 0
          }
        },
        "lat_ns" : {
          "min" : 0,
          "max" : 0,
          "mean" : 0.000000,
          "stddev" : 0.000000
        },
        "bw_min" : 0,
        "bw_max" : 0,
        "bw_agg" : 0.000000,
        "bw_mean" : 0.000000,
        "bw_dev" : 0.000000,
        "bw_samples" : 0,
        "iops_min" : 0,
        "iops_max" : 0,
        "iops_mean" : 0.000000,
        "iops_stddev" : 0.000000,
        "iops_samples" : 0
      },
      "sync" : {
        "lat_ns" : {
          "min" : 0,
          "max" : 0,
          "mean" : 0.000000,
          "stddev" : 0.000000,
          "percentile" : {
            "1.000000" : 0,
            "5.000000" : 0,
            "10.000000" : 0,
            "20.000000" : 0,
            "30.000000" : 0,
            "40.000000" : 0,
            "50.000000" : 0,
            "60.000000" : 0,
            "70.000000" : 0,
            "80.000000" : 0,
            "90.000000" : 0,
            "95.000000" : 0,
            "99.000000" : 0,
            "99.500000" : 0,
            "99.900000" : 0,
            "99.950000" : 0,
            "99.990000" : 0
          }
        },
        "total_ios" : 0
      },
      "job_runtime" : 10002,
      "usr_cpu" : 3.249350,
      "sys_cpu" : 8.768246,
      "ctx" : 56967,
      "majf" : 0,
      "minf" : 15,
      "iodepth_level" : {
        "1" : 0.000000,
        "2" : 0.000000,
        "4" : 0.000000,
        "8" : 0.000000,
        "16" : 100.000000,
        "32" : 0.000000,
        ">=64" : 0.000000
      },
      "iodepth_submit" : {
        "0" : 0.000000,
        "4" : 100.000000,
        "8" : 0.000000,
        "16" : 0.000000,
        "32" : 0.000000,
        "64" : 0.000000,
        ">=64" : 0.000000
      },
      "iodepth_complete" : {
        "0" : 0.000000,
        "4" : 99.998244,
        "8" : 0.000000,
        "16" : 0.000000,
        "32" : 0.100000,
        "64" : 0.000000,
        ">=64" : 0.000000
      },
      "latency_ns" : {
        "2" : 0.000000,
        "4" : 0.000000,
        "10" : 0.000000,
        "20" : 0.000000,
        "50" : 0.000000,
        "100" : 0.000000,
        "250" : 0.000000,
        "500" : 0.000000,
        "750" : 0.000000,
        "1000" : 0.000000
      },
      "latency_us" : {
        "2" : 0.000000,
        "4" : 0.000000,
        "10" : 0.000000,
        "20" : 0.000000,
        "50" : 0.000000,
        "100" : 0.000000,
        "250" : 0.215994,
        "500" : 0.488182,
        "750" : 0.595301,
        "1000" : 0.579496
      },
      "latency_ms" : {
        "2" : 1.956239,
        "4" : 75.532961,
        "10" : 17.837952,
        "20" : 2.767534,
        "50" : 0.063218,
        "100" : 0.000000,
        "250" : 0.000000,
        "500" : 0.000000,
        "750" : 0.000000,
        "1000" : 0.000000,
        "2000" : 0.000000,
        ">=2000" : 0.000000
      },
      "latency_depth" : 22,
      "latency_target" : 0,