{
  "fio version" : "fio-3.15",
  "timestamp" : 1586203623,
  "timestamp_ms" : 1586203623994,
  "time" : "Mon Apr  6 20:07:03 2020",
  "global options" : {
    "direct" : "1",
    "iodepth" : "22",
    "ioengine" : "libaio",
    "runtime" : "10",
    "time_based" : "1",
    "ramp_time" : "5",
    "size" : "1g",
    "numjobs" : "1",
    "rw" : "rw",
    "bs" : "8k",
    "rwmixread" : "90",
    "rwmixwrite" : "10"
  },
  "jobs" : [
    {
      "jobname" : "read_bw_test",
      "groupid" : 0,
      "error" : 0,
      "eta" : 0,
      "elapsed" : 16,
      "job options" : {
        "name" : "read_bw_test",
        "filename" : "/dev/sdc"
      },
      "read" : {
        "io_bytes" : 1290125312,
        "io_kbytes" : 1259888,
        "bw_bytes" : 128999631,
        "bw" : 125976,
        "iops" : 15744.925507,
        "runtime" : 10001,
        "total_ios" : 157465,
        "short_ios" : 0,
        "drop_ios" : 0,
        "slat_ns" : {
          "min" : 3680,
          "max" : 36853,
          "mean" : 6960.750973,
          "stddev" : 1240.185909
        },
        "clat_ns" : {
          "min" : 199606,
          "max" : 25401872,
          "mean" : 1327958.282971,
          "stddev" : 1970965.075589,
          "percentile" : {
            "1.000000" : 585728,
            "5.000000" : 684032,
            "10.000000" : 708608,
            "20.000000" : 708608,
            "30.000000" : 716800,
            "40.000000" : 716800,
            "50.000000" : 724992,
            "60.000000" : 749568,
            "70.000000" : 765952,
            "80.000000" : 806912,
            "90.000000" : 1171456,
            "95.000000" : 7372800,
            "99.000000" : 8716288,
            "99.500000" : 9109504,
            "99.900000" : 14352384,
            "99.950000" : 15269888,
            "99.990000" : 25034752
          }
        },
        "lat_ns" : {
          "min" : 206577,
          "max" : 25406927,
          "mean" : 1335095.516230,
          "stddev" : 1970933.026747
        },
        "bw_min" : 113392,
        "bw_max" : 173680,
        "bw_agg" : 99.988427,
        "bw_mean" : 125961.421053,
        "bw_dev" : 16885.386744,
        "bw_samples" : 19,
        "iops_min" : 14174,
        "iops_max" : 21710,
        "iops_mean" : 15745.157895,
        "iops_stddev" : 2110.683124,
        "iops_samples" : 19
      },
      "write" : {
        "io_bytes" : 143228928,
        "io_kbytes" : 139872,
        "bw_bytes" : 14321460,
        "bw" : 13985,
        "iops" : 1748.225177,
        "runtime" : 10001,
        "total_ios" : 17484,
        "short_ios" : 0,
        "drop_ios" : 0,
        "slat_ns" : {
          "min" : 4222,
          "max" : 35474,
          "mean" : 7363.958362,
          "stddev" : 1329.033036
        },
        "clat_ns" : {
          "min" : 44875,
          "max" : 1689984,
          "mean" : 548603.048101,
          "stddev" : 173960.452525,
          "percentile" : {
            "1.000000" : 47872,
            "5.000000" : 146432,
            "10.000000" : 246784,
            "20.000000" : 415744,
            "30.000000" : 552960,
            "40.000000" : 618496,
            "50.000000" : 618496,
            "60.000000" : 643072,
            "70.000000" : 651264,
            "80.000000" : 667648,
            "90.000000" : 684032,
            "95.000000" : 692224,
            "99.000000" : 716800,
            "99.500000" : 724992,
            "99.900000" : 749568,
            "99.950000" : 888832,
            "99.990000" : 1466368
          }
        },
        "lat_ns" : {
          "min" : 50083,
          "max" : 1698808,
          "mean" : 556145.680622,
          "stddev" : 173898.611861
        },
        "bw_min" : 12272,
        "bw_max" : 19168,
        "bw_agg" : 99.910430,
        "bw_mean" : 13972.473684,
        "bw_dev" : 1904.632434,
        "bw_samples" : 19,
        "iops_min" : 1534,
        "iops_max" : 2396,
        "iops_mean" : 1746.526316,
        "iops_stddev" : 238.096005,
        "iops_samples" : 19
      },
      "trim" : {
        "io_bytes" : 0,
        "io_kbytes" : 0,
        "bw_bytes" : 0,
        "bw" : 0,
        "iops" : 0.000000,
        "runtime" : 0,
        "total_ios" : 0,
        "short_ios" : 0,
        "drop_ios" : 0,
        "slat_ns" : {
          "min" : 0,
          "max" : 0,
          "mean" : 0.000000,
          "stddev" : 0.000000
        },
        "clat_ns" : {
          "min" : 0,
          "max" : 0,
          "mean" : 0.000000,
          "stddev" : 0.000000,
          "percentile" : {
            "1.000000" : 0,
            "5.000000" : 0,
            "10.000000" : 0,
            "20.000000" : 0,
            "30.000000" : 0,
            "40.000000" : 0,
            "50.000000" : 0,
            "60.000000" : 0,
            "70.000000" : 0,
            "80.000000" : 0,
            "90.000000" : 0,
            "95.000000" : 0,
            "99.000000" : 0,
            "99.500000" : 0,
            "99.900000" : 0,
            "99.950000" : 0,
            "99.990000" : 0
          }
        },
        "lat_ns" : {
          "min" : 0,
          "max" : 0,
          "mean" : 0.000000,
          "stddev" : 0.000000
        },
        "bw_min" : 0,
        "bw_max" : 0,
        "bw_agg" : 0.000000,
        "bw_mean" : 0.000000,
        "bw_dev" : 0.000000,
        "bw_samples" : 0,
        "iops_min" : 0,
        "iops_max" : 0,
        "iops_mean" : 0.000000,
        "iops_stddev" : 0.000000,
        "iops_samples" : 0
      },
      "sync" : {
        "lat_ns" : {
          "min" : 0,
          "max" : 0,
          "mean" : 0.000000,
          "stddev" : 0.000000,
          "percentile" : {
            "1.000000" : 0,
            "5.000000" : 0,
            "10.000000" : 0,
            "20.000000" : 0,
            "30.000000" : 0,
            "40.000000" : 0,
            "50.000000" : 0,
            "60.000000" : 0,
            "70.000000" : 0,
            "80.000000" : 0,
            "90.000000" : 0,
            "95.000000" : 0,
            "99.000000" : 0,
            "99.500000" : 0,
            "99.900000" : 0,
            "99.950000" : 0,
            "99.990000" : 0
          }
        },
        "total_ios" : 0
      },
      "job_runtime" : 10000,
      "usr_cpu" : 7.090000,
      "sys_cpu" : 17.920000,
      "ctx" : 174649,
      "majf" : 0,
      "minf" : 15,
      "iodepth_level" : {
        "1" : 0.000000,
        "2" : 0.000000,
        "4" : 0.000000,
        "8" : 0.000000,
        "16" : 100.000000,
        "32" : 0.000000,
        ">=64" : 0.000000
      },
      "iodepth_submit" : {
        "0" : 0.000000,
        "4" : 100.000000,
        "8" : 0.000000,
        "16" : 0.000000,
        "32" : 0.000000,
        "64" : 0.000000,
        ">=64" : 0.000000
      },
      "iodepth_complete" : {
        "0" : 0.000000,
        "4" : 99.999428,
        "8" : 0.000000,
        "16" : 0.000000,
        "32" : 0.100000,
        "64" : 0.000000,
        ">=64" : 0.000000
      },
      "latency_ns" : {
        "2" : 0.000000,
        "4" : 0.000000,
        "10" : 0.000000,
        "20" : 0.000000,
        "50" : 0.000000,
        "100" : 0.000000,
        "250" : 0.000000,
        "500" : 0.000000,
        "750" : 0.000000,
        "1000" : 0.000000
      },
      "latency_us" : {
        "2" : 0.000000,
        "4" : 0.000000,
        "10" : 0.000000,
        "20" : 0.000000,
        "50" : 0.198344,
        "100" : 0.148615,
        "250" : 0.662479,
        "500" : 1.879405,
        "750" : 63.735146,
        "1000" : 22.525993
      },
      "latency_ms" : {
        "2" : 3.392989,
        "4" : 0.341242,
        "10" : 6.845995,
        "20" : 0.272079,
        "50" : 0.010000,
        "100" : 0.000000,
        "250" : 0.000000,
        "500" : 0.000000,
        "750" : 0.000000,
        "1000" : 0.000000,
        "2000" : 0.000000,
        ">=2000" : 0.000000
      },
      "latency_depth" : 22,
      "latency_target" : 0,
      "latency_percentile" : 100.000000,