

{
  "fio version" : "fio-3.15",
  "timestamp" : 1586491822,
  "time" : "Thu Apr  9 21:10:22 2020",
  "global options" : {
    "direct" : "1",
    "iodepth" : "22",
    "ioengine" : "libaio",
    "runtime" : "10",
    "time_based" : "1",
    "ramp_time" : "5",
    "size" : "5g",
    "numjobs" : "1",
    "rw" : "rw",
    "bs" : "32k",
    "rwmixread" : "90",
    "rwmixwrite" : "10"
  },
  "client_stats" : [
    {
      "jobname" : "rw_bw_test",
      "groupid" : 0,
      "error" : 0,
      "job options" : {
        "name" : "rw_bw_test",
        "filename" : "/mnt/INTEL_SSDSC2BW480H6_xfs/test.dat"
      },
      "read" : {
        "io_bytes" : 4077715456,
        "io_kbytes" : 3982144,
        "bw_bytes" : 407690007,
        "bw" : 398134,
        "iops" : 12439.712058,
        "runtime" : 10002,
        "total_ios" : 124422,
        "short_ios" : 0,
        "drop_ios" : 0,
        "slat_ns" : {
          "min" : 4480,
          "max" : 70743,
          "mean" : 12111.039768,
          "stddev" : 6602.290949
        },
        "clat_ns" : {
          "min" : 277931,
          "max" : 19563041,
          "mean" : 1642065.545234,
          "stddev" : 614344.601137,
          "percentile" : {
            "1.000000" : 1269760,
            "5.000000" : 1318912,
            "10.000000" : 1335296,
            "20.000000" : 1351680,
            "30.000000" : 1384448,
            "40.000000" : 1417216,
            "50.000000" : 1433600,
            "60.000000" : 1482752,
            "70.000000" : 1548288,
            "80.000000" : 1646592,
            "90.000000" : 2146304,
            "95.000000" : 3031040,
            "99.000000" : 4079616,
            "99.500000" : 4358144,
            "99.900000" : 5603328,
            "99.950000" : 7307264,
            "99.990000" : 16711680
          }
        },
        "lat_ns" : {
          "min" : 290611,
          "max" : 19574648,
          "mean" : 1654401.120329,
          "stddev" : 614416.448364
        },
        "bw_min" : 319168,
        "bw_max" : 425088,
        "bw_agg" : 99.974833,
        "bw_mean" : 398033.800000,
        "bw_dev" : 28016.195810,
        "bw_samples" : 20,
        "iops_min" : 9974,
        "iops_max" : 13284,
        "iops_mean" : 12438.500000,
        "iops_stddev" : 875.570160,
        "iops_samples" : 20
      },
      "write" : {
        "io_bytes" : 450592768,
        "io_kbytes" : 440032,
        "bw_bytes" : 45050266,
        "bw" : 43994,
        "iops" : 1374.725055,
        "runtime" : 10002,
        "total_ios" : 13750,
        "short_ios" : 0,
        "drop_ios" : 0,
        "slat_ns" : {
          "min" : 6793,
          "max" : 68491,
          "mean" : 17280.941964,
          "stddev" : 8016.610177
        },
        "clat_ns" : {
          "min" : 88470,
          "max" : 15308816,
          "mean" : 999268.531670,
          "stddev" : 557567.903928,
          "percentile" : {
            "1.000000" : 146432,
            "5.000000" : 268288,
            "10.000000" : 391168,
            "20.000000" : 593920,
            "30.000000" : 741376,
            "40.000000" : 872448,
            "50.000000" : 995328,
            "60.000000" : 1105920,
            "70.000000" : 1204224,
            "80.000000" : 1286144,
            "90.000000" : 1384448,
            "95.000000" : 1613824,
            "99.000000" : 3391488,
            "99.500000" : 3719168,
            "99.900000" : 4423680,
            "99.950000" : 4947968,
            "99.990000" : 15269888
          }
        },
        "lat_ns" : {
          "min" : 104801,
          "max" : 15324741,
          "mean" : 1016800.781398,
          "stddev" : 557461.226696
        },
        "bw_min" : 33024,
        "bw_max" : 50432,
        "bw_agg" : 99.982952,
        "bw_mean" : 43986.500000,
        "bw_dev" : 3505.924782,
        "bw_samples" : 20,
        "iops_min" : 1032,
        "iops_max" : 1576,
        "iops_mean" : 1374.550000,
        "iops_stddev" : 109.566839,
        "iops_samples" : 20
      },
      "trim" : {
        "io_bytes" : 0,
        "io_kbytes" : 0,
        "bw_bytes" : 0,
        "bw" : 0,
        "iops" : 0.000000,
        "runtime" : 0,
        "total_ios" : 0,
        "short_ios" : 0,
        "drop_ios" : 0,
        "slat_ns" : {
          "min" : 0,
          "max" : 0,
          "mean" : 0.000000,
          "stddev" : 0.000000
        },
        "clat_ns" : {
          "min" : 0,
          "max" : 0,
          "mean" : 0.000000,
          "stddev" : 0.000000,
          "percentile" : {
            "1.000000" : 0,
            "5.000000" : 0,
            "10.000000" : 0,
            "20.000000" : 0,
            "30.000000" : 0,
            "40.000000" : 0,
            "50.000000" : 0,
            "60.000000" : 0,
            "70.000000" : 0,
            "80.000000" : 0,
            "90.000000" : 0,
            "95.000000" : 0,
            "99.000000" : 0,
            "99.500000" : 0,
            "99.900000" : 0,
            "99.950000" : 0,
            "99.990000" : 0
          }
        },
        "lat_ns" : {
          "min" : 0,
          "max" : 0,
          "mean" : 0.000000,
          "stddev" : 0.000000
        },
        "bw_min" : 0,
        "bw_max" : 0,
        "bw_agg" : 0.000000,
        "bw_mean" : 0.000000,
        "bw_dev" : 0.000000,
        "bw_samples" : 0,
        "iops_min" : 0,
        "iops_max" : 0,
        "iops_mean" : 0.000000,
        "iops_stddev" : 0.000000,
        "iops_samples" : 0
      },
      "sync" : {
        "lat_ns" : {
          "min" : 0,
          "max" : 0,
          "mean" : 0.000000,
          "stddev" : 0.000000,
          "percentile" : {
            "1.000000" : 0,
            "5.000000" : 0,
            "10.000000" : 0,
            "20.000000" : 0,
            "30.000000" : 0,
            "40.000000" : 0,
            "50.000000" : 0,
            "60.000000" : 0,
            "70.000000" : 0,
            "80.000000" : 0,
            "90.000000" : 0,
            "95.000000" : 0,
            "99.000000" : 0,
            "99.500000" : 0,
            "99.900000" : 0,
            "99.950000" : 0,
            "99.990000" : 0
          }
        },
        "total_ios" : 0
      },
      "job_runtime" : 10001,
      "usr_cpu" : 7.669233,
      "sys_cpu" : 24.957504,
      "ctx" : 128693,
      "majf" : 0,
      "minf" : 15,
      "iodepth_level" : {
        "1" : 0.000000,
        "2" : 0.000000,
        "4" : 0.000000,
        "8" : 0.000000,
        "16" : 100.000000,
        "32" : 0.000000,
        ">=64" : 0.000000
      },
      "iodepth_submit" : {
        "0" : 0.000000,
        "4" : 100.000000,
        "8" : 0.000000,
        "16" : 0.000000,
        "32" : 0.000000,
        "64" : 0.000000,
        ">=64" : 0.000000
      },
      "iodepth_complete" : {
        "0" : 0.000000,
        "4" : 99.999276,
        "8" : 0.000000,
        "16" : 0.000000,
        "32" : 0.100000,
        "64" : 0.000000,
        ">=64" : 0.000000
      },
      "latency_ns" : {
        "2" : 0.000000,
        "4" : 0.000000,
        "10" : 0.000000,
        "20" : 0.000000,
        "50" : 0.000000,
        "100" : 0.000000,
        "250" : 0.000000,
        "500" : 0.000000,
        "750" : 0.000000,
        "1000" : 0.000000
      },
      "latency_us" : {
        "2" : 0.000000,
        "4" : 0.000000,
        "10" : 0.000000,
        "20" : 0.000000,
        "50" : 0.000000,
        "100" : 0.033292,
        "250" : 0.372724,
        "500" : 1.108763,
        "750" : 1.533596,
        "1000" : 2.002576
      },
      "latency_ms" : {
        "2" : 83.718119,
        "4" : 9.924587,
        "10" : 1.305619,
        "20" : 0.015922,
        "50" : 0.000000,
        "100" : 0.000000,
        "250" : 0.000000,
        "500" : 0.000000,
        "750" : 0.000000,
        "1000" : 0.000000,
        "2000" : 0.000000,
        ">=2000" : 0.000000
      },
      "latency_depth" : 22,
      "latency_target" : 0,
      "latency_percentile" : 100.000000,