

{
  "fio version" : "fio-3.15",
  "timestamp" : 1586491016,
  "time" : "Thu Apr  9 20:56:56 2020",
  "global options" : {
    "direct" : "1",
    "iodepth" : "22",
    "ioengine" : "libaio",
    "runtime" : "10",
    "time_based" : "1",
    "ramp_time" : "5",
    "size" : "5g",
    "numjobs" : "1",
    "rw" : "rw",
    "bs" : "32k",
    "rwmixread" : "90",
    "rwmixwrite" : "10"
  },
  "client_stats" : [
    {
      "jobname" : "rw_bw_test",
      "groupid" : 0,
      "error" : 0,
      "job options" : {
        "name" : "rw_bw_test",
        "filename" : "/mnt/INTEL_SSDSC2BW480H6_ext4/test.dat"
      },
      "read" : {
        "io_bytes" : 3920855040,
        "io_kbytes" : 3828960,
        "bw_bytes" : 392007102,
        "bw" : 382819,
        "iops" : 11961.207758,
        "runtime" : 10002,
        "total_ios" : 119636,
        "short_ios" : 0,
        "drop_ios" : 0,
        "slat_ns" : {
          "min" : 2697,
          "max" : 58464,
          "mean" : 10129.215311,
          "stddev" : 2555.505306
        },
        "clat_ns" : {
          "min" : 188641,
          "max" : 9105246,
          "mean" : 1711396.996757,
          "stddev" : 781990.732556,
          "percentile" : {
            "1.000000" : 1302528,
            "5.000000" : 1335296,
            "10.000000" : 1335296,
            "20.000000" : 1368064,
            "30.000000" : 1384448,
            "40.000000" : 1417216,
            "50.000000" : 1433600,
            "60.000000" : 1482752,
            "70.000000" : 1548288,
            "80.000000" : 1646592,
            "90.000000" : 2310144,
            "95.000000" : 3653632,
            "99.000000" : 5275648,
            "99.500000" : 5472256,
            "99.900000" : 7372800,
            "99.950000" : 8028160,
            "99.990000" : 8847360
          }
        },
        "lat_ns" : {
          "min" : 199374,
          "max" : 9114560,
          "mean" : 1721749.746872,
          "stddev" : 782197.079859
        },
        "bw_min" : 322112,
        "bw_max" : 404928,
        "bw_agg" : 99.993966,
        "bw_mean" : 382795.900000,
        "bw_dev" : 20880.733103,
        "bw_samples" : 20,
        "iops_min" : 10066,
        "iops_max" : 12654,
        "iops_mean" : 11962.350000,
        "iops_stddev" : 652.512010,
        "iops_samples" : 20
      },
      "write" : {
        "io_bytes" : 432570368,
        "io_kbytes" : 422432,
        "bw_bytes" : 43248387,
        "bw" : 42234,
        "iops" : 1319.636073,
        "runtime" : 10002,
        "total_ios" : 13199,
        "short_ios" : 0,
        "drop_ios" : 0,
        "slat_ns" : {
          "min" : 4323,
          "max" : 1458203,
          "mean" : 12742.974619,
          "stddev" : 16684.617443
        },
        "clat_ns" : {
          "min" : 78699,
          "max" : 7518247,
          "mean" : 1038767.382320,
          "stddev" : 705988.818936,
          "percentile" : {
            "1.000000" : 136192,
            "5.000000" : 268288,
            "10.000000" : 391168,
            "20.000000" : 577536,
            "30.000000" : 741376,
            "40.000000" : 864256,
            "50.000000" : 987136,
            "60.000000" : 1089536,
            "70.000000" : 1187840,
            "80.000000" : 1286144,
            "90.000000" : 1384448,
            "95.000000" : 1908736,
            "99.000000" : 4751360,
            "99.500000" : 5144576,
            "99.900000" : 5734400,
            "99.950000" : 6062080,
            "99.990000" : 7372800
          }
        },
        "lat_ns" : {
          "min" : 87237,
          "max" : 7536005,
          "mean" : 1051741.059465,
          "stddev" : 706138.231775
        },
        "bw_min" : 35392,
        "bw_max" : 47552,
        "bw_agg" : 99.996212,
        "bw_mean" : 42232.400000,
        "bw_dev" : 2945.221114,
        "bw_samples" : 20,
        "iops_min" : 1106,
        "iops_max" : 1486,
        "iops_mean" : 1319.750000,
        "iops_stddev" : 92.031960,
        "iops_samples" : 20
      },
      "trim" : {
        "io_bytes" : 0,
        "io_kbytes" : 0,
        "bw_bytes" : 0,
        "bw" : 0,
        "iops" : 0.000000,
        "runtime" : 0,
        "total_ios" : 0,
        "short_ios" : 0,
        "drop_ios" : 0,
        "slat_ns" : {
          "min" : 0,
          "max" : 0,
          "mean" : 0.000000,
          "stddev" : 0.000000
        },
        "clat_ns" : {
          "min" : 0,
          "max" : 0,
          "mean" : 0.000000,
          "stddev" : 0.000000,
          "percentile" : {
            "1.000000" : 0,
            "5.000000" : 0,
            "10.000000" : 0,
            "20.000000" : 0,
            "30.000000" : 0,
            "40.000000" : 0,
            "50.000000" : 0,
            "60.000000" : 0,
            "70.000000" : 0,
            "80.000000" : 0,
            "90.000000" : 0,
            "95.000000" : 0,
            "99.000000" : 0,
            "99.500000" : 0,
            "99.900000" : 0,
            "99.950000" : 0,
            "99.990000" : 0
          }
        },
        "lat_ns" : {
          "min" : 0,
          "max" : 0,
          "mean" : 0.000000,
          "stddev" : 0.000000
        },
        "bw_min" : 0,
        "bw_max" : 0,
        "bw_agg" : 0.000000,
        "bw_mean" : 0.000000,
        "bw_dev" : 0.000000,
        "bw_samples" : 0,
        "iops_min" : 0,
        "iops_max" : 0,
        "iops_mean" : 0.000000,
        "iops_stddev" : 0.000000,
        "iops_samples" : 0
      },
      "sync" : {
        "lat_ns" : {
          "min" : 0,
          "max" : 0,
          "mean" : 0.000000,
          "stddev" : 0.000000,
          "percentile" : {
            "1.000000" : 0,
            "5.000000" : 0,
            "10.000000" : 0,
            "20.000000" : 0,
            "30.000000" : 0,
            "40.000000" : 0,
            "50.000000" : 0,
            "60.000000" : 0,
            "70.000000" : 0,
            "80.000000" : 0,
            "90.000000" : 0,
            "95.000000" : 0,
            "99.000000" : 0,
            "99.500000" : 0,
            "99.900000" : 0,
            "99.950000" : 0,
            "99.990000" : 0
          }
        },
        "total_ios" : 0
      },
      "job_runtime" : 10001,
      "usr_cpu" : 6.419358,
      "sys_cpu" : 19.018098,
      "ctx" : 132506,
      "majf" : 0,
      "minf" : 15,
      "iodepth_level" : {
        "1" : 0.000000,
        "2" : 0.000000,
        "4" : 0.000000,
        "8" : 0.000000,
        "16" : 100.000000,
        "32" : 0.000000,
        ">=64" : 0.000000
      },
      "iodepth_submit" : {
        "0" : 0.000000,
        "4" : 100.000000,
        "8" : 0.000000,
        "16" : 0.000000,
        "32" : 0.000000,
        "64" : 0.000000,
        ">=64" : 0.000000
      },
      "iodepth_complete" : {
        "0" : 0.000000,
        "4" : 99.999247,
        "8" : 0.000000,
        "16" : 0.000000,
        "32" : 0.100000,
        "64" : 0.000000,
        ">=64" : 0.000000
      },
      "latency_ns" : {
        "2" : 0.000000,
        "4" : 0.000000,
        "10" : 0.000000,
        "20" : 0.000000,
        "50" : 0.000000,
        "100" : 0.000000,
        "250" : 0.000000,
        "500" : 0.000000,
        "750" : 0.000000,
        "1000" : 0.000000
      },
      "latency_us" : {
        "2" : 0.000000,
        "4" : 0.000000,
        "10" : 0.000000,
        "20" : 0.000000,
        "50" : 0.000000,
        "100" : 0.054203,
        "250" : 0.407272,
        "500" : 1.036624,
        "750" : 1.600482,
        "1000" : 1.999473
      },
      "latency_ms" : {
        "2" : 82.344262,
        "4" : 9.543419,
        "10" : 3.030075,
        "20" : 0.000000,
        "50" : 0.000000,
        "100" : 0.000000,
        "250" : 0.000000,
        "500" : 0.000000,
        "750" : 0.000000,
        "1000" : 0.000000,
        "2000" : 0.000000,
        ">=2000" : 0.000000
      },
      "latency_depth" : 22,
      "latency_target" : 0,
      "latency_percentile" : 100.000000,