

{
  "fio version" : "fio-3.15",
  "timestamp" : 1586491051,
  "time" : "Thu Apr  9 20:57:31 2020",
  "global options" : {
    "direct" : "1",
    "iodepth" : "22",
    "ioengine" : "libaio",
    "runtime" : "10",
    "time_based" : "1",
    "ramp_time" : "5",
    "size" : "5g",
    "numjobs" : "1",
    "rw" : "rw",
    "bs" : "128k",
    "rwmixread" : "90",
    "rwmixwrite" : "10"
  },
  "client_stats" : [
    {
      "jobname" : "rw_bw_test",
      "groupid" : 0,
      "error" : 0,
      "job options" : {
        "name" : "rw_bw_test",
        "filename" : "/mnt/INTEL_SSDSC2BW480H6_ext4/test.dat"
      },
      "read" : {
        "io_bytes" : 4165992448,
        "io_kbytes" : 4068352,
        "bw_bytes" : 416391049,
        "bw" : 406631,
        "iops" : 3174.912544,
        "runtime" : 10005,
        "total_ios" : 31765,
        "short_ios" : 0,
        "drop_ios" : 0,
        "slat_ns" : {
          "min" : 5592,
          "max" : 3695367,
          "mean" : 20938.268440,
          "stddev" : 21246.918493
        },
        "clat_ns" : {
          "min" : 3144164,
          "max" : 26248459,
          "mean" : 6465592.062925,
          "stddev" : 1645323.422527,
          "percentile" : {
            "1.000000" : 5079040,
            "5.000000" : 5144576,
            "10.000000" : 5144576,
            "20.000000" : 5210112,
            "30.000000" : 5406720,
            "40.000000" : 5603328,
            "50.000000" : 5799936,
            "60.000000" : 6258688,
            "70.000000" : 6782976,
            "80.000000" : 7503872,
            "90.000000" : 8978432,
            "95.000000" : 9764864,
            "99.000000" : 11862016,
            "99.500000" : 12910592,
            "99.900000" : 15663104,
            "99.950000" : 21889024,
            "99.990000" : 25821184
          }
        },
        "lat_ns" : {
          "min" : 3167050,
          "max" : 26268326,
          "mean" : 6486861.284766,
          "stddev" : 1646734.701524
        },
        "bw_min" : 328704,
        "bw_max" : 435200,
        "bw_agg" : 99.973649,
        "bw_mean" : 406523.850000,
        "bw_dev" : 31022.608598,
        "bw_samples" : 20,
        "iops_min" : 2568,
        "iops_max" : 3400,
        "iops_mean" : 3175.950000,
        "iops_stddev" : 242.353043,
        "iops_samples" : 20
      },
      "write" : {
        "io_bytes" : 470155264,
        "io_kbytes" : 459136,
        "bw_bytes" : 46992030,
        "bw" : 45890,
        "iops" : 358.320840,
        "runtime" : 10005,
        "total_ios" : 3585,
        "short_ios" : 0,
        "drop_ios" : 0,
        "slat_ns" : {
          "min" : 9943,
          "max" : 5844441,
          "mean" : 28828.416736,
          "stddev" : 97333.021364
        },
        "clat_ns" : {
          "min" : 271624,
          "max" : 21408938,
          "mean" : 3851427.775300,
          "stddev" : 2014974.131589,
          "percentile" : {
            "1.000000" : 346112,
            "5.000000" : 978944,
            "10.000000" : 1449984,
            "20.000000" : 2146304,
            "30.000000" : 2703360,
            "40.000000" : 3293184,
            "50.000000" : 3751936,
            "60.000000" : 4227072,
            "70.000000" : 4685824,
            "80.000000" : 5144576,
            "90.000000" : 6193152,
            "95.000000" : 7372800,
            "99.000000" : 10027008,
            "99.500000" : 11599872,
            "99.900000" : 13697024,
            "99.950000" : 14090240,
            "99.990000" : 21364736
          }
        },
        "lat_ns" : {
          "min" : 293987,
          "max" : 21439128,
          "mean" : 3880674.040703,
          "stddev" : 2015395.067446
        },
        "bw_min" : 34304,
        "bw_max" : 51712,
        "bw_agg" : 100.000000,
        "bw_mean" : 45909.050000,
        "bw_dev" : 4842.903321,
        "bw_samples" : 20,
        "iops_min" : 268,
        "iops_max" : 404,
        "iops_mean" : 358.650000,
        "iops_stddev" : 37.836595,
        "iops_samples" : 20
      },
      "trim" : {
        "io_bytes" : 0,
        "io_kbytes" : 0,
        "bw_bytes" : 0,
        "bw" : 0,
        "iops" : 0.000000,
        "runtime" : 0,
        "total_ios" : 0,
        "short_ios" : 0,
        "drop_ios" : 0,
        "slat_ns" : {
          "min" : 0,
          "max" : 0,
          "mean" : 0.000000,
          "stddev" : 0.000000
        },
        "clat_ns" : {
          "min" : 0,
          "max" : 0,
          "mean" : 0.000000,
          "stddev" : 0.000000,
          "percentile" : {
            "1.000000" : 0,
            "5.000000" : 0,
            "10.000000" : 0,
            "20.000000" : 0,
            "30.000000" : 0,
            "40.000000" : 0,
            "50.000000" : 0,
            "60.000000" : 0,
            "70.000000" : 0,
            "80.000000" : 0,
            "90.000000" : 0,
            "95.000000" : 0,
            "99.000000" : 0,
            "99.500000" : 0,
            "99.900000" : 0,
            "99.950000" : 0,
            "99.990000" : 0
          }
        },
        "lat_ns" : {
          "min" : 0,
          "max" : 0,
          "mean" : 0.000000,
          "stddev" : 0.000000
        },
        "bw_min" : 0,
        "bw_max" : 0,
        "bw_agg" : 0.000000,
        "bw_mean" : 0.000000,
        "bw_dev" : 0.000000,
        "bw_samples" : 0,
        "iops_min" : 0,
        "iops_max" : 0,
        "iops_mean" : 0.000000,
        "iops_stddev" : 0.000000,
        "iops_samples" : 0
      },
      "sync" : {
        "lat_ns" : {
          "min" : 0,
          "max" : 0,
          "mean" : 0.000000,
          "stddev" : 0.000000,
          "percentile" : {
            "1.000000" : 0,
            "5.000000" : 0,
            "10.000000" : 0,
            "20.000000" : 0,
            "30.000000" : 0,
            "40.000000" : 0,
            "50.000000" : 0,
            "60.000000" : 0,
            "70.000000" : 0,
            "80.000000" : 0,
            "90.000000" : 0,
            "95.000000" : 0,
            "99.000000" : 0,
            "99.500000" : 0,
            "99.900000" : 0,
            "99.950000" : 0,
            "99.990000" : 0
          }
        },
        "total_ios" : 0
      },
      "job_runtime" : 10004,
      "usr_cpu" : 1.429428,
      "sys_cpu" : 10.385846,
      "ctx" : 35218,
      "majf" : 0,
      "minf" : 15,
      "iodepth_level" : {
        "1" : 0.000000,
        "2" : 0.000000,
        "4" : 0.000000,
        "8" : 0.000000,
        "16" : 100.000000,
        "32" : 0.000000,
        ">=64" : 0.000000
      },
      "iodepth_submit" : {
        "0" : 0.000000,
        "4" : 100.000000,
        "8" : 0.000000,
        "16" : 0.000000,
        "32" : 0.000000,
        "64" : 0.000000,
        ">=64" : 0.000000
      },
      "iodepth_complete" : {
        "0" : 0.000000,
        "4" : 99.997171,
        "8" : 0.000000,
        "16" : 0.000000,
        "32" : 0.100000,
        "64" : 0.000000,
        ">=64" : 0.000000
      },
      "latency_ns" : {
        "2" : 0.000000,
        "4" : 0.000000,
        "10" : 0.000000,
        "20" : 0.000000,
        "50" : 0.000000,
        "100" : 0.000000,
        "250" : 0.000000,
        "500" : 0.000000,
        "750" : 0.000000,
        "1000" : 0.000000
      },
      "latency_us" : {
        "2" : 0.000000,
        "4" : 0.000000,
        "10" : 0.000000,
        "20" : 0.000000,
        "50" : 0.000000,
        "100" : 0.000000,
        "250" : 0.000000,
        "500" : 0.132956,
        "750" : 0.200849,
        "1000" : 0.260255
      },
      "latency_ms" : {
        "2" : 1.258840,
        "4" : 3.835926,
        "10" : 90.396040,
        "20" : 3.917963,
        "50" : 0.056577,
        "100" : 0.000000,
        "250" : 0.000000,
        "500" : 0.000000,
        "750" : 0.000000,
        "1000" : 0.000000,
        "2000" : 0.000000,
        ">=2000" : 0.000000
      },
      "latency_depth" : 22,
      "latency_target" : 0,