

{
  "fio version" : "fio-3.15",
  "timestamp" : 1586490940,
  "time" : "Thu Apr  9 20:55:40 2020",
  "global options" : {
    "direct" : "1",
    "iodepth" : "22",
    "ioengine" : "libaio",
    "runtime" : "10",
    "time_based" : "1",
    "ramp_time" : "5",
    "size" : "5g",
    "numjobs" : "1",
    "rw" : "rw",
    "bs" : "4k",
    "rwmixread" : "90",
    "rwmixwrite" : "10"
  },
  "client_stats" : [
    {
      "jobname" : "rw_bw_test",
      "groupid" : 0,
      "error" : 0,
      "job options" : {
        "name" : "rw_bw_test",
        "filename" : "/mnt/INTEL_SSDSC2BW480H6_ext4/test.dat"
      },
      "read" : {
        "io_bytes" : 1958223872,
        "io_kbytes" : 1912328,
        "bw_bytes" : 195802806,
        "bw" : 191213,
        "iops" : 47801.619838,
        "runtime" : 10001,
        "total_ios" : 478064,
        "short_ios" : 0,
        "drop_ios" : 0,
        "slat_ns" : {
          "min" : 1381,
          "max" : 72526,
          "mean" : 3742.546741,
          "stddev" : 834.747611
        },
        "clat_ns" : {
          "min" : 57775,
          "max" : 15109566,
          "mean" : 405816.424917,
          "stddev" : 318125.173569,
          "percentile" : {
            "1.000000" : 228352,
            "5.000000" : 296960,
            "10.000000" : 313344,
            "20.000000" : 325632,
            "30.000000" : 329728,
            "40.000000" : 342016,
            "50.000000" : 370688,
            "60.000000" : 387072,
            "70.000000" : 395264,
            "80.000000" : 407552,
            "90.000000" : 436224,
            "95.000000" : 505856,
            "99.000000" : 1744896,
            "99.500000" : 2932736,
            "99.900000" : 4292608,
            "99.950000" : 4292608,
            "99.990000" : 5603328
          }
        },
        "lat_ns" : {
          "min" : 61623,
          "max" : 15113359,
          "mean" : 409660.515621,
          "stddev" : 318246.085499
        },
        "bw_min" : 175592,
        "bw_max" : 199312,
        "bw_agg" : 99.898295,
        "bw_mean" : 191018.526316,
        "bw_dev" : 6267.578261,
        "bw_samples" : 19,
        "iops_min" : 43898,
        "iops_max" : 49828,
        "iops_mean" : 47754.631579,
        "iops_stddev" : 1566.909528,
        "iops_samples" : 19
      },
      "write" : {
        "io_bytes" : 219209728,
        "io_kbytes" : 214072,
        "bw_bytes" : 21918780,
        "bw" : 21405,
        "iops" : 5350.964904,
        "runtime" : 10001,
        "total_ios" : 53515,
        "short_ios" : 0,
        "drop_ios" : 0,
        "slat_ns" : {
          "min" : 1720,
          "max" : 59619,
          "mean" : 4413.729665,
          "stddev" : 1041.779131
        },
        "clat_ns" : {
          "min" : 33241,
          "max" : 15045635,
          "mean" : 443054.144867,
          "stddev" : 371200.560514,
          "percentile" : {
            "1.000000" : 197632,
            "5.000000" : 276480,
            "10.000000" : 301056,
            "20.000000" : 321536,
            "30.000000" : 333824,
            "40.000000" : 354304,
            "50.000000" : 374784,
            "60.000000" : 387072,
            "70.000000" : 415744,
            "80.000000" : 473088,
            "90.000000" : 569344,
            "95.000000" : 651264,
            "99.000000" : 2408448,
            "99.500000" : 2965504,
            "99.900000" : 4358144,
            "99.950000" : 4489216,
            "99.990000" : 6717440
          }
        },
        "lat_ns" : {
          "min" : 37438,
          "max" : 15049862,
          "mean" : 447555.581449,
          "stddev" : 371326.043250
        },
        "bw_min" : 19760,
        "bw_max" : 22544,
        "bw_agg" : 99.974920,
        "bw_mean" : 21399.631579,
        "bw_dev" : 762.289185,
        "bw_samples" : 19,
        "iops_min" : 4940,
        "iops_max" : 5636,
        "iops_mean" : 5349.894737,
        "iops_stddev" : 190.571332,
        "iops_samples" : 19
      },
      "trim" : {
        "io_bytes" : 0,
        "io_kbytes" : 0,
        "bw_bytes" : 0,
        "bw" : 0,
        "iops" : 0.000000,
        "runtime" : 0,
        "total_ios" : 0,
        "short_ios" : 0,
        "drop_ios" : 0,
        "slat_ns" : {
          "min" : 0,
          "max" : 0,
          "mean" : 0.000000,
          "stddev" : 0.000000
        },
        "clat_ns" : {
          "min" : 0,
          "max" : 0,
          "mean" : 0.000000,
          "stddev" : 0.000000,
          "percentile" : {
            "1.000000" : 0,
            "5.000000" : 0,
            "10.000000" : 0,
            "20.000000" : 0,
            "30.000000" : 0,
            "40.000000" : 0,
            "50.000000" : 0,
            "60.000000" : 0,
            "70.000000" : 0,
            "80.000000" : 0,
            "90.000000" : 0,
            "95.000000" : 0,
            "99.000000" : 0,
            "99.500000" : 0,
            "99.900000" : 0,
            "99.950000" : 0,
            "99.990000" : 0
          }
        },
        "lat_ns" : {
          "min" : 0,
          "max" : 0,
          "mean" : 0.000000,
          "stddev" : 0.000000
        },
        "bw_min" : 0,
        "bw_max" : 0,
        "bw_agg" : 0.000000,
        "bw_mean" : 0.000000,
        "bw_dev" : 0.000000,
        "bw_samples" : 0,
        "iops_min" : 0,
        "iops_max" : 0,
        "iops_mean" : 0.000000,
        "iops_stddev" : 0.000000,
        "iops_samples" : 0
      },
      "sync" : {
        "lat_ns" : {
          "min" : 0,
          "max" : 0,
          "mean" : 0.000000,
          "stddev" : 0.000000,
          "percentile" : {
            "1.000000" : 0,
            "5.000000" : 0,
            "10.000000" : 0,
            "20.000000" : 0,
            "30.000000" : 0,
            "40.000000" : 0,
            "50.000000" : 0,
            "60.000000" : 0,
            "70.000000" : 0,
            "80.000000" : 0,
            "90.000000" : 0,
            "95.000000" : 0,
            "99.000000" : 0,
            "99.500000" : 0,
            "99.900000" : 0,
            "99.950000" : 0,
            "99.990000" : 0
          }
        },
        "total_ios" : 0
      },
      "job_runtime" : 10000,
      "usr_cpu" : 16.010000,
      "sys_cpu" : 23.190000,
      "ctx" : 506963,
      "majf" : 0,
      "minf" : 15,
      "iodepth_level" : {
        "1" : 0.000000,
        "2" : 0.000000,
        "4" : 0.000000,
        "8" : 0.000000,
        "16" : 100.000000,
        "32" : 0.000000,
        ">=64" : 0.000000
      },
      "iodepth_submit" : {
        "0" : 0.000000,
        "4" : 100.000000,
        "8" : 0.000000,
        "16" : 0.000000,
        "32" : 0.000000,
        "64" : 0.000000,
        ">=64" : 0.000000
      },
      "iodepth_complete" : {
        "0" : 0.000000,
        "4" : 99.999812,
        "8" : 0.000000,
        "16" : 0.000000,
        "32" : 0.100000,
        "64" : 0.000000,
        ">=64" : 0.000000
      },
      "latency_ns" : {
        "2" : 0.000000,
        "4" : 0.000000,
        "10" : 0.000000,
        "20" : 0.000000,
        "50" : 0.000000,
        "100" : 0.000000,
        "250" : 0.000000,
        "500" : 0.000000,
        "750" : 0.000000,
        "1000" : 0.000000
      },
      "latency_us" : {
        "2" : 0.000000,
        "4" : 0.000000,
        "10" : 0.000000,
        "20" : 0.000000,
        "50" : 0.010000,
        "100" : 0.083149,
        "250" : 1.522069,
        "500" : 91.943248,
        "750" : 4.278950,
        "1000" : 0.465970
      },
      "latency_ms" : {
        "2" : 0.748713,
        "4" : 0.702812,
        "10" : 0.249257,
        "20" : 0.010000,
        "50" : 0.000000,
        "100" : 0.000000,
        "250" : 0.000000,
        "500" : 0.000000,
        "750" : 0.000000,
        "1000" : 0.000000,
        "2000" : 0.000000,
        ">=2000" : 0.000000
      },
      "latency_depth" : 22,
      "latency_target" : 0,
      "latency_percentile" : 100.000000,
      "latency_window" : 0,