

{
  "fio version" : "fio-3.15",
  "timestamp" : 1586490154,
  "time" : "Thu Apr  9 20:42:34 2020",
  "global options" : {
    "direct" : "1",
    "iodepth" : "22",
    "ioengine" : "libaio",
    "runtime" : "10",
    "time_based" : "1",
    "ramp_time" : "5",
    "size" : "5g",
    "numjobs" : "1",
    "rw" : "rw",
    "bs" : "4k",
    "rwmixread" : "90",
    "rwmixwrite" : "10"
  },
  "client_stats" : [
    {
      "jobname" : "rw_bw_test",
      "groupid" : 0,
      "error" : 0,
      "job options" : {
        "name" : "rw_bw_test",
        "filename" : "/dev/sdb"
      },
      "read" : {
        "io_bytes" : 2049585152,
        "io_kbytes" : 2001548,
        "bw_bytes" : 204938021,
        "bw" : 200134,
        "iops" : 50031.796820,
        "runtime" : 10001,
        "total_ios" : 500368,
        "short_ios" : 0,
        "drop_ios" : 0,
        "slat_ns" : {
          "min" : 3029,
          "max" : 34609,
          "mean" : 4225.505502,
          "stddev" : 944.066859
        },
        "clat_ns" : {
          "min" : 56009,
          "max" : 15809851,
          "mean" : 387638.676532,
          "stddev" : 204398.929638,
          "percentile" : {
            "1.000000" : 248832,
            "5.000000" : 301056,
            "10.000000" : 313344,
            "20.000000" : 325632,
            "30.000000" : 329728,
            "40.000000" : 342016,
            "50.000000" : 366592,
            "60.000000" : 382976,
            "70.000000" : 391168,
            "80.000000" : 403456,
            "90.000000" : 432128,
            "95.000000" : 497664,
            "99.000000" : 1028096,
            "99.500000" : 1499136,
            "99.900000" : 2998272,
            "99.950000" : 3129344,
            "99.990000" : 3883008
          }
        },
        "lat_ns" : {
          "min" : 60092,
          "max" : 15814087,
          "mean" : 391946.559621,
          "stddev" : 204420.225218
        },
        "bw_min" : 150280,
        "bw_max" : 209612,
        "bw_agg" : 99.983064,
        "bw_mean" : 200100.105263,
        "bw_dev" : 14553.023091,
        "bw_samples" : 19,
        "iops_min" : 37570,
        "iops_max" : 52403,
        "iops_mean" : 50025.000000,
        "iops_stddev" : 3638.281691,
        "iops_samples" : 19
      },
      "write" : {
        "io_bytes" : 229298176,
        "io_kbytes" : 223924,
        "bw_bytes" : 22927524,
        "bw" : 22390,
        "iops" : 5597.340266,
        "runtime" : 10001,
        "total_ios" : 55979,
        "short_ios" : 0,
        "drop_ios" : 0,
        "slat_ns" : {
          "min" : 3919,
          "max" : 27900,
          "mean" : 5238.053609,
          "stddev" : 1071.182489
        },
        "clat_ns" : {
          "min" : 33944,
          "max" : 15751659,
          "mean" : 415969.374413,
          "stddev" : 257503.338183,
          "percentile" : {
            "1.000000" : 203776,
            "5.000000" : 280576,
            "10.000000" : 305152,
            "20.000000" : 321536,
            "30.000000" : 333824,
            "40.000000" : 350208,
            "50.000000" : 370688,
            "60.000000" : 387072,
            "70.000000" : 411648,
            "80.000000" : 464896,
            "90.000000" : 552960,
            "95.000000" : 626688,
            "99.000000" : 1302528,
            "99.500000" : 2113536,
            "99.900000" : 3063808,
            "99.950000" : 3325952,
            "99.990000" : 4489216
          }
        },
        "lat_ns" : {
          "min" : 39236,
          "max" : 15756057,
          "mean" : 421294.558654,
          "stddev" : 257535.686169
        },
        "bw_min" : 17272,
        "bw_max" : 24240,
        "bw_agg" : 99.910439,
        "bw_mean" : 22369.947368,
        "bw_dev" : 1590.941876,
        "bw_samples" : 19,
        "iops_min" : 4318,
        "iops_max" : 6060,
        "iops_mean" : 5592.473684,
        "iops_stddev" : 397.743967,
        "iops_samples" : 19
      },
      "trim" : {
        "io_bytes" : 0,
        "io_kbytes" : 0,
        "bw_bytes" : 0,
        "bw" : 0,
        "iops" : 0.000000,
        "runtime" : 0,
        "total_ios" : 0,
        "short_ios" : 0,
        "drop_ios" : 0,
        "slat_ns" : {
          "min" : 0,
          "max" : 0,
          "mean" : 0.000000,
          "stddev" : 0.000000
        },
        "clat_ns" : {
          "min" : 0,
          "max" : 0,
          "mean" : 0.000000,
          "stddev" : 0.000000,
          "percentile" : {
            "1.000000" : 0,
            "5.000000" : 0,
            "10.000000" : 0,
            "20.000000" : 0,
            "30.000000" : 0,
            "40.000000" : 0,
            "50.000000" : 0,
            "60.000000" : 0,
            "70.000000" : 0,
            "80.000000" : 0,
            "90.000000" : 0,
            "95.000000" : 0,
            "99.000000" : 0,
            "99.500000" : 0,
            "99.900000" : 0,
            "99.950000" : 0,
            "99.990000" : 0
          }
        },
        "lat_ns" : {
          "min" : 0,
          "max" : 0,
          "mean" : 0.000000,
          "stddev" : 0.000000
        },
        "bw_min" : 0,
        "bw_max" : 0,
        "bw_agg" : 0.000000,
        "bw_mean" : 0.000000,
        "bw_dev" : 0.000000,
        "bw_samples" : 0,
        "iops_min" : 0,
        "iops_max" : 0,
        "iops_mean" : 0.000000,
        "iops_stddev" : 0.000000,
        "iops_samples" : 0
      },
      "sync" : {
        "lat_ns" : {
          "min" : 0,
          "max" : 0,
          "mean" : 0.000000,
          "stddev" : 0.000000,
          "percentile" : {
            "1.000000" : 0,
            "5.000000" : 0,
            "10.000000" : 0,
            "20.000000" : 0,
            "30.000000" : 0,
            "40.000000" : 0,
            "50.000000" : 0,
            "60.000000" : 0,
            "70.000000" : 0,
            "80.000000" : 0,
            "90.000000" : 0,
            "95.000000" : 0,
            "99.000000" : 0,
            "99.500000" : 0,
            "99.900000" : 0,
            "99.950000" : 0,
            "99.990000" : 0
          }
        },
        "total_ios" : 0
      },
      "job_runtime" : 10000,
      "usr_cpu" : 18.110000,
      "sys_cpu" : 27.030000,
      "ctx" : 527093,
      "majf" : 0,
      "minf" : 15,
      "iodepth_level" : {
        "1" : 0.000000,
        "2" : 0.000000,
        "4" : 0.000000,
        "8" : 0.000000,
        "16" : 100.000000,
        "32" : 0.000000,
        ">=64" : 0.000000
      },
      "iodepth_submit" : {
        "0" : 0.000000,
        "4" : 100.000000,
        "8" : 0.000000,
        "16" : 0.000000,
        "32" : 0.000000,
        "64" : 0.000000,
        ">=64" : 0.000000
      },
      "iodepth_complete" : {
        "0" : 0.000000,
        "4" : 99.999820,
        "8" : 0.000000,
        "16" : 0.000000,
        "32" : 0.100000,
        "64" : 0.000000,
        ">=64" : 0.000000
      },
      "latency_ns" : {
        "2" : 0.000000,
        "4" : 0.000000,
        "10" : 0.000000,
        "20" : 0.000000,
        "50" : 0.000000,
        "100" : 0.000000,
        "250" : 0.000000,
        "500" : 0.000000,
        "750" : 0.000000,
        "1000" : 0.000000
      },
      "latency_us" : {
        "2" : 0.000000,
        "4" : 0.000000,
        "10" : 0.000000,
        "20" : 0.000000,
        "50" : 0.010000,
        "100" : 0.052126,
        "250" : 1.145149,
        "500" : 92.855179,
        "750" : 4.038846,
        "1000" : 0.791413
      },
      "latency_ms" : {
        "2" : 0.730300,
        "4" : 0.378181,
        "10" : 0.010000,
        "20" : 0.010000,
        "50" : 0.000000,
        "100" : 0.000000,
        "250" : 0.000000,
        "500" : 0.000000,
        "750" : 0.000000,
        "1000" : 0.000000,
        "2000" : 0.000000,
        ">=2000" : 0.000000
      },
      "latency_depth" : 22,
      "latency_target" : 0,
      "latency_percentile" : 100.000000,
      "latency_window" : 0,
      "hostname" : "192.168.0.23",