

{
  "fio version" : "fio-3.15",
  "timestamp" : 1586491840,
  "time" : "Thu Apr  9 21:10:40 2020",
  "global options" : {
    "direct" : "1",
    "iodepth" : "22",
    "ioengine" : "libaio",
    "runtime" : "10",
    "time_based" : "1",
    "ramp_time" : "5",
    "size" : "5g",
    "numjobs" : "1",
    "rw" : "rw",
    "bs" : "64k",
    "rwmixread" : "90",
    "rwmixwrite" : "10"
  },
  "client_stats" : [
    {
      "jobname" : "rw_bw_test",
      "groupid" : 0,
      "error" : 0,
      "job options" : {
        "name" : "rw_bw_test",
        "filename" : "/mnt/INTEL_SSDSC2BW480H6_xfs/test.dat"
      },
      "read" : {
        "io_bytes" : 4149280768,
        "io_kbytes" : 4052032,
        "bw_bytes" : 414803635,
        "bw" : 405081,
        "iops" : 6327.301809,
        "runtime" : 10003,
        "total_ios" : 63292,
        "short_ios" : 0,
        "drop_ios" : 0,
        "slat_ns" : {
          "min" : 8223,
          "max" : 72410,
          "mean" : 15925.254866,
          "stddev" : 6925.825655
        },
        "clat_ns" : {
          "min" : 2160823,
          "max" : 28899385,
          "mean" : 3241891.243931,
          "stddev" : 989468.908032,
          "percentile" : {
            "1.000000" : 2572288,
            "5.000000" : 2605056,
            "10.000000" : 2605056,
            "20.000000" : 2637824,
            "30.000000" : 2703360,
            "40.000000" : 2736128,
            "50.000000" : 2834432,
            "60.000000" : 2899968,
            "70.000000" : 3194880,
            "80.000000" : 3719168,
            "90.000000" : 4685824,
            "95.000000" : 5275648,
            "99.000000" : 6520832,
            "99.500000" : 6914048,
            "99.900000" : 8093696,
            "99.950000" : 10813440,
            "99.990000" : 26607616
          }
        },
        "lat_ns" : {
          "min" : 2174420,
          "max" : 28912785,
          "mean" : 3258088.553046,
          "stddev" : 989822.774193
        },
        "bw_min" : 325504,
        "bw_max" : 435712,
        "bw_agg" : 99.969451,
        "bw_mean" : 404957.250000,
        "bw_dev" : 35611.273434,
        "bw_samples" : 20,
        "iops_min" : 5086,
        "iops_max" : 6808,
        "iops_mean" : 6327.350000,
        "iops_stddev" : 556.390461,
        "iops_samples" : 20
      },
      "write" : {
        "io_bytes" : 458620928,
        "io_kbytes" : 447872,
        "bw_bytes" : 45848338,
        "bw" : 44773,
        "iops" : 699.590123,
        "runtime" : 10003,
        "total_ios" : 6998,
        "short_ios" : 0,
        "drop_ios" : 0,
        "slat_ns" : {
          "min" : 12745,
          "max" : 90424,
          "mean" : 22393.990712,
          "stddev" : 8195.885769
        },
        "clat_ns" : {
          "min" : 151275,
          "max" : 15042384,
          "mean" : 1932716.236782,
          "stddev" : 987338.894574,
          "percentile" : {
            "1.000000" : 216064,
            "5.000000" : 509952,
            "10.000000" : 749568,
            "20.000000" : 1105920,
            "30.000000" : 1368064,
            "40.000000" : 1662976,
            "50.000000" : 1892352,
            "60.000000" : 2146304,
            "70.000000" : 2375680,
            "80.000000" : 2539520,
            "90.000000" : 2998272,
            "95.000000" : 3784704,
            "99.000000" : 5013504,
            "99.500000" : 5275648,
            "99.900000" : 6586368,
            "99.950000" : 7045120,
            "99.990000" : 15007744
          }
        },
        "lat_ns" : {
          "min" : 175312,
          "max" : 15062918,
          "mean" : 1955427.145041,
          "stddev" : 988027.325082
        },
        "bw_min" : 32000,
        "bw_max" : 50176,
        "bw_agg" : 99.971858,
        "bw_mean" : 44760.400000,
        "bw_dev" : 4908.485793,
        "bw_samples" : 20,
        "iops_min" : 500,
        "iops_max" : 784,
        "iops_mean" : 699.300000,
        "iops_stddev" : 76.665439,
        "iops_samples" : 20
      },
      "trim" : {
        "io_bytes" : 0,
        "io_kbytes" : 0,
        "bw_bytes" : 0,
        "bw" : 0,
        "iops" : 0.000000,
        "runtime" : 0,
        "total_ios" : 0,
        "short_ios" : 0,
        "drop_ios" : 0,
        "slat_ns" : {
          "min" : 0,
          "max" : 0,
          "mean" : 0.000000,
          "stddev" : 0.000000
        },
        "clat_ns" : {
          "min" : 0,
          "max" : 0,
          "mean" : 0.000000,
          "stddev" : 0.000000,
          "percentile" : {
            "1.000000" : 0,
            "5.000000" : 0,
            "10.000000" : 0,
            "20.000000" : 0,
            "30.000000" : 0,
            "40.000000" : 0,
            "50.000000" : 0,
            "60.000000" : 0,
            "70.000000" : 0,
            "80.000000" : 0,
            "90.000000" : 0,
            "95.000000" : 0,
            "99.000000" : 0,
            "99.500000" : 0,
            "99.900000" : 0,
            "99.950000" : 0,
            "99.990000" : 0
          }
        },
        "lat_ns" : {
          "min" : 0,
          "max" : 0,
          "mean" : 0.000000,
          "stddev" : 0.000000
        },
        "bw_min" : 0,
        "bw_max" : 0,
        "bw_agg" : 0.000000,
        "bw_mean" : 0.000000,
        "bw_dev" : 0.000000,
        "bw_samples" : 0,
        "iops_min" : 0,
        "iops_max" : 0,
        "iops_mean" : 0.000000,
        "iops_stddev" : 0.000000,
        "iops_samples" : 0
      },
      "sync" : {
        "lat_ns" : {
          "min" : 0,
          "max" : 0,
          "mean" : 0.000000,
          "stddev" : 0.000000,
          "percentile" : {
            "1.000000" : 0,
            "5.000000" : 0,
            "10.000000" : 0,
            "20.000000" : 0,
            "30.000000" : 0,
            "40.000000" : 0,
            "50.000000" : 0,
            "60.000000" : 0,
            "70.000000" : 0,
            "80.000000" : 0,
            "90.000000" : 0,
            "95.000000" : 0,
            "99.000000" : 0,
            "99.500000" : 0,
            "99.900000" : 0,
            "99.950000" : 0,
            "99.990000" : 0
          }
        },
        "total_ios" : 0
      },
      "job_runtime" : 10002,
      "usr_cpu" : 4.079184,
      "sys_cpu" : 16.796641,
      "ctx" : 70162,
      "majf" : 0,
      "minf" : 15,
      "iodepth_level" : {
        "1" : 0.000000,
        "2" : 0.000000,
        "4" : 0.000000,
        "8" : 0.000000,
        "16" : 100.000000,
        "32" : 0.000000,
        ">=64" : 0.000000
      },
      "iodepth_submit" : {
        "0" : 0.000000,
        "4" : 100.000000,
        "8" : 0.000000,
        "16" : 0.000000,
        "32" : 0.000000,
        "64" : 0.000000,
        ">=64" : 0.000000
      },
      "iodepth_complete" : {
        "0" : 0.000000,
        "4" : 99.998577,
        "8" : 0.000000,
        "16" : 0.000000,
        "32" : 0.100000,
        "64" : 0.000000,
        ">=64" : 0.000000
      },
      "latency_ns" : {
        "2" : 0.000000,
        "4" : 0.000000,
        "10" : 0.000000,
        "20" : 0.000000,
        "50" : 0.000000,
        "100" : 0.000000,
        "250" : 0.000000,
        "500" : 0.000000,
        "750" : 0.000000,
        "1000" : 0.000000
      },
      "latency_us" : {
        "2" : 0.000000,
        "4" : 0.000000,
        "10" : 0.000000,
        "20" : 0.000000,
        "50" : 0.000000,
        "100" : 0.000000,
        "250" : 0.119505,
        "500" : 0.365628,
        "750" : 0.497937,
        "1000" : 0.726988
      },
      "latency_ms" : {
        "2" : 3.710343,
        "4" : 79.109404,
        "10" : 15.450277,
        "20" : 0.022763,
        "50" : 0.027031,
        "100" : 0.000000,
        "250" : 0.000000,
        "500" : 0.000000,
        "750" : 0.000000,
        "1000" : 0.000000,
        "2000" : 0.000000,
        ">=2000" : 0.000000
      },
      "latency_depth" : 22,
      "latency_target" : 0,
      "latency_percentile" : 100.000000,