

{
  "fio version" : "fio-3.15",
  "timestamp" : 1586491087,
  "time" : "Thu Apr  9 20:58:07 2020",
  "global options" : {
    "direct" : "1",
    "iodepth" : "22",
    "ioengine" : "libaio",
    "runtime" : "10",
    "time_based" : "1",
    "ramp_time" : "5",
    "size" : "5g",
    "numjobs" : "1",
    "rw" : "rw",
    "bs" : "512k",
    "rwmixread" : "90",
    "rwmixwrite" : "10"
  },
  "client_stats" : [
    {
      "jobname" : "rw_bw_test",
      "groupid" : 0,
      "error" : 0,
      "job options" : {
        "name" : "rw_bw_test",
        "filename" : "/mnt/INTEL_SSDSC2BW480H6_ext4/test.dat"
      },
      "read" : {
        "io_bytes" : 4201119744,
        "io_kbytes" : 4102656,
        "bw_bytes" : 419231588,
        "bw" : 409405,
        "iops" : 797.525197,
        "runtime" : 10021,
        "total_ios" : 7992,
        "short_ios" : 0,
        "drop_ios" : 0,
        "slat_ns" : {
          "min" : 16911,
          "max" : 20613830,
          "mean" : 68214.185811,
          "stddev" : 229985.586240
        },
        "clat_ns" : {
          "min" : 6837718,
          "max" : 48822754,
          "mean" : 25708288.901285,
          "stddev" : 3857153.659873,
          "percentile" : {
            "1.000000" : 21102592,
            "5.000000" : 21364736,
            "10.000000" : 21364736,
            "20.000000" : 22413312,
            "30.000000" : 23199744,
            "40.000000" : 23986176,
            "50.000000" : 25296896,
            "60.000000" : 26083328,
            "70.000000" : 26869760,
            "80.000000" : 28442624,
            "90.000000" : 31064064,
            "95.000000" : 32899072,
            "99.000000" : 36438016,
            "99.500000" : 38010880,
            "99.900000" : 46923776,
            "99.950000" : 48496640,
            "99.990000" : 49020928
          }
        },
        "lat_ns" : {
          "min" : 6882152,
          "max" : 48909934,
          "mean" : 25777263.371147,
          "stddev" : 3850442.424742
        },
        "bw_min" : 339968,
        "bw_max" : 442368,
        "bw_agg" : 99.916635,
        "bw_mean" : 409063.700000,
        "bw_dev" : 28894.036252,
        "bw_samples" : 20,
        "iops_min" : 664,
        "iops_max" : 864,
        "iops_mean" : 798.900000,
        "iops_stddev" : 56.410059,
        "iops_samples" : 20
      },
      "write" : {
        "io_bytes" : 453509120,
        "io_kbytes" : 442880,
        "bw_bytes" : 45255874,
        "bw" : 44195,
        "iops" : 86.318731,
        "runtime" : 10021,
        "total_ios" : 865,
        "short_ios" : 0,
        "drop_ios" : 0,
        "slat_ns" : {
          "min" : 28218,
          "max" : 15094212,
          "mean" : 97361.808092,
          "stddev" : 510576.598141
        },
        "clat_ns" : {
          "min" : 1946191,
          "max" : 37910015,
          "mean" : 16250870.769942,
          "stddev" : 6376677.431838,
          "percentile" : {
            "1.000000" : 2113536,
            "5.000000" : 5013504,
            "10.000000" : 7045120,
            "20.000000" : 10551296,
            "30.000000" : 12779520,
            "40.000000" : 14745600,
            "50.000000" : 16580608,
            "60.000000" : 18219008,
            "70.000000" : 20054016,
            "80.000000" : 21626880,
            "90.000000" : 24248320,
            "95.000000" : 26345472,
            "99.000000" : 30015488,
            "99.500000" : 32636928,
            "99.900000" : 38010880,
            "99.950000" : 38010880,
            "99.990000" : 38010880
          }
        },
        "lat_ns" : {
          "min" : 2032782,
          "max" : 37981929,
          "mean" : 16348972.249711,
          "stddev" : 6394037.805667
        },
        "bw_min" : 32768,
        "bw_max" : 53248,
        "bw_agg" : 100.000000,
        "bw_mean" : 44274.950000,
        "bw_dev" : 5754.708804,
        "bw_samples" : 20,
        "iops_min" : 64,
        "iops_max" : 104,
        "iops_mean" : 86.350000,
        "iops_stddev" : 11.268377,
        "iops_samples" : 20
      },
      "trim" : {
        "io_bytes" : 0,
        "io_kbytes" : 0,
        "bw_bytes" : 0,
        "bw" : 0,
        "iops" : 0.000000,
        "runtime" : 0,
        "total_ios" : 0,
        "short_ios" : 0,
        "drop_ios" : 0,
        "slat_ns" : {
          "min" : 0,
          "max" : 0,
          "mean" : 0.000000,
          "stddev" : 0.000000
        },
        "clat_ns" : {
          "min" : 0,
          "max" : 0,
          "mean" : 0.000000,
          "stddev" : 0.000000,
          "percentile" : {
            "1.000000" : 0,
            "5.000000" : 0,
            "10.000000" : 0,
            "20.000000" : 0,
            "30.000000" : 0,
            "40.000000" : 0,
            "50.000000" : 0,
            "60.000000" : 0,
            "70.000000" : 0,
            "80.000000" : 0,
            "90.000000" : 0,
            "95.000000" : 0,
            "99.000000" : 0,
            "99.500000" : 0,
            "99.900000" : 0,
            "99.950000" : 0,
            "99.990000" : 0
          }
        },
        "lat_ns" : {
          "min" : 0,
          "max" : 0,
          "mean" : 0.000000,
          "stddev" : 0.000000
        },
        "bw_min" : 0,
        "bw_max" : 0,
        "bw_agg" : 0.000000,
        "bw_mean" : 0.000000,
        "bw_dev" : 0.000000,
        "bw_samples" : 0,
        "iops_min" : 0,
        "iops_max" : 0,
        "iops_mean" : 0.000000,
        "iops_stddev" : 0.000000,
        "iops_samples" : 0
      },
      "sync" : {
        "lat_ns" : {
          "min" : 0,
          "max" : 0,
          "mean" : 0.000000,
          "stddev" : 0.000000,
          "percentile" : {
            "1.000000" : 0,
            "5.000000" : 0,
            "10.000000" : 0,
            "20.000000" : 0,
            "30.000000" : 0,
            "40.000000" : 0,
            "50.000000" : 0,
            "60.000000" : 0,
            "70.000000" : 0,
            "80.000000" : 0,
            "90.000000" : 0,
            "95.000000" : 0,
            "99.000000" : 0,
            "99.500000" : 0,
            "99.900000" : 0,
            "99.950000" : 0,
            "99.990000" : 0
          }
        },
        "total_ios" : 0
      },
      "job_runtime" : 10020,
      "usr_cpu" : 0.948104,
      "sys_cpu" : 7.405190,
      "ctx" : 8795,
      "majf" : 0,
      "minf" : 15,
      "iodepth_level" : {
        "1" : 0.000000,
        "2" : 0.000000,
        "4" : 0.000000,
        "8" : 0.000000,
        "16" : 100.000000,
        "32" : 0.000000,
        ">=64" : 0.000000
      },
      "iodepth_submit" : {
        "0" : 0.000000,
        "4" : 100.000000,
        "8" : 0.000000,
        "16" : 0.000000,
        "32" : 0.000000,
        "64" : 0.000000,
        ">=64" : 0.000000
      },
      "iodepth_complete" : {
        "0" : 0.000000,
        "4" : 99.988711,
        "8" : 0.000000,
        "16" : 0.000000,
        "32" : 0.100000,
        "64" : 0.000000,
        ">=64" : 0.000000
      },
      "latency_ns" : {
        "2" : 0.000000,
        "4" : 0.000000,
        "10" : 0.000000,
        "20" : 0.000000,
        "50" : 0.000000,
        "100" : 0.000000,
        "250" : 0.000000,
        "500" : 0.000000,
        "750" : 0.000000,
        "1000" : 0.000000
      },
      "latency_us" : {
        "2" : 0.000000,
        "4" : 0.000000,
        "10" : 0.000000,
        "20" : 0.000000,
        "50" : 0.000000,
        "100" : 0.000000,
        "250" : 0.000000,
        "500" : 0.000000,
        "750" : 0.000000,
        "1000" : 0.000000
      },
      "latency_ms" : {
        "2" : 0.056453,
        "4" : 0.214520,
        "10" : 1.569380,
        "20" : 5.148470,
        "50" : 93.248278,
        "100" : 0.000000,
        "250" : 0.000000,
        "500" : 0.000000,
        "750" : 0.000000,
        "1000" : 0.000000,
        "2000" : 0.000000,
        ">=2000" : 0.000000
      },
      "latency_depth" : 22,
      "latency_target" : 0,