

{
  "fio version" : "fio-3.15",
  "timestamp" : 1586491893,
  "time" : "Thu Apr  9 21:11:33 2020",
  "global options" : {
    "direct" : "1",
    "iodepth" : "22",
    "ioengine" : "libaio",
    "runtime" : "10",
    "time_based" : "1",
    "ramp_time" : "5",
    "size" : "5g",
    "numjobs" : "1",
    "rw" : "rw",
    "bs" : "512k",
    "rwmixread" : "90",
    "rwmixwrite" : "10"
  },
  "client_stats" : [
    {
      "jobname" : "rw_bw_test",
      "groupid" : 0,
      "error" : 0,
      "job options" : {
        "name" : "rw_bw_test",
        "filename" : "/mnt/INTEL_SSDSC2BW480H6_xfs/test.dat"
      },
      "read" : {
        "io_bytes" : 4259840000,
        "io_kbytes" : 4160000,
        "bw_bytes" : 424921695,
        "bw" : 414962,
        "iops" : 808.379052,
        "runtime" : 10025,
        "total_ios" : 8104,
        "short_ios" : 0,
        "drop_ios" : 0,
        "slat_ns" : {
          "min" : 36763,
          "max" : 94781,
          "mean" : 54869.626357,
          "stddev" : 5024.074371
        },
        "clat_ns" : {
          "min" : 20291751,
          "max" : 67470304,
          "mean" : 25398555.874585,
          "stddev" : 5364326.667916,
          "percentile" : {
            "1.000000" : 21102592,
            "5.000000" : 21364736,
            "10.000000" : 21364736,
            "20.000000" : 21889024,
            "30.000000" : 22413312,
            "40.000000" : 23199744,
            "50.000000" : 23724032,
            "60.000000" : 24772608,
            "70.000000" : 25559040,
            "80.000000" : 26869760,
            "90.000000" : 31588352,
            "95.000000" : 35913728,
            "99.000000" : 49545216,
            "99.500000" : 53739520,
            "99.900000" : 60555264,
            "99.950000" : 62652416,
            "99.990000" : 67633152
          }
        },
        "lat_ns" : {
          "min" : 20355095,
          "max" : 67523118,
          "mean" : 25454276.355200,
          "stddev" : 5364395.386867
        },
        "bw_min" : 256000,
        "bw_max" : 460800,
        "bw_agg" : 100.000000,
        "bw_mean" : 415045.350000,
        "bw_dev" : 57691.942174,
        "bw_samples" : 20,
        "iops_min" : 500,
        "iops_max" : 900,
        "iops_mean" : 810.600000,
        "iops_stddev" : 112.734621,
        "iops_samples" : 20
      },
      "write" : {
        "io_bytes" : 457703424,
        "io_kbytes" : 446976,
        "bw_bytes" : 45656201,
        "bw" : 44586,
        "iops" : 87.082294,
        "runtime" : 10025,
        "total_ios" : 873,
        "short_ios" : 0,
        "drop_ios" : 0,
        "slat_ns" : {
          "min" : 59716,
          "max" : 93434,
          "mean" : 69484.601375,
          "stddev" : 4909.574152
        },
        "clat_ns" : {
          "min" : 2038116,
          "max" : 45252578,
          "mean" : 15848614.056128,
          "stddev" : 6514849.428410,
          "percentile" : {
            "1.000000" : 2244608,
            "5.000000" : 4882432,
            "10.000000" : 6979584,
            "20.000000" : 9764864,
            "30.000000" : 12648448,
            "40.000000" : 14352384,
            "50.000000" : 16056320,
            "60.000000" : 18219008,
            "70.000000" : 19791872,
            "80.000000" : 21364736,
            "90.000000" : 23199744,
            "95.000000" : 25296896,
            "99.000000" : 31850496,
            "99.500000" : 35389440,
            "99.900000" : 45350912,
            "99.950000" : 45350912,
            "99.990000" : 45350912
          }
        },
        "lat_ns" : {
          "min" : 2108286,
          "max" : 45325195,
          "mean" : 15918905.576174,
          "stddev" : 6515310.128469
        },
        "bw_min" : 23552,
        "bw_max" : 58368,
        "bw_agg" : 99.783789,
        "bw_mean" : 44489.600000,
        "bw_dev" : 9118.200968,
        "bw_samples" : 20,
        "iops_min" : 46,
        "iops_max" : 114,
        "iops_mean" : 86.850000,
        "iops_stddev" : 17.874637,
        "iops_samples" : 20
      },
      "trim" : {
        "io_bytes" : 0,
        "io_kbytes" : 0,
        "bw_bytes" : 0,
        "bw" : 0,
        "iops" : 0.000000,
        "runtime" : 0,
        "total_ios" : 0,
        "short_ios" : 0,
        "drop_ios" : 0,
        "slat_ns" : {
          "min" : 0,
          "max" : 0,
          "mean" : 0.000000,
          "stddev" : 0.000000
        },
        "clat_ns" : {
          "min" : 0,
          "max" : 0,
          "mean" : 0.000000,
          "stddev" : 0.000000,
          "percentile" : {
            "1.000000" : 0,
            "5.000000" : 0,
            "10.000000" : 0,
            "20.000000" : 0,
            "30.000000" : 0,
            "40.000000" : 0,
            "50.000000" : 0,
            "60.000000" : 0,
            "70.000000" : 0,
            "80.000000" : 0,
            "90.000000" : 0,
            "95.000000" : 0,
            "99.000000" : 0,
            "99.500000" : 0,
            "99.900000" : 0,
            "99.950000" : 0,
            "99.990000" : 0
          }
        },
        "lat_ns" : {
          "min" : 0,
          "max" : 0,
          "mean" : 0.000000,
          "stddev" : 0.000000
        },
        "bw_min" : 0,
        "bw_max" : 0,
        "bw_agg" : 0.000000,
        "bw_mean" : 0.000000,
        "bw_dev" : 0.000000,
        "bw_samples" : 0,
        "iops_min" : 0,
        "iops_max" : 0,
        "iops_mean" : 0.000000,
        "iops_stddev" : 0.000000,
        "iops_samples" : 0
      },
      "sync" : {
        "lat_ns" : {
          "min" : 0,
          "max" : 0,
          "mean" : 0.000000,
          "stddev" : 0.000000,
          "percentile" : {
            "1.000000" : 0,
            "5.000000" : 0,
            "10.000000" : 0,
            "20.000000" : 0,
            "30.000000" : 0,
            "40.000000" : 0,
            "50.000000" : 0,
            "60.000000" : 0,
            "70.000000" : 0,
            "80.000000" : 0,
            "90.000000" : 0,
            "95.000000" : 0,
            "99.000000" : 0,
            "99.500000" : 0,
            "99.900000" : 0,
            "99.950000" : 0,
            "99.990000" : 0
          }
        },
        "total_ios" : 0
      },
      "job_runtime" : 10024,
      "usr_cpu" : 1.646049,
      "sys_cpu" : 6.235036,
      "ctx" : 8999,
      "majf" : 0,
      "minf" : 15,
      "iodepth_level" : {
        "1" : 0.000000,
        "2" : 0.000000,
        "4" : 0.000000,
        "8" : 0.000000,
        "16" : 100.000000,
        "32" : 0.000000,
        ">=64" : 0.000000
      },
      "iodepth_submit" : {
        "0" : 0.000000,
        "4" : 100.000000,
        "8" : 0.000000,
        "16" : 0.000000,
        "32" : 0.000000,
        "64" : 0.000000,
        ">=64" : 0.000000
      },
      "iodepth_complete" : {
        "0" : 0.000000,
        "4" : 99.988862,
        "8" : 0.000000,
        "16" : 0.000000,
        "32" : 0.100000,
        "64" : 0.000000,
        ">=64" : 0.000000
      },
      "latency_ns" : {
        "2" : 0.000000,
        "4" : 0.000000,
        "10" : 0.000000,
        "20" : 0.000000,
        "50" : 0.000000,
        "100" : 0.000000,
        "250" : 0.000000,
        "500" : 0.000000,
        "750" : 0.000000,
        "1000" : 0.000000
      },
      "latency_us" : {
        "2" : 0.000000,
        "4" : 0.000000,
        "10" : 0.000000,
        "20" : 0.000000,
        "50" : 0.000000,
        "100" : 0.000000,
        "250" : 0.000000,
        "500" : 0.000000,
        "750" : 0.000000,
        "1000" : 0.000000
      },
      "latency_ms" : {
        "2" : 0.000000,
        "4" : 0.334187,
        "10" : 1.726635,
        "20" : 4.856856,
        "50" : 92.458505,
        "100" : 0.857748,
        "250" : 0.000000,
        "500" : 0.000000,
        "750" : 0.000000,
        "1000" : 0.000000,
        "2000" : 0.000000,
        ">=2000" : 0.000000
      },
      "latency_depth" : 22,
      "latency_target" : 0,