

{
  "fio version" : "fio-3.15",
  "timestamp" : 1586491105,
  "time" : "Thu Apr  9 20:58:25 2020",
  "global options" : {
    "direct" : "1",
    "iodepth" : "22",
    "ioengine" : "libaio",
    "runtime" : "10",
    "time_based" : "1",
    "ramp_time" : "5",
    "size" : "5g",
    "numjobs" : "1",
    "rw" : "rw",
    "bs" : "1024k",
    "rwmixread" : "90",
    "rwmixwrite" : "10"
  },
  "client_stats" : [
    {
      "jobname" : "rw_bw_test",
      "groupid" : 0,
      "error" : 0,
      "job options" : {
        "name" : "rw_bw_test",
        "filename" : "/mnt/INTEL_SSDSC2BW480H6_ext4/test.dat"
      },
      "read" : {
        "io_bytes" : 4139778048,
        "io_kbytes" : 4042752,
        "bw_bytes" : 411795289,
        "bw" : 402143,
        "iops" : 391.127027,
        "runtime" : 10053,
        "total_ios" : 3932,
        "short_ios" : 0,
        "drop_ios" : 0,
        "slat_ns" : {
          "min" : 32822,
          "max" : 43431057,
          "mean" : 122753.853510,
          "stddev" : 962248.041704
        },
        "clat_ns" : {
          "min" : 22046816,
          "max" : 98261683,
          "mean" : 52137691.090426,
          "stddev" : 7556898.058431,
          "percentile" : {
            "1.000000" : 43253760,
            "5.000000" : 43778048,
            "10.000000" : 44826624,
            "20.000000" : 46399488,
            "30.000000" : 47972352,
            "40.000000" : 49020928,
            "50.000000" : 50069504,
            "60.000000" : 51642368,
            "70.000000" : 53739520,
            "80.000000" : 56360960,
            "90.000000" : 61079552,
            "95.000000" : 66846720,
            "99.000000" : 78118912,
            "99.500000" : 80216064,
            "99.900000" : 94896128,
            "99.950000" : 95944704,
            "99.990000" : 98041856
          }
        },
        "lat_ns" : {
          "min" : 23995433,
          "max" : 98370680,
          "mean" : 52261250.262411,
          "stddev" : 7540080.326844
        },
        "bw_min" : 337920,
        "bw_max" : 438272,
        "bw_agg" : 100.000000,
        "bw_mean" : 402348.750000,
        "bw_dev" : 27690.760384,
        "bw_samples" : 20,
        "iops_min" : 330,
        "iops_max" : 428,
        "iops_mean" : 392.900000,
        "iops_stddev" : 27.033897,
        "iops_samples" : 20
      },
      "write" : {
        "io_bytes" : 483393536,
        "io_kbytes" : 472064,
        "bw_bytes" : 48084505,
        "bw" : 46957,
        "iops" : 45.359594,
        "runtime" : 10053,
        "total_ios" : 456,
        "short_ios" : 0,
        "drop_ios" : 0,
        "slat_ns" : {
          "min" : 39680,
          "max" : 162288,
          "mean" : 125515.616228,
          "stddev" : 14194.359556
        },
        "clat_ns" : {
          "min" : 4029751,
          "max" : 96285029,
          "mean" : 33078091.049892,
          "stddev" : 14323046.819938,
          "percentile" : {
            "1.000000" : 4554752,
            "5.000000" : 8290304,
            "10.000000" : 11993088,
            "20.000000" : 19791872,
            "30.000000" : 25034752,
            "40.000000" : 31326208,
            "50.000000" : 35913728,
            "60.000000" : 38535168,
            "70.000000" : 41680896,
            "80.000000" : 45350912,
            "90.000000" : 49020928,
            "95.000000" : 51642368,
            "99.000000" : 62652416,
            "99.500000" : 86507520,
            "99.900000" : 95944704,
            "99.950000" : 95944704,
            "99.990000" : 95944704
          }
        },
        "lat_ns" : {
          "min" : 4181126,
          "max" : 96410177,
          "mean" : 33204409.811280,
          "stddev" : 14323346.598516
        },
        "bw_min" : 32768,
        "bw_max" : 61440,
        "bw_agg" : 99.639564,
        "bw_mean" : 46787.750000,
        "bw_dev" : 8593.175002,
        "bw_samples" : 20,
        "iops_min" : 32,
        "iops_max" : 60,
        "iops_mean" : 45.600000,
        "iops_stddev" : 8.419276,
        "iops_samples" : 20
      },
      "trim" : {
        "io_bytes" : 0,
        "io_kbytes" : 0,
        "bw_bytes" : 0,
        "bw" : 0,
        "iops" : 0.000000,
        "runtime" : 0,
        "total_ios" : 0,
        "short_ios" : 0,
        "drop_ios" : 0,
        "slat_ns" : {
          "min" : 0,
          "max" : 0,
          "mean" : 0.000000,
          "stddev" : 0.000000
        },
        "clat_ns" : {
          "min" : 0,
          "max" : 0,
          "mean" : 0.000000,
          "stddev" : 0.000000,
          "percentile" : {
            "1.000000" : 0,
            "5.000000" : 0,
            "10.000000" : 0,
            "20.000000" : 0,
            "30.000000" : 0,
            "40.000000" : 0,
            "50.000000" : 0,
            "60.000000" : 0,
            "70.000000" : 0,
            "80.000000" : 0,
            "90.000000" : 0,
            "95.000000" : 0,
            "99.000000" : 0,
            "99.500000" : 0,
            "99.900000" : 0,
            "99.950000" : 0,
            "99.990000" : 0
          }
        },
        "lat_ns" : {
          "min" : 0,
          "max" : 0,
          "mean" : 0.000000,
          "stddev" : 0.000000
        },
        "bw_min" : 0,
        "bw_max" : 0,
        "bw_agg" : 0.000000,
        "bw_mean" : 0.000000,
        "bw_dev" : 0.000000,
        "bw_samples" : 0,
        "iops_min" : 0,
        "iops_max" : 0,
        "iops_mean" : 0.000000,
        "iops_stddev" : 0.000000,
        "iops_samples" : 0
      },
      "sync" : {
        "lat_ns" : {
          "min" : 0,
          "max" : 0,
          "mean" : 0.000000,
          "stddev" : 0.000000,
          "percentile" : {
            "1.000000" : 0,
            "5.000000" : 0,
            "10.000000" : 0,
            "20.000000" : 0,
            "30.000000" : 0,
            "40.000000" : 0,
            "50.000000" : 0,
            "60.000000" : 0,
            "70.000000" : 0,
            "80.000000" : 0,
            "90.000000" : 0,
            "95.000000" : 0,
            "99.000000" : 0,
            "99.500000" : 0,
            "99.900000" : 0,
            "99.950000" : 0,
            "99.990000" : 0
          }
        },
        "total_ios" : 0
      },
      "job_runtime" : 10052,
      "usr_cpu" : 0.865499,
      "sys_cpu" : 4.755273,
      "ctx" : 4369,
      "majf" : 0,
      "minf" : 15,
      "iodepth_level" : {
        "1" : 0.000000,
        "2" : 0.000000,
        "4" : 0.000000,
        "8" : 0.000000,
        "16" : 100.000000,
        "32" : 0.000000,
        ">=64" : 0.000000
      },
      "iodepth_submit" : {
        "0" : 0.000000,
        "4" : 100.000000,
        "8" : 0.000000,
        "16" : 0.000000,
        "32" : 0.000000,
        "64" : 0.000000,
        ">=64" : 0.000000
      },
      "iodepth_complete" : {
        "0" : 0.000000,
        "4" : 99.977216,
        "8" : 0.000000,
        "16" : 0.000000,
        "32" : 0.100000,
        "64" : 0.000000,
        ">=64" : 0.000000
      },
      "latency_ns" : {
        "2" : 0.000000,
        "4" : 0.000000,
        "10" : 0.000000,
        "20" : 0.000000,
        "50" : 0.000000,
        "100" : 0.000000,
        "250" : 0.000000,
        "500" : 0.000000,
        "750" : 0.000000,
        "1000" : 0.000000
      },
      "latency_us" : {
        "2" : 0.000000,
        "4" : 0.000000,
        "10" : 0.000000,
        "20" : 0.000000,
        "50" : 0.000000,
        "100" : 0.000000,
        "250" : 0.000000,
        "500" : 0.000000,
        "750" : 0.000000,
        "1000" : 0.000000
      },
      "latency_ms" : {
        "2" : 0.000000,
        "4" : 0.000000,
        "10" : 0.752051,
        "20" : 1.481313,
        "50" : 51.116682,
        "100" : 47.128532,
        "250" : 0.000000,
        "500" : 0.000000,
        "750" : 0.000000,
        "1000" : 0.000000,
        "2000" : 0.000000,
        ">=2000" : 0.000000
      },
      "latency_depth" : 22,
      "latency_target" : 0,