

{
  "fio version" : "fio-3.15",
  "timestamp" : 1586490172,
  "time" : "Thu Apr  9 20:42:52 2020",
  "global options" : {
    "direct" : "1",
    "iodepth" : "22",
    "ioengine" : "libaio",
    "runtime" : "10",
    "time_based" : "1",
    "ramp_time" : "5",
    "size" : "5g",
    "numjobs" : "1",
    "rw" : "rw",
    "bs" : "8k",
    "rwmixread" : "90",
    "rwmixwrite" : "10"
  },
  "client_stats" : [
    {
      "jobname" : "rw_bw_test",
      "groupid" : 0,
      "error" : 0,
      "job options" : {
        "name" : "rw_bw_test",
        "filename" : "/dev/sdb"
      },
      "read" : {
        "io_bytes" : 3530498048,
        "io_kbytes" : 3447752,
        "bw_bytes" : 353014503,
        "bw" : 344740,
        "iops" : 43090.490951,
        "runtime" : 10001,
        "total_ios" : 430948,
        "short_ios" : 0,
        "drop_ios" : 0,
        "slat_ns" : {
          "min" : 2571,
          "max" : 46013,
          "mean" : 4026.737131,
          "stddev" : 831.557796
        },
        "clat_ns" : {
          "min" : 54771,
          "max" : 20053769,
          "mean" : 478211.499208,
          "stddev" : 316406.144060,
          "percentile" : {
            "1.000000" : 268288,
            "5.000000" : 366592,
            "10.000000" : 382976,
            "20.000000" : 403456,
            "30.000000" : 411648,
            "40.000000" : 415744,
            "50.000000" : 423936,
            "60.000000" : 432128,
            "70.000000" : 444416,
            "80.000000" : 464896,
            "90.000000" : 518144,
            "95.000000" : 643072,
            "99.000000" : 2375680,
            "99.500000" : 2834432,
            "99.900000" : 3162112,
            "99.950000" : 3489792,
            "99.990000" : 4177920
          }
        },
        "lat_ns" : {
          "min" : 58407,
          "max" : 20057321,
          "mean" : 482333.571132,
          "stddev" : 316453.168597
        },
        "bw_min" : 256080,
        "bw_max" : 363328,
        "bw_agg" : 99.944138,
        "bw_mean" : 344547.421053,
        "bw_dev" : 24877.101290,
        "bw_samples" : 19,
        "iops_min" : 32010,
        "iops_max" : 45416,
        "iops_mean" : 43068.368421,
        "iops_stddev" : 3109.657773,
        "iops_samples" : 19
      },
      "write" : {
        "io_bytes" : 395706368,
        "io_kbytes" : 386432,
        "bw_bytes" : 39566680,
        "bw" : 38639,
        "iops" : 4829.917008,
        "runtime" : 10001,
        "total_ios" : 48304,
        "short_ios" : 0,
        "drop_ios" : 0,
        "slat_ns" : {
          "min" : 3577,
          "max" : 38114,
          "mean" : 5559.885103,
          "stddev" : 1632.845707
        },
        "clat_ns" : {
          "min" : 28056,
          "max" : 15266076,
          "mean" : 240544.709941,
          "stddev" : 206349.284198,
          "percentile" : {
            "1.000000" : 36608,
            "5.000000" : 72192,
            "10.000000" : 100864,
            "20.000000" : 138240,
            "30.000000" : 173056,
            "40.000000" : 203776,
            "50.000000" : 232448,
            "60.000000" : 261120,
            "70.000000" : 288768,
            "80.000000" : 317440,
            "90.000000" : 346112,
            "95.000000" : 366592,
            "99.000000" : 684032,
            "99.500000" : 1531904,
            "99.900000" : 2310144,
            "99.950000" : 2375680,
            "99.990000" : 4014080
          }
        },
        "lat_ns" : {
          "min" : 35128,
          "max" : 15270841,
          "mean" : 246256.170007,
          "stddev" : 206326.999827
        },
        "bw_min" : 27552,
        "bw_max" : 41344,
        "bw_agg" : 99.970850,
        "bw_mean" : 38627.736842,
        "bw_dev" : 3092.501969,
        "bw_samples" : 19,
        "iops_min" : 3444,
        "iops_max" : 5168,
        "iops_mean" : 4828.421053,
        "iops_stddev" : 386.597453,
        "iops_samples" : 19
      },
      "trim" : {
        "io_bytes" : 0,
        "io_kbytes" : 0,
        "bw_bytes" : 0,
        "bw" : 0,
        "iops" : 0.000000,
        "runtime" : 0,
        "total_ios" : 0,
        "short_ios" : 0,
        "drop_ios" : 0,
        "slat_ns" : {
          "min" : 0,
          "max" : 0,
          "mean" : 0.000000,
          "stddev" : 0.000000
        },
        "clat_ns" : {
          "min" : 0,
          "max" : 0,
          "mean" : 0.000000,
          "stddev" : 0.000000,
          "percentile" : {
            "1.000000" : 0,
            "5.000000" : 0,
            "10.000000" : 0,
            "20.000000" : 0,
            "30.000000" : 0,
            "40.000000" : 0,
            "50.000000" : 0,
            "60.000000" : 0,
            "70.000000" : 0,
            "80.000000" : 0,
            "90.000000" : 0,
            "95.000000" : 0,
            "99.000000" : 0,
            "99.500000" : 0,
            "99.900000" : 0,
            "99.950000" : 0,
            "99.990000" : 0
          }
        },
        "lat_ns" : {
          "min" : 0,
          "max" : 0,
          "mean" : 0.000000,
          "stddev" : 0.000000
        },
        "bw_min" : 0,
        "bw_max" : 0,
        "bw_agg" : 0.000000,
        "bw_mean" : 0.000000,
        "bw_dev" : 0.000000,
        "bw_samples" : 0,
        "iops_min" : 0,
        "iops_max" : 0,
        "iops_mean" : 0.000000,
        "iops_stddev" : 0.000000,
        "iops_samples" : 0
      },
      "sync" : {
        "lat_ns" : {
          "min" : 0,
          "max" : 0,
          "mean" : 0.000000,
          "stddev" : 0.000000,
          "percentile" : {
            "1.000000" : 0,
            "5.000000" : 0,
            "10.000000" : 0,
            "20.000000" : 0,
            "30.000000" : 0,
            "40.000000" : 0,
            "50.000000" : 0,
            "60.000000" : 0,
            "70.000000" : 0,
            "80.000000" : 0,
            "90.000000" : 0,
            "95.000000" : 0,
            "99.000000" : 0,
            "99.500000" : 0,
            "99.900000" : 0,
            "99.950000" : 0,
            "99.990000" : 0
          }
        },
        "total_ios" : 0
      },
      "job_runtime" : 10000,
      "usr_cpu" : 15.120000,
      "sys_cpu" : 24.530000,
      "ctx" : 469406,
      "majf" : 0,
      "minf" : 15,
      "iodepth_level" : {
        "1" : 0.000000,
        "2" : 0.000000,
        "4" : 0.000000,
        "8" : 0.000000,
        "16" : 100.000000,
        "32" : 0.000000,
        ">=64" : 0.000000
      },
      "iodepth_submit" : {
        "0" : 0.000000,
        "4" : 100.000000,
        "8" : 0.000000,
        "16" : 0.000000,
        "32" : 0.000000,
        "64" : 0.000000,
        ">=64" : 0.000000
      },
      "iodepth_complete" : {
        "0" : 0.000000,
        "4" : 99.999791,
        "8" : 0.000000,
        "16" : 0.000000,
        "32" : 0.100000,
        "64" : 0.000000,
        ">=64" : 0.000000
      },
      "latency_ns" : {
        "2" : 0.000000,
        "4" : 0.000000,
        "10" : 0.000000,
        "20" : 0.000000,
        "50" : 0.000000,
        "100" : 0.000000,
        "250" : 0.000000,
        "500" : 0.000000,
        "750" : 0.000000,
        "1000" : 0.000000
      },
      "latency_us" : {
        "2" : 0.000000,
        "4" : 0.000000,
        "10" : 0.000000,
        "20" : 0.000000,
        "50" : 0.247052,
        "100" : 0.822740,
        "250" : 5.340405,
        "500" : 82.937786,
        "750" : 7.223548,
        "1000" : 1.075009
      },
      "latency_ms" : {
        "2" : 1.143657,
        "4" : 1.200412,
        "10" : 0.010000,
        "20" : 0.010000,
        "50" : 0.010000,
        "100" : 0.000000,
        "250" : 0.000000,
        "500" : 0.000000,
        "750" : 0.000000,
        "1000" : 0.000000,
        "2000" : 0.000000,
        ">=2000" : 0.000000
      },
      "latency_depth" : 22,
      "latency_target" : 0,
      "latency_percentile" : 100.000000,
      "latency_window" : 0,
      "hostname" : "192.168.0.23",