

{
  "fio version" : "fio-3.15",
  "timestamp" : 1586491744,
  "time" : "Thu Apr  9 21:09:04 2020",
  "global options" : {
    "direct" : "1",
    "iodepth" : "22",
    "ioengine" : "libaio",
    "runtime" : "10",
    "time_based" : "1",
    "ramp_time" : "5",
    "size" : "5g",
    "numjobs" : "1",
    "rw" : "rw",
    "bs" : "4k",
    "rwmixread" : "90",
    "rwmixwrite" : "10"
  },
  "client_stats" : [
    {
      "jobname" : "rw_bw_test",
      "groupid" : 0,
      "error" : 0,
      "job options" : {
        "name" : "rw_bw_test",
        "filename" : "/mnt/INTEL_SSDSC2BW480H6_xfs/test.dat"
      },
      "read" : {
        "io_bytes" : 2065190912,
        "io_kbytes" : 2016788,
        "bw_bytes" : 206498441,
        "bw" : 201658,
        "iops" : 50412.758724,
        "runtime" : 10001,
        "total_ios" : 504178,
        "short_ios" : 0,
        "drop_ios" : 0,
        "slat_ns" : {
          "min" : 2632,
          "max" : 59718,
          "mean" : 5862.808619,
          "stddev" : 3716.682829
        },
        "clat_ns" : {
          "min" : 57958,
          "max" : 3533577,
          "mean" : 381598.939561,
          "stddev" : 190316.300146,
          "percentile" : {
            "1.000000" : 236544,
            "5.000000" : 284672,
            "10.000000" : 309248,
            "20.000000" : 325632,
            "30.000000" : 333824,
            "40.000000" : 346112,
            "50.000000" : 362496,
            "60.000000" : 378880,
            "70.000000" : 391168,
            "80.000000" : 403456,
            "90.000000" : 428032,
            "95.000000" : 468992,
            "99.000000" : 937984,
            "99.500000" : 2007040,
            "99.900000" : 3063808,
            "99.950000" : 3129344,
            "99.990000" : 3227648
          }
        },
        "lat_ns" : {
          "min" : 61702,
          "max" : 3543370,
          "mean" : 387618.191816,
          "stddev" : 190257.187935
        },
        "bw_min" : 196192,
        "bw_max" : 207816,
        "bw_agg" : 100.000000,
        "bw_mean" : 201661.052632,
        "bw_dev" : 3210.914952,
        "bw_samples" : 19,
        "iops_min" : 49048,
        "iops_max" : 51954,
        "iops_mean" : 50415.263158,
        "iops_stddev" : 802.728738,
        "iops_samples" : 19
      },
      "write" : {
        "io_bytes" : 231059456,
        "io_kbytes" : 225644,
        "bw_bytes" : 23103635,
        "bw" : 22562,
        "iops" : 5640.335966,
        "runtime" : 10001,
        "total_ios" : 56409,
        "short_ios" : 0,
        "drop_ios" : 0,
        "slat_ns" : {
          "min" : 3358,
          "max" : 53164,
          "mean" : 8614.469446,
          "stddev" : 5190.239109
        },
        "clat_ns" : {
          "min" : 38310,
          "max" : 3316073,
          "mean" : 420946.240786,
          "stddev" : 242862.294905,
          "percentile" : {
            "1.000000" : 220160,
            "5.000000" : 276480,
            "10.000000" : 301056,
            "20.000000" : 321536,
            "30.000000" : 337920,
            "40.000000" : 358400,
            "50.000000" : 374784,
            "60.000000" : 391168,
            "70.000000" : 415744,
            "80.000000" : 464896,
            "90.000000" : 552960,
            "95.000000" : 626688,
            "99.000000" : 1810432,
            "99.500000" : 2375680,
            "99.900000" : 2998272,
            "99.950000" : 3096576,
            "99.990000" : 3260416
          }
        },
        "lat_ns" : {
          "min" : 51157,
          "max" : 3333660,
          "mean" : 429710.877488,
          "stddev" : 242421.294171
        },
        "bw_min" : 21352,
        "bw_max" : 23616,
        "bw_agg" : 99.999067,
        "bw_mean" : 22561.789474,
        "bw_dev" : 585.529540,
        "bw_samples" : 19,
        "iops_min" : 5338,
        "iops_max" : 5904,
        "iops_mean" : 5640.421053,
        "iops_stddev" : 146.370275,
        "iops_samples" : 19
      },
      "trim" : {
        "io_bytes" : 0,
        "io_kbytes" : 0,
        "bw_bytes" : 0,
        "bw" : 0,
        "iops" : 0.000000,
        "runtime" : 0,
        "total_ios" : 0,
        "short_ios" : 0,
        "drop_ios" : 0,
        "slat_ns" : {
          "min" : 0,
          "max" : 0,
          "mean" : 0.000000,
          "stddev" : 0.000000
        },
        "clat_ns" : {
          "min" : 0,
          "max" : 0,
          "mean" : 0.000000,
          "stddev" : 0.000000,
          "percentile" : {
            "1.000000" : 0,
            "5.000000" : 0,
            "10.000000" : 0,
            "20.000000" : 0,
            "30.000000" : 0,
            "40.000000" : 0,
            "50.000000" : 0,
            "60.000000" : 0,
            "70.000000" : 0,
            "80.000000" : 0,
            "90.000000" : 0,
            "95.000000" : 0,
            "99.000000" : 0,
            "99.500000" : 0,
            "99.900000" : 0,
            "99.950000" : 0,
            "99.990000" : 0
          }
        },
        "lat_ns" : {
          "min" : 0,
          "max" : 0,
          "mean" : 0.000000,
          "stddev" : 0.000000
        },
        "bw_min" : 0,
        "bw_max" : 0,
        "bw_agg" : 0.000000,
        "bw_mean" : 0.000000,
        "bw_dev" : 0.000000,
        "bw_samples" : 0,
        "iops_min" : 0,
        "iops_max" : 0,
        "iops_mean" : 0.000000,
        "iops_stddev" : 0.000000,
        "iops_samples" : 0
      },
      "sync" : {
        "lat_ns" : {
          "min" : 0,
          "max" : 0,
          "mean" : 0.000000,
          "stddev" : 0.000000,
          "percentile" : {
            "1.000000" : 0,
            "5.000000" : 0,
            "10.000000" : 0,
            "20.000000" : 0,
            "30.000000" : 0,
            "40.000000" : 0,
            "50.000000" : 0,
            "60.000000" : 0,
            "70.000000" : 0,
            "80.000000" : 0,
            "90.000000" : 0,
            "95.000000" : 0,
            "99.000000" : 0,
            "99.500000" : 0,
            "99.900000" : 0,
            "99.950000" : 0,
            "99.990000" : 0
          }
        },
        "total_ios" : 0
      },
      "job_runtime" : 10000,
      "usr_cpu" : 16.310000,
      "sys_cpu" : 41.250000,
      "ctx" : 396396,
      "majf" : 0,
      "minf" : 15,
      "iodepth_level" : {
        "1" : 0.000000,
        "2" : 0.000000,
        "4" : 0.000000,
        "8" : 0.000000,
        "16" : 100.000000,
        "32" : 0.000000,
        ">=64" : 0.000000
      },
      "iodepth_submit" : {
        "0" : 0.000000,
        "4" : 100.000000,
        "8" : 0.000000,
        "16" : 0.000000,
        "32" : 0.000000,
        "64" : 0.000000,
        ">=64" : 0.000000
      },
      "iodepth_complete" : {
        "0" : 0.000000,
        "4" : 99.999822,
        "8" : 0.000000,
        "16" : 0.000000,
        "32" : 0.100000,
        "64" : 0.000000,
        ">=64" : 0.000000
      },
      "latency_ns" : {
        "2" : 0.000000,
        "4" : 0.000000,
        "10" : 0.000000,
        "20" : 0.000000,
        "50" : 0.000000,
        "100" : 0.000000,
        "250" : 0.000000,
        "500" : 0.000000,
        "750" : 0.000000,
        "1000" : 0.000000
      },
      "latency_us" : {
        "2" : 0.000000,
        "4" : 0.000000,
        "10" : 0.000000,
        "20" : 0.000000,
        "50" : 0.010000,
        "100" : 0.069748,
        "250" : 1.463288,
        "500" : 94.057657,
        "750" : 3.154015,
        "1000" : 0.246527
      },
      "latency_ms" : {
        "2" : 0.473432,
        "4" : 0.536937,
        "10" : 0.000000,
        "20" : 0.000000,
        "50" : 0.000000,
        "100" : 0.000000,
        "250" : 0.000000,
        "500" : 0.000000,
        "750" : 0.000000,
        "1000" : 0.000000,
        "2000" : 0.000000,
        ">=2000" : 0.000000
      },
      "latency_depth" : 22,
      "latency_target" : 0,
      "latency_percentile" : 100.000000,
      "latency_window" : 0,