

{
  "fio version" : "fio-3.15",
  "timestamp" : 1586490243,
  "time" : "Thu Apr  9 20:44:03 2020",
  "global options" : {
    "direct" : "1",
    "iodepth" : "22",
    "ioengine" : "libaio",
    "runtime" : "10",
    "time_based" : "1",
    "ramp_time" : "5",
    "size" : "5g",
    "numjobs" : "1",
    "rw" : "rw",
    "bs" : "128k",
    "rwmixread" : "90",
    "rwmixwrite" : "10"
  },
  "client_stats" : [
    {
      "jobname" : "rw_bw_test",
      "groupid" : 0,
      "error" : 0,
      "job options" : {
        "name" : "rw_bw_test",
        "filename" : "/dev/sdb"
      },
      "read" : {
        "io_bytes" : 4318822400,
        "io_kbytes" : 4217600,
        "bw_bytes" : 431623266,
        "bw" : 421507,
        "iops" : 3290.925445,
        "runtime" : 10006,
        "total_ios" : 32929,
        "short_ios" : 0,
        "drop_ios" : 0,
        "slat_ns" : {
          "min" : 14370,
          "max" : 54497,
          "mean" : 17002.310547,
          "stddev" : 4466.145968
        },
        "clat_ns" : {
          "min" : 5010301,
          "max" : 30127957,
          "mean" : 6238180.686920,
          "stddev" : 1503302.781831,
          "percentile" : {
            "1.000000" : 5079040,
            "5.000000" : 5144576,
            "10.000000" : 5144576,
            "20.000000" : 5210112,
            "30.000000" : 5341184,
            "40.000000" : 5406720,
            "50.000000" : 5603328,
            "60.000000" : 5931008,
            "70.000000" : 6455296,
            "80.000000" : 7176192,
            "90.000000" : 7897088,
            "95.000000" : 8978432,
            "99.000000" : 11862016,
            "99.500000" : 13041664,
            "99.900000" : 15925248,
            "99.950000" : 25821184,
            "99.990000" : 29753344
          }
        },
        "lat_ns" : {
          "min" : 5030508,
          "max" : 30143177,
          "mean" : 6255450.593991,
          "stddev" : 1504039.006319
        },
        "bw_min" : 325632,
        "bw_max" : 456192,
        "bw_agg" : 99.978541,
        "bw_mean" : 421416.550000,
        "bw_dev" : 39167.154891,
        "bw_samples" : 20,
        "iops_min" : 2544,
        "iops_max" : 3564,
        "iops_mean" : 3292.300000,
        "iops_stddev" : 305.986945,
        "iops_samples" : 20
      },
      "write" : {
        "io_bytes" : 487718912,
        "io_kbytes" : 476288,
        "bw_bytes" : 48742645,
        "bw" : 47600,
        "iops" : 371.876874,
        "runtime" : 10006,
        "total_ios" : 3721,
        "short_ios" : 0,
        "drop_ios" : 0,
        "slat_ns" : {
          "min" : 19660,
          "max" : 54967,
          "mean" : 25985.945176,
          "stddev" : 5118.757023
        },
        "clat_ns" : {
          "min" : 268078,
          "max" : 14706949,
          "mean" : 3734644.856759,
          "stddev" : 1718784.389044,
          "percentile" : {
            "1.000000" : 346112,
            "5.000000" : 987136,
            "10.000000" : 1466368,
            "20.000000" : 2179072,
            "30.000000" : 2834432,
            "40.000000" : 3325952,
            "50.000000" : 3784704,
            "60.000000" : 4227072,
            "70.000000" : 4620288,
            "80.000000" : 4947968,
            "90.000000" : 5603328,
            "95.000000" : 6520832,
            "99.000000" : 8585216,
            "99.500000" : 9764864,
            "99.900000" : 12648448,
            "99.950000" : 13959168,
            "99.990000" : 14745600
          }
        },
        "lat_ns" : {
          "min" : 293509,
          "max" : 14730079,
          "mean" : 3760950.371137,
          "stddev" : 1718788.569902
        },
        "bw_min" : 35072,
        "bw_max" : 53504,
        "bw_agg" : 100.000000,
        "bw_mean" : 47606.100000,
        "bw_dev" : 4365.337123,
        "bw_samples" : 20,
        "iops_min" : 274,
        "iops_max" : 418,
        "iops_mean" : 371.900000,
        "iops_stddev" : 34.097229,
        "iops_samples" : 20
      },
      "trim" : {
        "io_bytes" : 0,
        "io_kbytes" : 0,
        "bw_bytes" : 0,
        "bw" : 0,
        "iops" : 0.000000,
        "runtime" : 0,
        "total_ios" : 0,
        "short_ios" : 0,
        "drop_ios" : 0,
        "slat_ns" : {
          "min" : 0,
          "max" : 0,
          "mean" : 0.000000,
          "stddev" : 0.000000
        },
        "clat_ns" : {
          "min" : 0,
          "max" : 0,
          "mean" : 0.000000,
          "stddev" : 0.000000,
          "percentile" : {
            "1.000000" : 0,
            "5.000000" : 0,
            "10.000000" : 0,
            "20.000000" : 0,
            "30.000000" : 0,
            "40.000000" : 0,
            "50.000000" : 0,
            "60.000000" : 0,
            "70.000000" : 0,
            "80.000000" : 0,
            "90.000000" : 0,
            "95.000000" : 0,
            "99.000000" : 0,
            "99.500000" : 0,
            "99.900000" : 0,
            "99.950000" : 0,
            "99.990000" : 0
          }
        },
        "lat_ns" : {
          "min" : 0,
          "max" : 0,
          "mean" : 0.000000,
          "stddev" : 0.000000
        },
        "bw_min" : 0,
        "bw_max" : 0,
        "bw_agg" : 0.000000,
        "bw_mean" : 0.000000,
        "bw_dev" : 0.000000,
        "bw_samples" : 0,
        "iops_min" : 0,
        "iops_max" : 0,
        "iops_mean" : 0.000000,
        "iops_stddev" : 0.000000,
        "iops_samples" : 0
      },
      "sync" : {
        "lat_ns" : {
          "min" : 0,
          "max" : 0,
          "mean" : 0.000000,
          "stddev" : 0.000000,
          "percentile" : {
            "1.000000" : 0,
            "5.000000" : 0,
            "10.000000" : 0,
            "20.000000" : 0,
            "30.000000" : 0,
            "40.000000" : 0,
            "50.000000" : 0,
            "60.000000" : 0,
            "70.000000" : 0,
            "80.000000" : 0,
            "90.000000" : 0,
            "95.000000" : 0,
            "99.000000" : 0,
            "99.500000" : 0,
            "99.900000" : 0,
            "99.950000" : 0,
            "99.990000" : 0
          }
        },
        "total_ios" : 0
      },
      "job_runtime" : 10005,
      "usr_cpu" : 2.428786,
      "sys_cpu" : 8.895552,
      "ctx" : 36671,
      "majf" : 0,
      "minf" : 15,
      "iodepth_level" : {
        "1" : 0.000000,
        "2" : 0.000000,
        "4" : 0.000000,
        "8" : 0.000000,
        "16" : 100.000000,
        "32" : 0.000000,
        ">=64" : 0.000000
      },
      "iodepth_submit" : {
        "0" : 0.000000,
        "4" : 100.000000,
        "8" : 0.000000,
        "16" : 0.000000,
        "32" : 0.000000,
        "64" : 0.000000,
        ">=64" : 0.000000
      },
      "iodepth_complete" : {
        "0" : 0.000000,
        "4" : 99.997272,
        "8" : 0.000000,
        "16" : 0.000000,
        "32" : 0.100000,
        "64" : 0.000000,
        ">=64" : 0.000000
      },
      "latency_ns" : {
        "2" : 0.000000,
        "4" : 0.000000,
        "10" : 0.000000,
        "20" : 0.000000,
        "50" : 0.000000,
        "100" : 0.000000,
        "250" : 0.000000,
        "500" : 0.000000,
        "750" : 0.000000,
        "1000" : 0.000000
      },
      "latency_us" : {
        "2" : 0.000000,
        "4" : 0.000000,
        "10" : 0.000000,
        "20" : 0.000000,
        "50" : 0.000000,
        "100" : 0.000000,
        "250" : 0.000000,
        "500" : 0.139154,
        "750" : 0.160982,
        "1000" : 0.242838
      },
      "latency_ms" : {
        "2" : 1.227831,
        "4" : 3.866303,
        "10" : 91.814461,
        "20" : 2.556617,
        "50" : 0.049113,
        "100" : 0.000000,
        "250" : 0.000000,
        "500" : 0.000000,
        "750" : 0.000000,
        "1000" : 0.000000,
        "2000" : 0.000000,
        ">=2000" : 0.000000
      },
      "latency_depth" : 22,
      "latency_target" : 0,
      "latency_percentile" : 100.000000,
      "latency_window" : 0,