

{
  "fio version" : "fio-3.15",
  "timestamp" : 1586490279,
  "time" : "Thu Apr  9 20:44:39 2020",
  "global options" : {
    "direct" : "1",
    "iodepth" : "22",
    "ioengine" : "libaio",
    "runtime" : "10",
    "time_based" : "1",
    "ramp_time" : "5",
    "size" : "5g",
    "numjobs" : "1",
    "rw" : "rw",
    "bs" : "512k",
    "rwmixread" : "90",
    "rwmixwrite" : "10"
  },
  "client_stats" : [
    {
      "jobname" : "rw_bw_test",
      "groupid" : 0,
      "error" : 0,
      "job options" : {
        "name" : "rw_bw_test",
        "filename" : "/dev/sdb"
      },
      "read" : {
        "io_bytes" : 4462739456,
        "io_kbytes" : 4358144,
        "bw_bytes" : 445205452,
        "bw" : 434770,
        "iops" : 847.166800,
        "runtime" : 10024,
        "total_ios" : 8492,
        "short_ios" : 0,
        "drop_ios" : 0,
        "slat_ns" : {
          "min" : 34544,
          "max" : 85521,
          "mean" : 48731.010716,
          "stddev" : 2473.226417
        },
        "clat_ns" : {
          "min" : 20340268,
          "max" : 52704258,
          "mean" : 24200317.433741,
          "stddev" : 3034847.335519,
          "percentile" : {
            "1.000000" : 21102592,
            "5.000000" : 21364736,
            "10.000000" : 21364736,
            "20.000000" : 21626880,
            "30.000000" : 22413312,
            "40.000000" : 22675456,
            "50.000000" : 23461888,
            "60.000000" : 24248320,
            "70.000000" : 25034752,
            "80.000000" : 26083328,
            "90.000000" : 27918336,
            "95.000000" : 29491200,
            "99.000000" : 35389440,
            "99.500000" : 39583744,
            "99.900000" : 45875200,
            "99.950000" : 48496640,
            "99.990000" : 52690944
          }
        },
        "lat_ns" : {
          "min" : 20388842,
          "max" : 52752978,
          "mean" : 24249879.339638,
          "stddev" : 3034852.861060
        },
        "bw_min" : 355328,
        "bw_max" : 460800,
        "bw_agg" : 99.972526,
        "bw_mean" : 434650.550000,
        "bw_dev" : 29569.622701,
        "bw_samples" : 20,
        "iops_min" : 694,
        "iops_max" : 900,
        "iops_mean" : 848.900000,
        "iops_stddev" : 57.745266,
        "iops_samples" : 20
      },
      "write" : {
        "io_bytes" : 484966400,
        "io_kbytes" : 473600,
        "bw_bytes" : 48380526,
        "bw" : 47246,
        "iops" : 92.178771,
        "runtime" : 10024,
        "total_ios" : 924,
        "short_ios" : 0,
        "drop_ios" : 0,
        "slat_ns" : {
          "min" : 42826,
          "max" : 82734,
          "mean" : 57897.009740,
          "stddev" : 3666.311640
        },
        "clat_ns" : {
          "min" : 2001927,
          "max" : 38945492,
          "mean" : 15378229.876757,
          "stddev" : 6047331.097278,
          "percentile" : {
            "1.000000" : 2244608,
            "5.000000" : 4947968,
            "10.000000" : 6914048,
            "20.000000" : 9764864,
            "30.000000" : 11730944,
            "40.000000" : 13828096,
            "50.000000" : 15794176,
            "60.000000" : 17694720,
            "70.000000" : 19529728,
            "80.000000" : 21102592,
            "90.000000" : 22675456,
            "95.000000" : 24248320,
            "99.000000" : 27394048,
            "99.500000" : 28704768,
            "99.900000" : 39059456,
            "99.950000" : 39059456,
            "99.990000" : 39059456
          }
        },
        "lat_ns" : {
          "min" : 2053219,
          "max" : 39004302,
          "mean" : 15436929.981622,
          "stddev" : 6047156.751038
        },
        "bw_min" : 35840,
        "bw_max" : 57344,
        "bw_agg" : 100.000000,
        "bw_mean" : 47349.800000,
        "bw_dev" : 5307.647200,
        "bw_samples" : 20,
        "iops_min" : 70,
        "iops_max" : 112,
        "iops_mean" : 92.400000,
        "iops_stddev" : 10.318099,
        "iops_samples" : 20
      },
      "trim" : {
        "io_bytes" : 0,
        "io_kbytes" : 0,
        "bw_bytes" : 0,
        "bw" : 0,
        "iops" : 0.000000,
        "runtime" : 0,
        "total_ios" : 0,
        "short_ios" : 0,
        "drop_ios" : 0,
        "slat_ns" : {
          "min" : 0,
          "max" : 0,
          "mean" : 0.000000,
          "stddev" : 0.000000
        },
        "clat_ns" : {
          "min" : 0,
          "max" : 0,
          "mean" : 0.000000,
          "stddev" : 0.000000,
          "percentile" : {
            "1.000000" : 0,
            "5.000000" : 0,
            "10.000000" : 0,
            "20.000000" : 0,
            "30.000000" : 0,
            "40.000000" : 0,
            "50.000000" : 0,
            "60.000000" : 0,
            "70.000000" : 0,
            "80.000000" : 0,
            "90.000000" : 0,
            "95.000000" : 0,
            "99.000000" : 0,
            "99.500000" : 0,
            "99.900000" : 0,
            "99.950000" : 0,
            "99.990000" : 0
          }
        },
        "lat_ns" : {
          "min" : 0,
          "max" : 0,
          "mean" : 0.000000,
          "stddev" : 0.000000
        },
        "bw_min" : 0,
        "bw_max" : 0,
        "bw_agg" : 0.000000,
        "bw_mean" : 0.000000,
        "bw_dev" : 0.000000,
        "bw_samples" : 0,
        "iops_min" : 0,
        "iops_max" : 0,
        "iops_mean" : 0.000000,
        "iops_stddev" : 0.000000,
        "iops_samples" : 0
      },
      "sync" : {
        "lat_ns" : {
          "min" : 0,
          "max" : 0,
          "mean" : 0.000000,
          "stddev" : 0.000000,
          "percentile" : {
            "1.000000" : 0,
            "5.000000" : 0,
            "10.000000" : 0,
            "20.000000" : 0,
            "30.000000" : 0,
            "40.000000" : 0,
            "50.000000" : 0,
            "60.000000" : 0,
            "70.000000" : 0,
            "80.000000" : 0,
            "90.000000" : 0,
            "95.000000" : 0,
            "99.000000" : 0,
            "99.500000" : 0,
            "99.900000" : 0,
            "99.950000" : 0,
            "99.990000" : 0
          }
        },
        "total_ios" : 0
      },
      "job_runtime" : 10023,
      "usr_cpu" : 1.287040,
      "sys_cpu" : 6.325451,
      "ctx" : 9439,
      "majf" : 0,
      "minf" : 16,
      "iodepth_level" : {
        "1" : 0.000000,
        "2" : 0.000000,
        "4" : 0.000000,
        "8" : 0.000000,
        "16" : 100.000000,
        "32" : 0.000000,
        ">=64" : 0.000000
      },
      "iodepth_submit" : {
        "0" : 0.000000,
        "4" : 100.000000,
        "8" : 0.000000,
        "16" : 0.000000,
        "32" : 0.000000,
        "64" : 0.000000,
        ">=64" : 0.000000
      },
      "iodepth_complete" : {
        "0" : 0.000000,
        "4" : 99.989381,
        "8" : 0.000000,
        "16" : 0.000000,
        "32" : 0.100000,
        "64" : 0.000000,
        ">=64" : 0.000000
      },
      "latency_ns" : {
        "2" : 0.000000,
        "4" : 0.000000,
        "10" : 0.000000,
        "20" : 0.000000,
        "50" : 0.000000,
        "100" : 0.000000,
        "250" : 0.000000,
        "500" : 0.000000,
        "750" : 0.000000,
        "1000" : 0.000000
      },
      "latency_us" : {
        "2" : 0.000000,
        "4" : 0.000000,
        "10" : 0.000000,
        "20" : 0.000000,
        "50" : 0.000000,
        "100" : 0.000000,
        "250" : 0.000000,
        "500" : 0.000000,
        "750" : 0.000000,
        "1000" : 0.000000
      },
      "latency_ms" : {
        "2" : 0.000000,
        "4" : 0.350467,
        "10" : 1.794817,
        "20" : 5.055225,
        "50" : 92.990654,
        "100" : 0.031861,
        "250" : 0.000000,
        "500" : 0.000000,
        "750" : 0.000000,
        "1000" : 0.000000,
        "2000" : 0.000000,
        ">=2000" : 0.000000
      },
      "latency_depth" : 22,
      "latency_target" : 0,
      "latency_percentile" : 100.000000,