

{
  "fio version" : "fio-3.15",
  "timestamp" : 1586490261,
  "time" : "Thu Apr  9 20:44:21 2020",
  "global options" : {
    "direct" : "1",
    "iodepth" : "22",
    "ioengine" : "libaio",
    "runtime" : "10",
    "time_based" : "1",
    "ramp_time" : "5",
    "size" : "5g",
    "numjobs" : "1",
    "rw" : "rw",
    "bs" : "256k",
    "rwmixread" : "90",
    "rwmixwrite" : "10"
  },
  "client_stats" : [
    {
      "jobname" : "rw_bw_test",
      "groupid" : 0,
      "error" : 0,
      "job options" : {
        "name" : "rw_bw_test",
        "filename" : "/dev/sdb"
      },
      "read" : {
        "io_bytes" : 4390125568,
        "io_kbytes" : 4287232,
        "bw_bytes" : 438530173,
        "bw" : 428252,
        "iops" : 1670.662272,
        "runtime" : 10011,
        "total_ios" : 16725,
        "short_ios" : 0,
        "drop_ios" : 0,
        "slat_ns" : {
          "min" : 21630,
          "max" : 61547,
          "mean" : 27058.454980,
          "stddev" : 5239.847618
        },
        "clat_ns" : {
          "min" : 10177414,
          "max" : 35529505,
          "mean" : 12287029.573331,
          "stddev" : 2363032.017606,
          "percentile" : {
            "1.000000" : 10289152,
            "5.000000" : 10420224,
            "10.000000" : 10420224,
            "20.000000" : 10551296,
            "30.000000" : 10944512,
            "40.000000" : 11075584,
            "50.000000" : 11468800,
            "60.000000" : 11993088,
            "70.000000" : 12648448,
            "80.000000" : 13434880,
            "90.000000" : 15138816,
            "95.000000" : 16711680,
            "99.000000" : 21364736,
            "99.500000" : 24248320,
            "99.900000" : 31326208,
            "99.950000" : 33423360,
            "99.990000" : 35389440
          }
        },
        "lat_ns" : {
          "min" : 10213727,
          "max" : 35555156,
          "mean" : 12314443.444524,
          "stddev" : 2364717.413989
        },
        "bw_min" : 276992,
        "bw_max" : 464384,
        "bw_agg" : 99.963713,
        "bw_mean" : 428096.600000,
        "bw_dev" : 46233.021419,
        "bw_samples" : 20,
        "iops_min" : 1082,
        "iops_max" : 1814,
        "iops_mean" : 1672.200000,
        "iops_stddev" : 180.581400,
        "iops_samples" : 20
      },
      "write" : {
        "io_bytes" : 486539264,
        "io_kbytes" : 475136,
        "bw_bytes" : 48600465,
        "bw" : 47461,
        "iops" : 185.396064,
        "runtime" : 10011,
        "total_ios" : 1856,
        "short_ios" : 0,
        "drop_ios" : 0,
        "slat_ns" : {
          "min" : 28084,
          "max" : 141408,
          "mean" : 36993.268319,
          "stddev" : 6919.685930
        },
        "clat_ns" : {
          "min" : 538307,
          "max" : 25221291,
          "mean" : 7529584.743534,
          "stddev" : 3159713.533944,
          "percentile" : {
            "1.000000" : 1155072,
            "5.000000" : 2375680,
            "10.000000" : 3325952,
            "20.000000" : 4685824,
            "30.000000" : 5734400,
            "40.000000" : 6717440,
            "50.000000" : 7634944,
            "60.000000" : 8585216,
            "70.000000" : 9371648,
            "80.000000" : 10158080,
            "90.000000" : 11075584,
            "95.000000" : 12386304,
            "99.000000" : 15007744,
            "99.500000" : 16449536,
            "99.900000" : 24772608,
            "99.950000" : 25296896,
            "99.990000" : 25296896
          }
        },
        "lat_ns" : {
          "min" : 572067,
          "max" : 25256875,
          "mean" : 7566951.171875,
          "stddev" : 3159468.791800
        },
        "bw_min" : 32256,
        "bw_max" : 55808,
        "bw_agg" : 100.000000,
        "bw_mean" : 47503.650000,
        "bw_dev" : 6749.241293,
        "bw_samples" : 20,
        "iops_min" : 126,
        "iops_max" : 218,
        "iops_mean" : 185.500000,
        "iops_stddev" : 26.346876,
        "iops_samples" : 20
      },
      "trim" : {
        "io_bytes" : 0,
        "io_kbytes" : 0,
        "bw_bytes" : 0,
        "bw" : 0,
        "iops" : 0.000000,
        "runtime" : 0,
        "total_ios" : 0,
        "short_ios" : 0,
        "drop_ios" : 0,
        "slat_ns" : {
          "min" : 0,
          "max" : 0,
          "mean" : 0.000000,
          "stddev" : 0.000000
        },
        "clat_ns" : {
          "min" : 0,
          "max" : 0,
          "mean" : 0.000000,
          "stddev" : 0.000000,
          "percentile" : {
            "1.000000" : 0,
            "5.000000" : 0,
            "10.000000" : 0,
            "20.000000" : 0,
            "30.000000" : 0,
            "40.000000" : 0,
            "50.000000" : 0,
            "60.000000" : 0,
            "70.000000" : 0,
            "80.000000" : 0,
            "90.000000" : 0,
            "95.000000" : 0,
            "99.000000" : 0,
            "99.500000" : 0,
            "99.900000" : 0,
            "99.950000" : 0,
            "99.990000" : 0
          }
        },
        "lat_ns" : {
          "min" : 0,
          "max" : 0,
          "mean" : 0.000000,
          "stddev" : 0.000000
        },
        "bw_min" : 0,
        "bw_max" : 0,
        "bw_agg" : 0.000000,
        "bw_mean" : 0.000000,
        "bw_dev" : 0.000000,
        "bw_samples" : 0,
        "iops_min" : 0,
        "iops_max" : 0,
        "iops_mean" : 0.000000,
        "iops_stddev" : 0.000000,
        "iops_samples" : 0
      },
      "sync" : {
        "lat_ns" : {
          "min" : 0,
          "max" : 0,
          "mean" : 0.000000,
          "stddev" : 0.000000,
          "percentile" : {
            "1.000000" : 0,
            "5.000000" : 0,
            "10.000000" : 0,
            "20.000000" : 0,
            "30.000000" : 0,
            "40.000000" : 0,
            "50.000000" : 0,
            "60.000000" : 0,
            "70.000000" : 0,
            "80.000000" : 0,
            "90.000000" : 0,
            "95.000000" : 0,
            "99.000000" : 0,
            "99.500000" : 0,
            "99.900000" : 0,
            "99.950000" : 0,
            "99.990000" : 0
          }
        },
        "total_ios" : 0
      },
      "job_runtime" : 10010,
      "usr_cpu" : 1.668332,
      "sys_cpu" : 7.132867,
      "ctx" : 18606,
      "majf" : 0,
      "minf" : 16,
      "iodepth_level" : {
        "1" : 0.000000,
        "2" : 0.000000,
        "4" : 0.000000,
        "8" : 0.000000,
        "16" : 100.000000,
        "32" : 0.000000,
        ">=64" : 0.000000
      },
      "iodepth_submit" : {
        "0" : 0.000000,
        "4" : 100.000000,
        "8" : 0.000000,
        "16" : 0.000000,
        "32" : 0.000000,
        "64" : 0.000000,
        ">=64" : 0.000000
      },
      "iodepth_complete" : {
        "0" : 0.000000,
        "4" : 99.994619,
        "8" : 0.000000,
        "16" : 0.000000,
        "32" : 0.100000,
        "64" : 0.000000,
        ">=64" : 0.000000
      },
      "latency_ns" : {
        "2" : 0.000000,
        "4" : 0.000000,
        "10" : 0.000000,
        "20" : 0.000000,
        "50" : 0.000000,
        "100" : 0.000000,
        "250" : 0.000000,
        "500" : 0.000000,
        "750" : 0.000000,
        "1000" : 0.000000
      },
      "latency_us" : {
        "2" : 0.000000,
        "4" : 0.000000,
        "10" : 0.000000,
        "20" : 0.000000,
        "50" : 0.000000,
        "100" : 0.000000,
        "250" : 0.000000,
        "500" : 0.000000,
        "750" : 0.037673,
        "1000" : 0.021527
      },
      "latency_ms" : {
        "2" : 0.371347,
        "4" : 1.081750,
        "10" : 6.366719,
        "20" : 90.926215,
        "50" : 1.307788,
        "100" : 0.000000,
        "250" : 0.000000,
        "500" : 0.000000,
        "750" : 0.000000,
        "1000" : 0.000000,
        "2000" : 0.000000,
        ">=2000" : 0.000000
      },
      "latency_depth" : 22,
      "latency_target" : 0,
      "latency_percentile" : 100.000000,