

{
  "fio version" : "fio-3.15",
  "timestamp" : 1586490208,
  "time" : "Thu Apr  9 20:43:28 2020",
  "global options" : {
    "direct" : "1",
    "iodepth" : "22",
    "ioengine" : "libaio",
    "runtime" : "10",
    "time_based" : "1",
    "ramp_time" : "5",
    "size" : "5g",
    "numjobs" : "1",
    "rw" : "rw",
    "bs" : "32k",
    "rwmixread" : "90",
    "rwmixwrite" : "10"
  },
  "client_stats" : [
    {
      "jobname" : "rw_bw_test",
      "groupid" : 0,
      "error" : 0,
      "job options" : {
        "name" : "rw_bw_test",
        "filename" : "/dev/sdb"
      },
      "read" : {
        "io_bytes" : 4163796992,
        "io_kbytes" : 4066208,
        "bw_bytes" : 416296439,
        "bw" : 406539,
        "iops" : 12702.559488,
        "runtime" : 10002,
        "total_ios" : 127051,
        "short_ios" : 0,
        "drop_ios" : 0,
        "slat_ns" : {
          "min" : 6689,
          "max" : 40127,
          "mean" : 9434.042322,
          "stddev" : 1767.191362
        },
        "clat_ns" : {
          "min" : 522765,
          "max" : 5942916,
          "mean" : 1611191.701060,
          "stddev" : 557534.931642,
          "percentile" : {
            "1.000000" : 1302528,
            "5.000000" : 1335296,
            "10.000000" : 1335296,
            "20.000000" : 1368064,
            "30.000000" : 1384448,
            "40.000000" : 1400832,
            "50.000000" : 1433600,
            "60.000000" : 1449984,
            "70.000000" : 1499136,
            "80.000000" : 1581056,
            "90.000000" : 2007040,
            "95.000000" : 3194880,
            "99.000000" : 4014080,
            "99.500000" : 4112384,
            "99.900000" : 4292608,
            "99.950000" : 4489216,
            "99.990000" : 4882432
          }
        },
        "lat_ns" : {
          "min" : 534618,
          "max" : 5952536,
          "mean" : 1620862.837104,
          "stddev" : 557590.354180
        },
        "bw_min" : 368704,
        "bw_max" : 423296,
        "bw_agg" : 99.973705,
        "bw_mean" : 406432.100000,
        "bw_dev" : 11682.922944,
        "bw_samples" : 20,
        "iops_min" : 11522,
        "iops_max" : 13228,
        "iops_mean" : 12700.950000,
        "iops_stddev" : 365.103803,
        "iops_samples" : 20
      },
      "write" : {
        "io_bytes" : 460095488,
        "io_kbytes" : 449312,
        "bw_bytes" : 46000348,
        "bw" : 44922,
        "iops" : 1403.519296,
        "runtime" : 10002,
        "total_ios" : 14038,
        "short_ios" : 0,
        "drop_ios" : 0,
        "slat_ns" : {
          "min" : 7689,
          "max" : 37713,
          "mean" : 10712.121812,
          "stddev" : 1836.394352
        },
        "clat_ns" : {
          "min" : 81004,
          "max" : 4072938,
          "mean" : 976395.928210,
          "stddev" : 505989.373888,
          "percentile" : {
            "1.000000" : 138240,
            "5.000000" : 280576,
            "10.000000" : 399360,
            "20.000000" : 577536,
            "30.000000" : 741376,
            "40.000000" : 864256,
            "50.000000" : 978944,
            "60.000000" : 1089536,
            "70.000000" : 1187840,
            "80.000000" : 1269760,
            "90.000000" : 1351680,
            "95.000000" : 1482752,
            "99.000000" : 3293184,
            "99.500000" : 3588096,
            "99.900000" : 3948544,
            "99.950000" : 3981312,
            "99.990000" : 4046848
          }
        },
        "lat_ns" : {
          "min" : 90105,
          "max" : 4086608,
          "mean" : 987357.232889,
          "stddev" : 505963.052955
        },
        "bw_min" : 40192,
        "bw_max" : 49920,
        "bw_agg" : 99.988981,
        "bw_mean" : 44917.050000,
        "bw_dev" : 2666.140468,
        "bw_samples" : 20,
        "iops_min" : 1256,
        "iops_max" : 1560,
        "iops_mean" : 1403.600000,
        "iops_stddev" : 83.239287,
        "iops_samples" : 20
      },
      "trim" : {
        "io_bytes" : 0,
        "io_kbytes" : 0,
        "bw_bytes" : 0,
        "bw" : 0,
        "iops" : 0.000000,
        "runtime" : 0,
        "total_ios" : 0,
        "short_ios" : 0,
        "drop_ios" : 0,
        "slat_ns" : {
          "min" : 0,
          "max" : 0,
          "mean" : 0.000000,
          "stddev" : 0.000000
        },
        "clat_ns" : {
          "min" : 0,
          "max" : 0,
          "mean" : 0.000000,
          "stddev" : 0.000000,
          "percentile" : {
            "1.000000" : 0,
            "5.000000" : 0,
            "10.000000" : 0,
            "20.000000" : 0,
            "30.000000" : 0,
            "40.000000" : 0,
            "50.000000" : 0,
            "60.000000" : 0,
            "70.000000" : 0,
            "80.000000" : 0,
            "90.000000" : 0,
            "95.000000" : 0,
            "99.000000" : 0,
            "99.500000" : 0,
            "99.900000" : 0,
            "99.950000" : 0,
            "99.990000" : 0
          }
        },
        "lat_ns" : {
          "min" : 0,
          "max" : 0,
          "mean" : 0.000000,
          "stddev" : 0.000000
        },
        "bw_min" : 0,
        "bw_max" : 0,
        "bw_agg" : 0.000000,
        "bw_mean" : 0.000000,
        "bw_dev" : 0.000000,
        "bw_samples" : 0,
        "iops_min" : 0,
        "iops_max" : 0,
        "iops_mean" : 0.000000,
        "iops_stddev" : 0.000000,
        "iops_samples" : 0
      },
      "sync" : {
        "lat_ns" : {
          "min" : 0,
          "max" : 0,
          "mean" : 0.000000,
          "stddev" : 0.000000,
          "percentile" : {
            "1.000000" : 0,
            "5.000000" : 0,
            "10.000000" : 0,
            "20.000000" : 0,
            "30.000000" : 0,
            "40.000000" : 0,
            "50.000000" : 0,
            "60.000000" : 0,
            "70.000000" : 0,
            "80.000000" : 0,
            "90.000000" : 0,
            "95.000000" : 0,
            "99.000000" : 0,
            "99.500000" : 0,
            "99.900000" : 0,
            "99.950000" : 0,
            "99.990000" : 0
          }
        },
        "total_ios" : 0
      },
      "job_runtime" : 10001,
      "usr_cpu" : 7.099290,
      "sys_cpu" : 20.607939,
      "ctx" : 141089,
      "majf" : 0,
      "minf" : 15,
      "iodepth_level" : {
        "1" : 0.000000,
        "2" : 0.000000,
        "4" : 0.000000,
        "8" : 0.000000,
        "16" : 100.000000,
        "32" : 0.000000,
        ">=64" : 0.000000
      },
      "iodepth_submit" : {
        "0" : 0.000000,
        "4" : 100.000000,
        "8" : 0.000000,
        "16" : 0.000000,
        "32" : 0.000000,
        "64" : 0.000000,
        ">=64" : 0.000000
      },
      "iodepth_complete" : {
        "0" : 0.000000,
        "4" : 99.999291,
        "8" : 0.000000,
        "16" : 0.000000,
        "32" : 0.100000,
        "64" : 0.000000,
        ">=64" : 0.000000
      },
      "latency_ns" : {
        "2" : 0.000000,
        "4" : 0.000000,
        "10" : 0.000000,
        "20" : 0.000000,
        "50" : 0.000000,
        "100" : 0.000000,
        "250" : 0.000000,
        "500" : 0.000000,
        "750" : 0.000000,
        "1000" : 0.000000
      },
      "latency_us" : {
        "2" : 0.000000,
        "4" : 0.000000,
        "10" : 0.000000,
        "20" : 0.000000,
        "50" : 0.000000,
        "100" : 0.040400,
        "250" : 0.389116,
        "500" : 1.029846,
        "750" : 1.652857,
        "1000" : 2.024963
      },
      "latency_ms" : {
        "2" : 85.572227,
        "4" : 8.263578,
        "10" : 1.041896,
        "20" : 0.000000,
        "50" : 0.000000,
        "100" : 0.000000,
        "250" : 0.000000,
        "500" : 0.000000,
        "750" : 0.000000,
        "1000" : 0.000000,
        "2000" : 0.000000,
        ">=2000" : 0.000000
      },
      "latency_depth" : 22,
      "latency_target" : 0,
      "latency_percentile" : 100.000000,
      "latency_window" : 0,