

{
  "fio version" : "fio-3.15",
  "timestamp" : 1586491786,
  "time" : "Thu Apr  9 21:09:46 2020",
  "global options" : {
    "direct" : "1",
    "iodepth" : "22",
    "ioengine" : "libaio",
    "runtime" : "10",
    "time_based" : "1",
    "ramp_time" : "5",
    "size" : "5g",
    "numjobs" : "1",
    "rw" : "rw",
    "bs" : "8k",
    "rwmixread" : "90",
    "rwmixwrite" : "10"
  },
  "client_stats" : [
    {
      "jobname" : "rw_bw_test",
      "groupid" : 0,
      "error" : 0,
      "job options" : {
        "name" : "rw_bw_test",
        "filename" : "/mnt/INTEL_SSDSC2BW480H6_xfs/test.dat"
      },
      "read" : {
        "io_bytes" : 3599581184,
        "io_kbytes" : 3515216,
        "bw_bytes" : 359922126,
        "bw" : 351486,
        "iops" : 43933.706629,
        "runtime" : 10001,
        "total_ios" : 439381,
        "short_ios" : 0,
        "drop_ios" : 0,
        "slat_ns" : {
          "min" : 3595,
          "max" : 96448,
          "mean" : 7690.690106,
          "stddev" : 4344.983944
        },
        "clat_ns" : {
          "min" : 55167,
          "max" : 4615229,
          "mean" : 462528.848774,
          "stddev" : 259454.098917,
          "percentile" : {
            "1.000000" : 280576,
            "5.000000" : 350208,
            "10.000000" : 370688,
            "20.000000" : 391168,
            "30.000000" : 403456,
            "40.000000" : 411648,
            "50.000000" : 419840,
            "60.000000" : 432128,
            "70.000000" : 444416,
            "80.000000" : 460800,
            "90.000000" : 497664,
            "95.000000" : 593920,
            "99.000000" : 1957888,
            "99.500000" : 2703360,
            "99.900000" : 3129344,
            "99.950000" : 3227648,
            "99.990000" : 3751936
          }
        },
        "lat_ns" : {
          "min" : 65345,
          "max" : 4621375,
          "mean" : 470417.345643,
          "stddev" : 259389.221112
        },
        "bw_min" : 295840,
        "bw_max" : 367232,
        "bw_agg" : 99.788971,
        "bw_mean" : 350744.263158,
        "bw_dev" : 16877.799780,
        "bw_samples" : 19,
        "iops_min" : 36980,
        "iops_max" : 45904,
        "iops_mean" : 43842.947368,
        "iops_stddev" : 2109.701466,
        "iops_samples" : 19
      },
      "write" : {
        "io_bytes" : 403103744,
        "io_kbytes" : 393656,
        "bw_bytes" : 40306343,
        "bw" : 39361,
        "iops" : 4920.107989,
        "runtime" : 10001,
        "total_ios" : 49206,
        "short_ios" : 0,
        "drop_ios" : 0,
        "slat_ns" : {
          "min" : 4871,
          "max" : 60885,
          "mean" : 12725.311283,
          "stddev" : 5096.933205
        },
        "clat_ns" : {
          "min" : 36368,
          "max" : 2725825,
          "mean" : 250619.117016,
          "stddev" : 160416.084351,
          "percentile" : {
            "1.000000" : 46848,
            "5.000000" : 86528,
            "10.000000" : 113152,
            "20.000000" : 152576,
            "30.000000" : 185344,
            "40.000000" : 216064,
            "50.000000" : 244736,
            "60.000000" : 272384,
            "70.000000" : 301056,
            "80.000000" : 329728,
            "90.000000" : 362496,
            "95.000000" : 382976,
            "99.000000" : 518144,
            "99.500000" : 1417216,
            "99.900000" : 2244608,
            "99.950000" : 2375680,
            "99.990000" : 2539520
          }
        },
        "lat_ns" : {
          "min" : 46806,
          "max" : 2740230,
          "mean" : 263618.184059,
          "stddev" : 160057.496609
        },
        "bw_min" : 32880,
        "bw_max" : 42336,
        "bw_agg" : 99.747546,
        "bw_mean" : 39261.631579,
        "bw_dev" : 2272.952784,
        "bw_samples" : 19,
        "iops_min" : 4110,
        "iops_max" : 5292,
        "iops_mean" : 4907.684211,
        "iops_stddev" : 284.121463,
        "iops_samples" : 19
      },
      "trim" : {
        "io_bytes" : 0,
        "io_kbytes" : 0,
        "bw_bytes" : 0,
        "bw" : 0,
        "iops" : 0.000000,
        "runtime" : 0,
        "total_ios" : 0,
        "short_ios" : 0,
        "drop_ios" : 0,
        "slat_ns" : {
          "min" : 0,
          "max" : 0,
          "mean" : 0.000000,
          "stddev" : 0.000000
        },
        "clat_ns" : {
          "min" : 0,
          "max" : 0,
          "mean" : 0.000000,
          "stddev" : 0.000000,
          "percentile" : {
            "1.000000" : 0,
            "5.000000" : 0,
            "10.000000" : 0,
            "20.000000" : 0,
            "30.000000" : 0,
            "40.000000" : 0,
            "50.000000" : 0,
            "60.000000" : 0,
            "70.000000" : 0,
            "80.000000" : 0,
            "90.000000" : 0,
            "95.000000" : 0,
            "99.000000" : 0,
            "99.500000" : 0,
            "99.900000" : 0,
            "99.950000" : 0,
            "99.990000" : 0
          }
        },
        "lat_ns" : {
          "min" : 0,
          "max" : 0,
          "mean" : 0.000000,
          "stddev" : 0.000000
        },
        "bw_min" : 0,
        "bw_max" : 0,
        "bw_agg" : 0.000000,
        "bw_mean" : 0.000000,
        "bw_dev" : 0.000000,
        "bw_samples" : 0,
        "iops_min" : 0,
        "iops_max" : 0,
        "iops_mean" : 0.000000,
        "iops_stddev" : 0.000000,
        "iops_samples" : 0
      },
      "sync" : {
        "lat_ns" : {
          "min" : 0,
          "max" : 0,
          "mean" : 0.000000,
          "stddev" : 0.000000,
          "percentile" : {
            "1.000000" : 0,
            "5.000000" : 0,
            "10.000000" : 0,
            "20.000000" : 0,
            "30.000000" : 0,
            "40.000000" : 0,
            "50.000000" : 0,
            "60.000000" : 0,
            "70.000000" : 0,
            "80.000000" : 0,
            "90.000000" : 0,
            "95.000000" : 0,
            "99.000000" : 0,
            "99.500000" : 0,
            "99.900000" : 0,
            "99.950000" : 0,
            "99.990000" : 0
          }
        },
        "total_ios" : 0
      },
      "job_runtime" : 10000,
      "usr_cpu" : 13.980000,
      "sys_cpu" : 50.210000,
      "ctx" : 269368,
      "majf" : 0,
      "minf" : 15,
      "iodepth_level" : {
        "1" : 0.000000,
        "2" : 0.000000,
        "4" : 0.000000,
        "8" : 0.000000,
        "16" : 100.000000,
        "32" : 0.000000,
        ">=64" : 0.000000
      },
      "iodepth_submit" : {
        "0" : 0.000000,
        "4" : 100.000000,
        "8" : 0.000000,
        "16" : 0.000000,
        "32" : 0.000000,
        "64" : 0.000000,
        ">=64" : 0.000000
      },
      "iodepth_complete" : {
        "0" : 0.000000,
        "4" : 99.999795,
        "8" : 0.000000,
        "16" : 0.000000,
        "32" : 0.100000,
        "64" : 0.000000,
        ">=64" : 0.000000
      },
      "latency_ns" : {
        "2" : 0.000000,
        "4" : 0.000000,
        "10" : 0.000000,
        "20" : 0.000000,
        "50" : 0.000000,
        "100" : 0.000000,
        "250" : 0.000000,
        "500" : 0.000000,
        "750" : 0.000000,
        "1000" : 0.000000
      },
      "latency_us" : {
        "2" : 0.000000,
        "4" : 0.000000,
        "10" : 0.000000,
        "20" : 0.000000,
        "50" : 0.125873,
        "100" : 0.660885,
        "250" : 5.080364,
        "500" : 85.381723,
        "750" : 5.837650,
        "1000" : 0.799653
      },
      "latency_ms" : {
        "2" : 1.225984,
        "4" : 0.889094,
        "10" : 0.010000,
        "20" : 0.000000,
        "50" : 0.000000,
        "100" : 0.000000,
        "250" : 0.000000,
        "500" : 0.000000,
        "750" : 0.000000,
        "1000" : 0.000000,
        "2000" : 0.000000,
        ">=2000" : 0.000000
      },
      "latency_depth" : 22,
      "latency_target" : 0,
      "latency_percentile" : 100.000000,
      "latency_window" : 0,