

{
  "fio version" : "fio-3.15",
  "timestamp" : 1586491857,
  "time" : "Thu Apr  9 21:10:57 2020",
  "global options" : {
    "direct" : "1",
    "iodepth" : "22",
    "ioengine" : "libaio",
    "runtime" : "10",
    "time_based" : "1",
    "ramp_time" : "5",
    "size" : "5g",
    "numjobs" : "1",
    "rw" : "rw",
    "bs" : "128k",
    "rwmixread" : "90",
    "rwmixwrite" : "10"
  },
  "client_stats" : [
    {
      "jobname" : "rw_bw_test",
      "groupid" : 0,
      "error" : 0,
      "job options" : {
        "name" : "rw_bw_test",
        "filename" : "/mnt/INTEL_SSDSC2BW480H6_xfs/test.dat"
      },
      "read" : {
        "io_bytes" : 4278714368,
        "io_kbytes" : 4178432,
        "bw_bytes" : 427614867,
        "bw" : 417592,
        "iops" : 3260.343794,
        "runtime" : 10006,
        "total_ios" : 32623,
        "short_ios" : 0,
        "drop_ios" : 0,
        "slat_ns" : {
          "min" : 8413,
          "max" : 76564,
          "mean" : 20873.651166,
          "stddev" : 9076.799027
        },
        "clat_ns" : {
          "min" : 3047284,
          "max" : 21579139,
          "mean" : 6280822.894958,
          "stddev" : 1426564.272926,
          "percentile" : {
            "1.000000" : 5079040,
            "5.000000" : 5144576,
            "10.000000" : 5144576,
            "20.000000" : 5210112,
            "30.000000" : 5341184,
            "40.000000" : 5472256,
            "50.000000" : 5668864,
            "60.000000" : 5996544,
            "70.000000" : 6586368,
            "80.000000" : 7307264,
            "90.000000" : 8093696,
            "95.000000" : 9109504,
            "99.000000" : 10944512,
            "99.500000" : 12255232,
            "99.900000" : 15663104,
            "99.950000" : 16908288,
            "99.990000" : 19005440
          }
        },
        "lat_ns" : {
          "min" : 3084241,
          "max" : 21614866,
          "mean" : 6302016.262866,
          "stddev" : 1427970.806582
        },
        "bw_min" : 317184,
        "bw_max" : 444160,
        "bw_agg" : 99.998851,
        "bw_mean" : 417587.200000,
        "bw_dev" : 37992.241238,
        "bw_samples" : 20,
        "iops_min" : 2478,
        "iops_max" : 3470,
        "iops_mean" : 3262.400000,
        "iops_stddev" : 296.814385,
        "iops_samples" : 20
      },
      "write" : {
        "io_bytes" : 484573184,
        "io_kbytes" : 473216,
        "bw_bytes" : 48428261,
        "bw" : 47293,
        "iops" : 369.478313,
        "runtime" : 10006,
        "total_ios" : 3697,
        "short_ios" : 0,
        "drop_ios" : 0,
        "slat_ns" : {
          "min" : 14083,
          "max" : 77771,
          "mean" : 29799.220990,
          "stddev" : 9347.215676
        },
        "clat_ns" : {
          "min" : 334929,
          "max" : 12593097,
          "mean" : 3873656.882878,
          "stddev" : 1767783.757546,
          "percentile" : {
            "1.000000" : 528384,
            "5.000000" : 1056768,
            "10.000000" : 1548288,
            "20.000000" : 2375680,
            "30.000000" : 2867200,
            "40.000000" : 3358720,
            "50.000000" : 3850240,
            "60.000000" : 4292608,
            "70.000000" : 4751360,
            "80.000000" : 5144576,
            "90.000000" : 6062080,
            "95.000000" : 6914048,
            "99.000000" : 9109504,
            "99.500000" : 9764864,
            "99.900000" : 10944512,
            "99.950000" : 12124160,
            "99.990000" : 12648448
          }
        },
        "lat_ns" : {
          "min" : 365192,
          "max" : 12616820,
          "mean" : 3903819.802813,
          "stddev" : 1768931.753740
        },
        "bw_min" : 38400,
        "bw_max" : 53248,
        "bw_agg" : 100.000000,
        "bw_mean" : 47296.000000,
        "bw_dev" : 4018.530551,
        "bw_samples" : 20,
        "iops_min" : 300,
        "iops_max" : 416,
        "iops_mean" : 369.500000,
        "iops_stddev" : 31.394770,
        "iops_samples" : 20
      },
      "trim" : {
        "io_bytes" : 0,
        "io_kbytes" : 0,
        "bw_bytes" : 0,
        "bw" : 0,
        "iops" : 0.000000,
        "runtime" : 0,
        "total_ios" : 0,
        "short_ios" : 0,
        "drop_ios" : 0,
        "slat_ns" : {
          "min" : 0,
          "max" : 0,
          "mean" : 0.000000,
          "stddev" : 0.000000
        },
        "clat_ns" : {
          "min" : 0,
          "max" : 0,
          "mean" : 0.000000,
          "stddev" : 0.000000,
          "percentile" : {
            "1.000000" : 0,
            "5.000000" : 0,
            "10.000000" : 0,
            "20.000000" : 0,
            "30.000000" : 0,
            "40.000000" : 0,
            "50.000000" : 0,
            "60.000000" : 0,
            "70.000000" : 0,
            "80.000000" : 0,
            "90.000000" : 0,
            "95.000000" : 0,
            "99.000000" : 0,
            "99.500000" : 0,
            "99.900000" : 0,
            "99.950000" : 0,
            "99.990000" : 0
          }
        },
        "lat_ns" : {
          "min" : 0,
          "max" : 0,
          "mean" : 0.000000,
          "stddev" : 0.000000
        },
        "bw_min" : 0,
        "bw_max" : 0,
        "bw_agg" : 0.000000,
        "bw_mean" : 0.000000,
        "bw_dev" : 0.000000,
        "bw_samples" : 0,
        "iops_min" : 0,
        "iops_max" : 0,
        "iops_mean" : 0.000000,
        "iops_stddev" : 0.000000,
        "iops_samples" : 0
      },
      "sync" : {
        "lat_ns" : {
          "min" : 0,
          "max" : 0,
          "mean" : 0.000000,
          "stddev" : 0.000000,
          "percentile" : {
            "1.000000" : 0,
            "5.000000" : 0,
            "10.000000" : 0,
            "20.000000" : 0,
            "30.000000" : 0,
            "40.000000" : 0,
            "50.000000" : 0,
            "60.000000" : 0,
            "70.000000" : 0,
            "80.000000" : 0,
            "90.000000" : 0,
            "95.000000" : 0,
            "99.000000" : 0,
            "99.500000" : 0,
            "99.900000" : 0,
            "99.950000" : 0,
            "99.990000" : 0
          }
        },
        "total_ios" : 0
      },
      "job_runtime" : 10005,
      "usr_cpu" : 2.718641,
      "sys_cpu" : 10.514743,
      "ctx" : 36266,
      "majf" : 0,
      "minf" : 15,
      "iodepth_level" : {
        "1" : 0.000000,
        "2" : 0.000000,
        "4" : 0.000000,
        "8" : 0.000000,
        "16" : 100.000000,
        "32" : 0.000000,
        ">=64" : 0.000000
      },
      "iodepth_submit" : {
        "0" : 0.000000,
        "4" : 100.000000,
        "8" : 0.000000,
        "16" : 0.000000,
        "32" : 0.000000,
        "64" : 0.000000,
        ">=64" : 0.000000
      },
      "iodepth_complete" : {
        "0" : 0.000000,
        "4" : 99.997247,
        "8" : 0.000000,
        "16" : 0.000000,
        "32" : 0.100000,
        "64" : 0.000000,
        ">=64" : 0.000000
      },
      "latency_ns" : {
        "2" : 0.000000,
        "4" : 0.000000,
        "10" : 0.000000,
        "20" : 0.000000,
        "50" : 0.000000,
        "100" : 0.000000,
        "250" : 0.000000,
        "500" : 0.000000,
        "750" : 0.000000,
        "1000" : 0.000000
      },
      "latency_us" : {
        "2" : 0.000000,
        "4" : 0.000000,
        "10" : 0.000000,
        "20" : 0.000000,
        "50" : 0.000000,
        "100" : 0.000000,
        "250" : 0.000000,
        "500" : 0.079846,
        "750" : 0.132159,
        "1000" : 0.245044
      },
      "latency_ms" : {
        "2" : 1.093062,
        "4" : 3.807819,
        "10" : 92.334802,
        "20" : 2.362335,
        "50" : 0.010000,
        "100" : 0.000000,
        "250" : 0.000000,
        "500" : 0.000000,
        "750" : 0.000000,
        "1000" : 0.000000,
        "2000" : 0.000000,
        ">=2000" : 0.000000
      },
      "latency_depth" : 22,
      "latency_target" : 0,
      "latency_percentile" : 100.000000,