

{
  "fio version" : "fio-3.15",
  "timestamp" : 1586490297,
  "time" : "Thu Apr  9 20:44:57 2020",
  "global options" : {
    "direct" : "1",
    "iodepth" : "22",
    "ioengine" : "libaio",
    "runtime" : "10",
    "time_based" : "1",
    "ramp_time" : "5",
    "size" : "5g",
    "numjobs" : "1",
    "rw" : "rw",
    "bs" : "1024k",
    "rwmixread" : "90",
    "rwmixwrite" : "10"
  },
  "client_stats" : [
    {
      "jobname" : "rw_bw_test",
      "groupid" : 0,
      "error" : 0,
      "job options" : {
        "name" : "rw_bw_test",
        "filename" : "/dev/sdb"
      },
      "read" : {
        "io_bytes" : 4365221888,
        "io_kbytes" : 4262912,
        "bw_bytes" : 434480132,
        "bw" : 424297,
        "iops" : 412.262367,
        "runtime" : 10047,
        "total_ios" : 4142,
        "short_ios" : 0,
        "drop_ios" : 0,
        "slat_ns" : {
          "min" : 56766,
          "max" : 109454,
          "mean" : 71351.428778,
          "stddev" : 4486.138045
        },
        "clat_ns" : {
          "min" : 42000784,
          "max" : 88976434,
          "mean" : 49604054.763632,
          "stddev" : 6067830.322634,
          "percentile" : {
            "1.000000" : 43253760,
            "5.000000" : 43778048,
            "10.000000" : 43778048,
            "20.000000" : 44826624,
            "30.000000" : 46399488,
            "40.000000" : 46923776,
            "50.000000" : 48496640,
            "60.000000" : 49545216,
            "70.000000" : 50593792,
            "80.000000" : 52690944,
            "90.000000" : 56360960,
            "95.000000" : 61079552,
            "99.000000" : 72876032,
            "99.500000" : 78118912,
            "99.900000" : 83361792,
            "99.950000" : 88604672,
            "99.990000" : 88604672
          }
        },
        "lat_ns" : {
          "min" : 42072012,
          "max" : 89047058,
          "mean" : 49676253.110497,
          "stddev" : 6067875.788599
        },
        "bw_min" : 366592,
        "bw_max" : 466944,
        "bw_agg" : 99.991928,
        "bw_mean" : 424262.750000,
        "bw_dev" : 29262.373115,
        "bw_samples" : 20,
        "iops_min" : 358,
        "iops_max" : 456,
        "iops_mean" : 414.300000,
        "iops_stddev" : 28.584317,
        "iops_samples" : 20
      },
      "write" : {
        "io_bytes" : 503316480,
        "io_kbytes" : 491520,
        "bw_bytes" : 50096195,
        "bw" : 48922,
        "iops" : 47.775455,
        "runtime" : 10047,
        "total_ios" : 480,
        "short_ios" : 0,
        "drop_ios" : 0,
        "slat_ns" : {
          "min" : 71620,
          "max" : 122897,
          "mean" : 90714.456250,
          "stddev" : 8089.742117
        },
        "clat_ns" : {
          "min" : 3521519,
          "max" : 64255312,
          "mean" : 30579477.122917,
          "stddev" : 13071916.295645,
          "percentile" : {
            "1.000000" : 4112384,
            "5.000000" : 6848512,
            "10.000000" : 10420224,
            "20.000000" : 17956864,
            "30.000000" : 23199744,
            "40.000000" : 27656192,
            "50.000000" : 32374784,
            "60.000000" : 36438016,
            "70.000000" : 40108032,
            "80.000000" : 43253760,
            "90.000000" : 45350912,
            "95.000000" : 47972352,
            "99.000000" : 52690944,
            "99.500000" : 54263808,
            "99.900000" : 64225280,
            "99.950000" : 64225280,
            "99.990000" : 64225280
          }
        },
        "lat_ns" : {
          "min" : 3614876,
          "max" : 64345245,
          "mean" : 30671007.764583,
          "stddev" : 13071724.617998
        },
        "bw_min" : 28672,
        "bw_max" : 69632,
        "bw_agg" : 99.817873,
        "bw_mean" : 48832.900000,
        "bw_dev" : 10518.977141,
        "bw_samples" : 20,
        "iops_min" : 28,
        "iops_max" : 68,
        "iops_mean" : 47.600000,
        "iops_stddev" : 10.184612,
        "iops_samples" : 20
      },
      "trim" : {
        "io_bytes" : 0,
        "io_kbytes" : 0,
        "bw_bytes" : 0,
        "bw" : 0,
        "iops" : 0.000000,
        "runtime" : 0,
        "total_ios" : 0,
        "short_ios" : 0,
        "drop_ios" : 0,
        "slat_ns" : {
          "min" : 0,
          "max" : 0,
          "mean" : 0.000000,
          "stddev" : 0.000000
        },
        "clat_ns" : {
          "min" : 0,
          "max" : 0,
          "mean" : 0.000000,
          "stddev" : 0.000000,
          "percentile" : {
            "1.000000" : 0,
            "5.000000" : 0,
            "10.000000" : 0,
            "20.000000" : 0,
            "30.000000" : 0,
            "40.000000" : 0,
            "50.000000" : 0,
            "60.000000" : 0,
            "70.000000" : 0,
            "80.000000" : 0,
            "90.000000" : 0,
            "95.000000" : 0,
            "99.000000" : 0,
            "99.500000" : 0,
            "99.900000" : 0,
            "99.950000" : 0,
            "99.990000" : 0
          }
        },
        "lat_ns" : {
          "min" : 0,
          "max" : 0,
          "mean" : 0.000000,
          "stddev" : 0.000000
        },
        "bw_min" : 0,
        "bw_max" : 0,
        "bw_agg" : 0.000000,
        "bw_mean" : 0.000000,
        "bw_dev" : 0.000000,
        "bw_samples" : 0,
        "iops_min" : 0,
        "iops_max" : 0,
        "iops_mean" : 0.000000,
        "iops_stddev" : 0.000000,
        "iops_samples" : 0
      },
      "sync" : {
        "lat_ns" : {
          "min" : 0,
          "max" : 0,
          "mean" : 0.000000,
          "stddev" : 0.000000,
          "percentile" : {
            "1.000000" : 0,
            "5.000000" : 0,
            "10.000000" : 0,
            "20.000000" : 0,
            "30.000000" : 0,
            "40.000000" : 0,
            "50.000000" : 0,
            "60.000000" : 0,
            "70.000000" : 0,
            "80.000000" : 0,
            "90.000000" : 0,
            "95.000000" : 0,
            "99.000000" : 0,
            "99.500000" : 0,
            "99.900000" : 0,
            "99.950000" : 0,
            "99.990000" : 0
          }
        },
        "total_ios" : 0
      },
      "job_runtime" : 10046,
      "usr_cpu" : 0.816245,
      "sys_cpu" : 3.912005,
      "ctx" : 4645,
      "majf" : 0,
      "minf" : 15,
      "iodepth_level" : {
        "1" : 0.000000,
        "2" : 0.000000,
        "4" : 0.000000,
        "8" : 0.000000,
        "16" : 100.000000,
        "32" : 0.000000,
        ">=64" : 0.000000
      },
      "iodepth_submit" : {
        "0" : 0.000000,
        "4" : 100.000000,
        "8" : 0.000000,
        "16" : 0.000000,
        "32" : 0.000000,
        "64" : 0.000000,
        ">=64" : 0.000000
      },
      "iodepth_complete" : {
        "0" : 0.000000,
        "4" : 99.978369,
        "8" : 0.000000,
        "16" : 0.000000,
        "32" : 0.100000,
        "64" : 0.000000,
        ">=64" : 0.000000
      },
      "latency_ns" : {
        "2" : 0.000000,
        "4" : 0.000000,
        "10" : 0.000000,
        "20" : 0.000000,
        "50" : 0.000000,
        "100" : 0.000000,
        "250" : 0.000000,
        "500" : 0.000000,
        "750" : 0.000000,
        "1000" : 0.000000
      },
      "latency_us" : {
        "2" : 0.000000,
        "4" : 0.000000,
        "10" : 0.000000,
        "20" : 0.000000,
        "50" : 0.000000,
        "100" : 0.000000,
        "250" : 0.000000,
        "500" : 0.000000,
        "750" : 0.000000,
        "1000" : 0.000000
      },
      "latency_ms" : {
        "2" : 0.000000,
        "4" : 0.043271,
        "10" : 0.930333,
        "20" : 1.601039,
        "50" : 65.642579,
        "100" : 32.237127,
        "250" : 0.000000,
        "500" : 0.000000,
        "750" : 0.000000,
        "1000" : 0.000000,
        "2000" : 0.000000,
        ">=2000" : 0.000000
      },
      "latency_depth" : 22,
      "latency_target" : 0,
      "latency_percentile" : 100.000000,