

{
  "fio version" : "fio-3.15",
  "timestamp" : 1586490190,
  "time" : "Thu Apr  9 20:43:10 2020",
  "global options" : {
    "direct" : "1",
    "iodepth" : "22",
    "ioengine" : "libaio",
    "runtime" : "10",
    "time_based" : "1",
    "ramp_time" : "5",
    "size" : "5g",
    "numjobs" : "1",
    "rw" : "rw",
    "bs" : "16k",
    "rwmixread" : "90",
    "rwmixwrite" : "10"
  },
  "client_stats" : [
    {
      "jobname" : "rw_bw_test",
      "groupid" : 0,
      "error" : 0,
      "job options" : {
        "name" : "rw_bw_test",
        "filename" : "/dev/sdb"
      },
      "read" : {
        "io_bytes" : 3867033600,
        "io_kbytes" : 3776400,
        "bw_bytes" : 386664693,
        "bw" : 377602,
        "iops" : 23598.040196,
        "runtime" : 10001,
        "total_ios" : 236004,
        "short_ios" : 0,
        "drop_ios" : 0,
        "slat_ns" : {
          "min" : 3952,
          "max" : 53815,
          "mean" : 6008.042436,
          "stddev" : 710.398545
        },
        "clat_ns" : {
          "min" : 142387,
          "max" : 16159512,
          "mean" : 869636.435950,
          "stddev" : 438912.032877,
          "percentile" : {
            "1.000000" : 667648,
            "5.000000" : 692224,
            "10.000000" : 708608,
            "20.000000" : 716800,
            "30.000000" : 733184,
            "40.000000" : 741376,
            "50.000000" : 757760,
            "60.000000" : 774144,
            "70.000000" : 790528,
            "80.000000" : 839680,
            "90.000000" : 1003520,
            "95.000000" : 1417216,
            "99.000000" : 3260416,
            "99.500000" : 3391488,
            "99.900000" : 3948544,
            "99.950000" : 4358144,
            "99.990000" : 6914048
          }
        },
        "lat_ns" : {
          "min" : 152287,
          "max" : 16165900,
          "mean" : 875800.694655,
          "stddev" : 438956.345399
        },
        "bw_min" : 308160,
        "bw_max" : 404032,
        "bw_agg" : 99.864993,
        "bw_mean" : 377092.210526,
        "bw_dev" : 25423.042690,
        "bw_samples" : 19,
        "iops_min" : 19260,
        "iops_max" : 25252,
        "iops_mean" : 23568.210526,
        "iops_stddev" : 1588.917052,
        "iops_samples" : 19
      },
      "write" : {
        "io_bytes" : 433766400,
        "io_kbytes" : 423600,
        "bw_bytes" : 43372302,
        "bw" : 42355,
        "iops" : 2647.235276,
        "runtime" : 10001,
        "total_ios" : 26475,
        "short_ios" : 0,
        "drop_ios" : 0,
        "slat_ns" : {
          "min" : 4900,
          "max" : 34401,
          "mean" : 6576.327479,
          "stddev" : 777.451127
        },
        "clat_ns" : {
          "min" : 47680,
          "max" : 15533667,
          "mean" : 488898.802229,
          "stddev" : 330873.951800,
          "percentile" : {
            "1.000000" : 64768,
            "5.000000" : 140288,
            "10.000000" : 195584,
            "20.000000" : 280576,
            "30.000000" : 362496,
            "40.000000" : 423936,
            "50.000000" : 489472,
            "60.000000" : 544768,
            "70.000000" : 593920,
            "80.000000" : 634880,
            "90.000000" : 684032,
            "95.000000" : 716800,
            "99.000000" : 1712128,
            "99.500000" : 2473984,
            "99.900000" : 3227648,
            "99.950000" : 3325952,
            "99.990000" : 14483456
          }
        },
        "lat_ns" : {
          "min" : 53517,
          "max" : 15540957,
          "mean" : 495649.691634,
          "stddev" : 330857.008579
        },
        "bw_min" : 32704,
        "bw_max" : 44928,
        "bw_agg" : 99.715189,
        "bw_mean" : 42234.368421,
        "bw_dev" : 3010.348396,
        "bw_samples" : 19,
        "iops_min" : 2044,
        "iops_max" : 2808,
        "iops_mean" : 2639.578947,
        "iops_stddev" : 188.137750,
        "iops_samples" : 19
      },
      "trim" : {
        "io_bytes" : 0,
        "io_kbytes" : 0,
        "bw_bytes" : 0,
        "bw" : 0,
        "iops" : 0.000000,
        "runtime" : 0,
        "total_ios" : 0,
        "short_ios" : 0,
        "drop_ios" : 0,
        "slat_ns" : {
          "min" : 0,
          "max" : 0,
          "mean" : 0.000000,
          "stddev" : 0.000000
        },
        "clat_ns" : {
          "min" : 0,
          "max" : 0,
          "mean" : 0.000000,
          "stddev" : 0.000000,
          "percentile" : {
            "1.000000" : 0,
            "5.000000" : 0,
            "10.000000" : 0,
            "20.000000" : 0,
            "30.000000" : 0,
            "40.000000" : 0,
            "50.000000" : 0,
            "60.000000" : 0,
            "70.000000" : 0,
            "80.000000" : 0,
            "90.000000" : 0,
            "95.000000" : 0,
            "99.000000" : 0,
            "99.500000" : 0,
            "99.900000" : 0,
            "99.950000" : 0,
            "99.990000" : 0
          }
        },
        "lat_ns" : {
          "min" : 0,
          "max" : 0,
          "mean" : 0.000000,
          "stddev" : 0.000000
        },
        "bw_min" : 0,
        "bw_max" : 0,
        "bw_agg" : 0.000000,
        "bw_mean" : 0.000000,
        "bw_dev" : 0.000000,
        "bw_samples" : 0,
        "iops_min" : 0,
        "iops_max" : 0,
        "iops_mean" : 0.000000,
        "iops_stddev" : 0.000000,
        "iops_samples" : 0
      },
      "sync" : {
        "lat_ns" : {
          "min" : 0,
          "max" : 0,
          "mean" : 0.000000,
          "stddev" : 0.000000,
          "percentile" : {
            "1.000000" : 0,
            "5.000000" : 0,
            "10.000000" : 0,
            "20.000000" : 0,
            "30.000000" : 0,
            "40.000000" : 0,
            "50.000000" : 0,
            "60.000000" : 0,
            "70.000000" : 0,
            "80.000000" : 0,
            "90.000000" : 0,
            "95.000000" : 0,
            "99.000000" : 0,
            "99.500000" : 0,
            "99.900000" : 0,
            "99.950000" : 0,
            "99.990000" : 0
          }
        },
        "total_ios" : 0
      },
      "job_runtime" : 10000,
      "usr_cpu" : 9.000000,
      "sys_cpu" : 22.630000,
      "ctx" : 262332,
      "majf" : 0,
      "minf" : 15,
      "iodepth_level" : {
        "1" : 0.000000,
        "2" : 0.000000,
        "4" : 0.000000,
        "8" : 0.000000,
        "16" : 100.000000,
        "32" : 0.000000,
        ">=64" : 0.000000
      },
      "iodepth_submit" : {
        "0" : 0.000000,
        "4" : 100.000000,
        "8" : 0.000000,
        "16" : 0.000000,
        "32" : 0.000000,
        "64" : 0.000000,
        ">=64" : 0.000000
      },
      "iodepth_complete" : {
        "0" : 0.000000,
        "4" : 99.999619,
        "8" : 0.000000,
        "16" : 0.000000,
        "32" : 0.100000,
        "64" : 0.000000,
        ">=64" : 0.000000
      },
      "latency_ns" : {
        "2" : 0.000000,
        "4" : 0.000000,
        "10" : 0.000000,
        "20" : 0.000000,
        "50" : 0.000000,
        "100" : 0.000000,
        "250" : 0.000000,
        "500" : 0.000000,
        "750" : 0.000000,
        "1000" : 0.000000
      },
      "latency_us" : {
        "2" : 0.000000,
        "4" : 0.000000,
        "10" : 0.000000,
        "20" : 0.000000,
        "50" : 0.032765,
        "100" : 0.226685,
        "250" : 1.357823,
        "500" : 3.808686,
        "750" : 44.042762,
        "1000" : 41.364452
      },
      "latency_ms" : {
        "2" : 6.225260,
        "4" : 2.863848,
        "10" : 0.077340,
        "20" : 0.010000,
        "50" : 0.000000,
        "100" : 0.000000,
        "250" : 0.000000,
        "500" : 0.000000,
        "750" : 0.000000,
        "1000" : 0.000000,
        "2000" : 0.000000,
        ">=2000" : 0.000000
      },
      "latency_depth" : 22,
      "latency_target" : 0,
      "latency_percentile" : 100.000000,
      "latency_window" : 0,
      "hostname" : "192.168.0.23",