

{
  "fio version" : "fio-3.15",
  "timestamp" : 1586491803,
  "time" : "Thu Apr  9 21:10:03 2020",
  "global options" : {
    "direct" : "1",
    "iodepth" : "22",
    "ioengine" : "libaio",
    "runtime" : "10",
    "time_based" : "1",
    "ramp_time" : "5",
    "size" : "5g",
    "numjobs" : "1",
    "rw" : "rw",
    "bs" : "16k",
    "rwmixread" : "90",
    "rwmixwrite" : "10"
  },
  "client_stats" : [
    {
      "jobname" : "rw_bw_test",
      "groupid" : 0,
      "error" : 0,
      "job options" : {
        "name" : "rw_bw_test",
        "filename" : "/mnt/INTEL_SSDSC2BW480H6_xfs/test.dat"
      },
      "read" : {
        "io_bytes" : 3997253632,
        "io_kbytes" : 3903568,
        "bw_bytes" : 399605481,
        "bw" : 390239,
        "iops" : 24387.983605,
        "runtime" : 10003,
        "total_ios" : 243953,
        "short_ios" : 0,
        "drop_ios" : 0,
        "slat_ns" : {
          "min" : 4096,
          "max" : 68754,
          "mean" : 9170.173869,
          "stddev" : 5355.989956
        },
        "clat_ns" : {
          "min" : 144681,
          "max" : 6387891,
          "mean" : 832147.339849,
          "stddev" : 373508.390910,
          "percentile" : {
            "1.000000" : 634880,
            "5.000000" : 675840,
            "10.000000" : 692224,
            "20.000000" : 708608,
            "30.000000" : 724992,
            "40.000000" : 733184,
            "50.000000" : 749568,
            "60.000000" : 757760,
            "70.000000" : 774144,
            "80.000000" : 806912,
            "90.000000" : 905216,
            "95.000000" : 1286144,
            "99.000000" : 3096576,
            "99.500000" : 3358720,
            "99.900000" : 3522560,
            "99.950000" : 3588096,
            "99.990000" : 3751936
          }
        },
        "lat_ns" : {
          "min" : 151664,
          "max" : 6395759,
          "mean" : 841538.397868,
          "stddev" : 373458.744176
        },
        "bw_min" : 384576,
        "bw_max" : 402650,
        "bw_agg" : 100.000000,
        "bw_mean" : 390246.450000,
        "bw_dev" : 4961.464072,
        "bw_samples" : 20,
        "iops_min" : 24036,
        "iops_max" : 25165,
        "iops_mean" : 24390.350000,
        "iops_stddev" : 309.982559,
        "iops_samples" : 20
      },
      "write" : {
        "io_bytes" : 448135168,
        "io_kbytes" : 437632,
        "bw_bytes" : 44800076,
        "bw" : 43750,
        "iops" : 2734.179746,
        "runtime" : 10003,
        "total_ios" : 27350,
        "short_ios" : 0,
        "drop_ios" : 0,
        "slat_ns" : {
          "min" : 6371,
          "max" : 65367,
          "mean" : 13714.037038,
          "stddev" : 7087.680399
        },
        "clat_ns" : {
          "min" : 54390,
          "max" : 5149363,
          "mean" : 513942.483858,
          "stddev" : 288701.142191,
          "percentile" : {
            "1.000000" : 89600,
            "5.000000" : 160768,
            "10.000000" : 220160,
            "20.000000" : 317440,
            "30.000000" : 399360,
            "40.000000" : 456704,
            "50.000000" : 514048,
            "60.000000" : 569344,
            "70.000000" : 610304,
            "80.000000" : 651264,
            "90.000000" : 700416,
            "95.000000" : 741376,
            "99.000000" : 1875968,
            "99.500000" : 2375680,
            "99.900000" : 3293184,
            "99.950000" : 3424256,
            "99.990000" : 4079616
          }
        },
        "lat_ns" : {
          "min" : 68025,
          "max" : 5160755,
          "mean" : 527909.779533,
          "stddev" : 288417.026146
        },
        "bw_min" : 41888,
        "bw_max" : 46051,
        "bw_agg" : 100.000000,
        "bw_mean" : 43750.850000,
        "bw_dev" : 1301.656324,
        "bw_samples" : 20,
        "iops_min" : 2618,
        "iops_max" : 2878,
        "iops_mean" : 2734.400000,
        "iops_stddev" : 81.319642,
        "iops_samples" : 20
      },
      "trim" : {
        "io_bytes" : 0,
        "io_kbytes" : 0,
        "bw_bytes" : 0,
        "bw" : 0,
        "iops" : 0.000000,
        "runtime" : 0,
        "total_ios" : 0,
        "short_ios" : 0,
        "drop_ios" : 0,
        "slat_ns" : {
          "min" : 0,
          "max" : 0,
          "mean" : 0.000000,
          "stddev" : 0.000000
        },
        "clat_ns" : {
          "min" : 0,
          "max" : 0,
          "mean" : 0.000000,
          "stddev" : 0.000000,
          "percentile" : {
            "1.000000" : 0,
            "5.000000" : 0,
            "10.000000" : 0,
            "20.000000" : 0,
            "30.000000" : 0,
            "40.000000" : 0,
            "50.000000" : 0,
            "60.000000" : 0,
            "70.000000" : 0,
            "80.000000" : 0,
            "90.000000" : 0,
            "95.000000" : 0,
            "99.000000" : 0,
            "99.500000" : 0,
            "99.900000" : 0,
            "99.950000" : 0,
            "99.990000" : 0
          }
        },
        "lat_ns" : {
          "min" : 0,
          "max" : 0,
          "mean" : 0.000000,
          "stddev" : 0.000000
        },
        "bw_min" : 0,
        "bw_max" : 0,
        "bw_agg" : 0.000000,
        "bw_mean" : 0.000000,
        "bw_dev" : 0.000000,
        "bw_samples" : 0,
        "iops_min" : 0,
        "iops_max" : 0,
        "iops_mean" : 0.000000,
        "iops_stddev" : 0.000000,
        "iops_samples" : 0
      },
      "sync" : {
        "lat_ns" : {
          "min" : 0,
          "max" : 0,
          "mean" : 0.000000,
          "stddev" : 0.000000,
          "percentile" : {
            "1.000000" : 0,
            "5.000000" : 0,
            "10.000000" : 0,
            "20.000000" : 0,
            "30.000000" : 0,
            "40.000000" : 0,
            "50.000000" : 0,
            "60.000000" : 0,
            "70.000000" : 0,
            "80.000000" : 0,
            "90.000000" : 0,
            "95.000000" : 0,
            "99.000000" : 0,
            "99.500000" : 0,
            "99.900000" : 0,
            "99.950000" : 0,
            "99.990000" : 0
          }
        },
        "total_ios" : 0
      },
      "job_runtime" : 10002,
      "usr_cpu" : 11.387722,
      "sys_cpu" : 35.752849,
      "ctx" : 232296,
      "majf" : 0,
      "minf" : 15,
      "iodepth_level" : {
        "1" : 0.000000,
        "2" : 0.000000,
        "4" : 0.000000,
        "8" : 0.000000,
        "16" : 100.000000,
        "32" : 0.000000,
        ">=64" : 0.000000
      },
      "iodepth_submit" : {
        "0" : 0.000000,
        "4" : 100.000000,
        "8" : 0.000000,
        "16" : 0.000000,
        "32" : 0.000000,
        "64" : 0.000000,
        ">=64" : 0.000000
      },
      "iodepth_complete" : {
        "0" : 0.000000,
        "4" : 99.999631,
        "8" : 0.000000,
        "16" : 0.000000,
        "32" : 0.100000,
        "64" : 0.000000,
        ">=64" : 0.000000
      },
      "latency_ns" : {
        "2" : 0.000000,
        "4" : 0.000000,
        "10" : 0.000000,
        "20" : 0.000000,
        "50" : 0.000000,
        "100" : 0.000000,
        "250" : 0.000000,
        "500" : 0.000000,
        "750" : 0.000000,
        "1000" : 0.000000
      },
      "latency_us" : {
        "2" : 0.000000,
        "4" : 0.000000,
        "10" : 0.000000,
        "20" : 0.000000,
        "50" : 0.000000,
        "100" : 0.133062,
        "250" : 1.205294,
        "500" : 3.654954,
        "750" : 52.066509,
        "1000" : 36.928821
      },
      "latency_ms" : {
        "2" : 3.409841,
        "4" : 2.601151,
        "10" : 0.010000,
        "20" : 0.000000,
        "50" : 0.000000,
        "100" : 0.000000,
        "250" : 0.000000,
        "500" : 0.000000,
        "750" : 0.000000,
        "1000" : 0.000000,
        "2000" : 0.000000,
        ">=2000" : 0.000000
      },
      "latency_depth" : 22,
      "latency_target" : 0,
      "latency_percentile" : 100.000000,
      "latency_window" : 0,