

{
  "fio version" : "fio-3.15",
  "timestamp" : 1586491912,
  "time" : "Thu Apr  9 21:11:52 2020",
  "global options" : {
    "direct" : "1",
    "iodepth" : "22",
    "ioengine" : "libaio",
    "runtime" : "10",
    "time_based" : "1",
    "ramp_time" : "5",
    "size" : "5g",
    "numjobs" : "1",
    "rw" : "rw",
    "bs" : "1024k",
    "rwmixread" : "90",
    "rwmixwrite" : "10"
  },
  "client_stats" : [
    {
      "jobname" : "rw_bw_test",
      "groupid" : 0,
      "error" : 0,
      "job options" : {
        "name" : "rw_bw_test",
        "filename" : "/mnt/INTEL_SSDSC2BW480H6_xfs/test.dat"
      },
      "read" : {
        "io_bytes" : 4212129792,
        "io_kbytes" : 4113408,
        "bw_bytes" : 419367761,
        "bw" : 409538,
        "iops" : 398.048586,
        "runtime" : 10044,
        "total_ios" : 3998,
        "short_ios" : 0,
        "drop_ios" : 0,
        "slat_ns" : {
          "min" : 27728,
          "max" : 116617,
          "mean" : 76324.504752,
          "stddev" : 5764.649283
        },
        "clat_ns" : {
          "min" : 40498752,
          "max" : 149884920,
          "mean" : 51553486.032362,
          "stddev" : 11299622.043667,
          "percentile" : {
            "1.000000" : 42205184,
            "5.000000" : 43778048,
            "10.000000" : 43778048,
            "20.000000" : 45350912,
            "30.000000" : 46399488,
            "40.000000" : 47448064,
            "50.000000" : 48496640,
            "60.000000" : 50069504,
            "70.000000" : 51118080,
            "80.000000" : 53739520,
            "90.000000" : 62128128,
            "95.000000" : 69730304,
            "99.000000" : 112721920,
            "99.500000" : 124256256,
            "99.900000" : 141557760,
            "99.950000" : 141557760,
            "99.990000" : 149946368
          }
        },
        "lat_ns" : {
          "min" : 40572622,
          "max" : 149966987,
          "mean" : 51630609.138163,
          "stddev" : 11299740.124000
        },
        "bw_min" : 208896,
        "bw_max" : 460800,
        "bw_agg" : 99.932973,
        "bw_mean" : 409263.500000,
        "bw_dev" : 57696.378559,
        "bw_samples" : 20,
        "iops_min" : 204,
        "iops_max" : 450,
        "iops_mean" : 399.650000,
        "iops_stddev" : 56.333850,
        "iops_samples" : 20
      },
      "write" : {
        "io_bytes" : 486539264,
        "io_kbytes" : 475136,
        "bw_bytes" : 48440786,
        "bw" : 47305,
        "iops" : 45.997611,
        "runtime" : 10044,
        "total_ios" : 462,
        "short_ios" : 0,
        "drop_ios" : 0,
        "slat_ns" : {
          "min" : 81598,
          "max" : 139097,
          "mean" : 101488.887446,
          "stddev" : 8645.821077
        },
        "clat_ns" : {
          "min" : 4398185,
          "max" : 79048828,
          "mean" : 30345656.034483,
          "stddev" : 12379918.759312,
          "percentile" : {
            "1.000000" : 5144576,
            "5.000000" : 8093696,
            "10.000000" : 11993088,
            "20.000000" : 17956864,
            "30.000000" : 23724032,
            "40.000000" : 28442624,
            "50.000000" : 31588352,
            "60.000000" : 35913728,
            "70.000000" : 39059456,
            "80.000000" : 42205184,
            "90.000000" : 44826624,
            "95.000000" : 46923776,
            "99.000000" : 51642368,
            "99.500000" : 55312384,
            "99.900000" : 79167488,
            "99.950000" : 79167488,
            "99.990000" : 79167488
          }
        },
        "lat_ns" : {
          "min" : 4499498,
          "max" : 79151615,
          "mean" : 30447855.336207,
          "stddev" : 12380409.939757
        },
        "bw_min" : 24576,
        "bw_max" : 67584,
        "bw_agg" : 99.976747,
        "bw_mean" : 47294.000000,
        "bw_dev" : 10790.467211,
        "bw_samples" : 20,
        "iops_min" : 24,
        "iops_max" : 66,
        "iops_mean" : 46.050000,
        "iops_stddev" : 10.520531,
        "iops_samples" : 20
      },
      "trim" : {
        "io_bytes" : 0,
        "io_kbytes" : 0,
        "bw_bytes" : 0,
        "bw" : 0,
        "iops" : 0.000000,
        "runtime" : 0,
        "total_ios" : 0,
        "short_ios" : 0,
        "drop_ios" : 0,
        "slat_ns" : {
          "min" : 0,
          "max" : 0,
          "mean" : 0.000000,
          "stddev" : 0.000000
        },
        "clat_ns" : {
          "min" : 0,
          "max" : 0,
          "mean" : 0.000000,
          "stddev" : 0.000000,
          "percentile" : {
            "1.000000" : 0,
            "5.000000" : 0,
            "10.000000" : 0,
            "20.000000" : 0,
            "30.000000" : 0,
            "40.000000" : 0,
            "50.000000" : 0,
            "60.000000" : 0,
            "70.000000" : 0,
            "80.000000" : 0,
            "90.000000" : 0,
            "95.000000" : 0,
            "99.000000" : 0,
            "99.500000" : 0,
            "99.900000" : 0,
            "99.950000" : 0,
            "99.990000" : 0
          }
        },
        "lat_ns" : {
          "min" : 0,
          "max" : 0,
          "mean" : 0.000000,
          "stddev" : 0.000000
        },
        "bw_min" : 0,
        "bw_max" : 0,
        "bw_agg" : 0.000000,
        "bw_mean" : 0.000000,
        "bw_dev" : 0.000000,
        "bw_samples" : 0,
        "iops_min" : 0,
        "iops_max" : 0,
        "iops_mean" : 0.000000,
        "iops_stddev" : 0.000000,
        "iops_samples" : 0
      },
      "sync" : {
        "lat_ns" : {
          "min" : 0,
          "max" : 0,
          "mean" : 0.000000,
          "stddev" : 0.000000,
          "percentile" : {
            "1.000000" : 0,
            "5.000000" : 0,
            "10.000000" : 0,
            "20.000000" : 0,
            "30.000000" : 0,
            "40.000000" : 0,
            "50.000000" : 0,
            "60.000000" : 0,
            "70.000000" : 0,
            "80.000000" : 0,
            "90.000000" : 0,
            "95.000000" : 0,
            "99.000000" : 0,
            "99.500000" : 0,
            "99.900000" : 0,
            "99.950000" : 0,
            "99.990000" : 0
          }
        },
        "total_ios" : 0
      },
      "job_runtime" : 10043,
      "usr_cpu" : 0.706960,
      "sys_cpu" : 4.082445,
      "ctx" : 4482,
      "majf" : 0,
      "minf" : 15,
      "iodepth_level" : {
        "1" : 0.000000,
        "2" : 0.000000,
        "4" : 0.000000,
        "8" : 0.000000,
        "16" : 100.000000,
        "32" : 0.000000,
        ">=64" : 0.000000
      },
      "iodepth_submit" : {
        "0" : 0.000000,
        "4" : 100.000000,
        "8" : 0.000000,
        "16" : 0.000000,
        "32" : 0.000000,
        "64" : 0.000000,
        ">=64" : 0.000000
      },
      "iodepth_complete" : {
        "0" : 0.000000,
        "4" : 99.977584,
        "8" : 0.000000,
        "16" : 0.000000,
        "32" : 0.100000,
        "64" : 0.000000,
        ">=64" : 0.000000
      },
      "latency_ns" : {
        "2" : 0.000000,
        "4" : 0.000000,
        "10" : 0.000000,
        "20" : 0.000000,
        "50" : 0.000000,
        "100" : 0.000000,
        "250" : 0.000000,
        "500" : 0.000000,
        "750" : 0.000000,
        "1000" : 0.000000
      },
      "latency_us" : {
        "2" : 0.000000,
        "4" : 0.000000,
        "10" : 0.000000,
        "20" : 0.000000,
        "50" : 0.000000,
        "100" : 0.000000,
        "250" : 0.000000,
        "500" : 0.000000,
        "750" : 0.000000,
        "1000" : 0.000000
      },
      "latency_ms" : {
        "2" : 0.000000,
        "4" : 0.000000,
        "10" : 0.762332,
        "20" : 1.748879,
        "50" : 61.995516,
        "100" : 34.686099,
        "250" : 1.278027,
        "500" : 0.000000,
        "750" : 0.000000,
        "1000" : 0.000000,
        "2000" : 0.000000,
        ">=2000" : 0.000000
      },
      "latency_depth" : 22,
      "latency_target" : 0,