{
  "fio version" : "fio-3.15",
  "timestamp" : 1585710666,
  "timestamp_ms" : 1585710666156,
  "time" : "Tue Mar 31 20:11:06 2020",
  "global options" : {
    "direct" : "1",
    "iodepth" : "8",
    "ioengine" : "libaio",
    "runtime" : "60",
    "time_based" : "1",
    "ramp_time" : "5",
    "size" : "1g",
    "numjobs" : "1",
    "rw" : "rw",
    "bs" : "4k",
    "rwmixread" : "90",
    "rwmixwrite" : "10"
  },
  "jobs" : [
    {
      "jobname" : "read_bw_test",
      "groupid" : 0,
      "error" : 0,
      "eta" : 0,
      "elapsed" : 66,
      "job options" : {
        "name" : "read_bw_test",
        "filename" : "/mnt/xfs/testdir/testfio"
      },
      "read" : {
        "io_bytes" : 2651930624,
        "io_kbytes" : 2589776,
        "bw_bytes" : 44198107,
        "bw" : 43162,
        "iops" : 10790.420160,
        "runtime" : 60001,
        "total_ios" : 647436,
        "short_ios" : 0,
        "drop_ios" : 0,
        "slat_ns" : {
          "min" : 4292,
          "max" : 19209827,
          "mean" : 69228.627800,
          "stddev" : 123229.103410
        },
        "clat_ns" : {
          "min" : 31552,
          "max" : 35994669,
          "mean" : 604264.852073,
          "stddev" : 927387.430361,
          "percentile" : {
            "1.000000" : 333824,
            "5.000000" : 374784,
            "10.000000" : 399360,
            "20.000000" : 432128,
            "30.000000" : 456704,
            "40.000000" : 485376,
            "50.000000" : 518144,
            "60.000000" : 569344,
            "70.000000" : 626688,
            "80.000000" : 675840,
            "90.000000" : 741376,
            "95.000000" : 798720,
            "99.000000" : 1105920,
            "99.500000" : 1875968,
            "99.900000" : 21102592,
            "99.950000" : 22675456,
            "99.990000" : 26345472
          }
        },
        "lat_ns" : {
          "min" : 205487,
          "max" : 36072272,
          "mean" : 674582.428044,
          "stddev" : 933424.915612
        },
        "bw_min" : 31536,
        "bw_max" : 59544,
        "bw_agg" : 99.975905,
        "bw_mean" : 43151.600000,
        "bw_dev" : 7061.353725,
        "bw_samples" : 120,
        "iops_min" : 7884,
        "iops_max" : 14886,
        "iops_mean" : 10787.858333,
        "iops_stddev" : 1765.323044,
        "iops_samples" : 120
      },
      "write" : {
        "io_bytes" : 295804928,
        "io_kbytes" : 288872,
        "bw_bytes" : 4929999,
        "bw" : 4814,
        "iops" : 1203.613273,
        "runtime" : 60001,
        "total_ios" : 72218,
        "short_ios" : 0,
        "drop_ios" : 0,
        "slat_ns" : {
          "min" : 10772,
          "max" : 20955890,
          "mean" : 81968.452380,
          "stddev" : 162862.094016
        },
        "clat_ns" : {
          "min" : 1697,
          "max" : 22325374,
          "mean" : 485142.500249,
          "stddev" : 378441.122291,
          "percentile" : {
            "1.000000" : 144384,
            "5.000000" : 268288,
            "10.000000" : 309248,
            "20.000000" : 350208,
            "30.000000" : 374784,
            "40.000000" : 399360,
            "50.000000" : 428032,
            "60.000000" : 477184,
            "70.000000" : 561152,
            "80.000000" : 626688,
            "90.000000" : 692224,
            "95.000000" : 741376,
            "99.000000" : 864256,
            "99.500000" : 921600,
            "99.900000" : 5079040,
            "99.950000" : 8978432,
            "99.990000" : 13565952
          }
        },
        "lat_ns" : {
          "min" : 93137,
          "max" : 22336680,
          "mean" : 568065.525395,
          "stddev" : 409151.025116
        },
        "bw_min" : 3136,
        "bw_max" : 6664,
        "bw_agg" : 99.982862,
        "bw_mean" : 4813.175000,
        "bw_dev" : 796.353946,
        "bw_samples" : 120,
        "iops_min" : 784,
        "iops_max" : 1666,
        "iops_mean" : 1203.250000,
        "iops_stddev" : 199.082612,
        "iops_samples" : 120
      },
      "trim" : {
        "io_bytes" : 0,
        "io_kbytes" : 0,
        "bw_bytes" : 0,
        "bw" : 0,
        "iops" : 0.000000,
        "runtime" : 0,
        "total_ios" : 0,
        "short_ios" : 0,
        "drop_ios" : 0,
        "slat_ns" : {
          "min" : 0,
          "max" : 0,
          "mean" : 0.000000,
          "stddev" : 0.000000
        },
        "clat_ns" : {
          "min" : 0,
          "max" : 0,
          "mean" : 0.000000,
          "stddev" : 0.000000,
          "percentile" : {
            "1.000000" : 0,
            "5.000000" : 0,
            "10.000000" : 0,
            "20.000000" : 0,
            "30.000000" : 0,
            "40.000000" : 0,
            "50.000000" : 0,
            "60.000000" : 0,
            "70.000000" : 0,
            "80.000000" : 0,
            "90.000000" : 0,
            "95.000000" : 0,
            "99.000000" : 0,
            "99.500000" : 0,
            "99.900000" : 0,
            "99.950000" : 0,
            "99.990000" : 0
          }
        },
        "lat_ns" : {
          "min" : 0,
          "max" : 0,
          "mean" : 0.000000,
          "stddev" : 0.000000
        },
        "bw_min" : 0,
        "bw_max" : 0,
        "bw_agg" : 0.000000,
        "bw_mean" : 0.000000,
        "bw_dev" : 0.000000,
        "bw_samples" : 0,
        "iops_min" : 0,
        "iops_max" : 0,
        "iops_mean" : 0.000000,
        "iops_stddev" : 0.000000,
        "iops_samples" : 0
      },
      "sync" : {
        "lat_ns" : {
          "min" : 0,
          "max" : 0,
          "mean" : 0.000000,
          "stddev" : 0.000000,
          "percentile" : {
            "1.000000" : 0,
            "5.000000" : 0,
            "10.000000" : 0,
            "20.000000" : 0,
            "30.000000" : 0,
            "40.000000" : 0,
            "50.000000" : 0,
            "60.000000" : 0,
            "70.000000" : 0,
            "80.000000" : 0,
            "90.000000" : 0,
            "95.000000" : 0,
            "99.000000" : 0,
            "99.500000" : 0,
            "99.900000" : 0,
            "99.950000" : 0,
            "99.990000" : 0
          }
        },
        "total_ios" : 0
      },
      "job_runtime" : 60000,
      "usr_cpu" : 1.260000,
      "sys_cpu" : 90.680000,
      "ctx" : 13476,
      "majf" : 0,
      "minf" : 16,
      "iodepth_level" : {
        "1" : 0.000000,
        "2" : 0.000000,
        "4" : 0.000000,
        "8" : 100.000000,
        "16" : 0.000000,
        "32" : 0.000000,
        ">=64" : 0.000000
      },
      "iodepth_submit" : {
        "0" : 0.000000,
        "4" : 100.000000,
        "8" : 0.000000,
        "16" : 0.000000,
        "32" : 0.000000,
        "64" : 0.000000,
        ">=64" : 0.000000
      },
      "iodepth_complete" : {
        "0" : 0.000000,
        "4" : 99.999861,
        "8" : 0.100000,
        "16" : 0.000000,
        "32" : 0.000000,
        "64" : 0.000000,
        ">=64" : 0.000000
      },
      "latency_ns" : {
        "2" : 0.000000,
        "4" : 0.000000,
        "10" : 0.000000,
        "20" : 0.000000,
        "50" : 0.000000,
        "100" : 0.000000,
        "250" : 0.000000,
        "500" : 0.000000,
        "750" : 0.000000,
        "1000" : 0.000000
      },
      "latency_us" : {
        "2" : 0.010000,
        "4" : 0.010000,
        "10" : 0.000000,
        "20" : 0.000000,
        "50" : 0.010000,
        "100" : 0.020982,
        "250" : 0.369066,
        "500" : 46.458576,
        "750" : 44.416206,
        "1000" : 7.547516
      },
      "latency_ms" : {
        "2" : 0.726043,
        "4" : 0.072952,
        "10" : 0.207461,
        "20" : 0.077259,
        "50" : 0.101716,
        "100" : 0.000000,
        "250" : 0.000000,
        "500" : 0.000000,
        "750" : 0.000000,
        "1000" : 0.000000,
        "2000" : 0.000000,
        ">=2000" : 0.000000
      },
      "latency_depth" : 8,
      "latency_target" : 0,