{
  "fio version" : "fio-3.15",
  "timestamp" : 1585711126,
  "timestamp_ms" : 1585711126791,
  "time" : "Tue Mar 31 20:18:46 2020",
  "global options" : {
    "direct" : "1",
    "iodepth" : "8",
    "ioengine" : "libaio",
    "runtime" : "60",
    "time_based" : "1",
    "ramp_time" : "5",
    "size" : "1g",
    "numjobs" : "1",
    "rw" : "rw",
    "bs" : "512k",
    "rwmixread" : "90",
    "rwmixwrite" : "10"
  },
  "jobs" : [
    {
      "jobname" : "read_bw_test",
      "groupid" : 0,
      "error" : 0,
      "eta" : 0,
      "elapsed" : 66,
      "job options" : {
        "name" : "read_bw_test",
        "filename" : "/mnt/xfs/testdir/testfio"
      },
      "read" : {
        "io_bytes" : 15136194560,
        "io_kbytes" : 14781440,
        "bw_bytes" : 252211060,
        "bw" : 246299,
        "iops" : 480.921118,
        "runtime" : 60014,
        "total_ios" : 28862,
        "short_ios" : 0,
        "drop_ios" : 0,
        "slat_ns" : {
          "min" : 35215,
          "max" : 21111242,
          "mean" : 127893.675813,
          "stddev" : 232639.528262
        },
        "clat_ns" : {
          "min" : 249028,
          "max" : 53133889,
          "mean" : 16421496.688420,
          "stddev" : 4233979.603462,
          "percentile" : {
            "1.000000" : 9109504,
            "5.000000" : 13828096,
            "10.000000" : 14352384,
            "20.000000" : 14483456,
            "30.000000" : 14614528,
            "40.000000" : 14614528,
            "50.000000" : 14745600,
            "60.000000" : 14745600,
            "70.000000" : 15007744,
            "80.000000" : 15925248,
            "90.000000" : 24248320,
            "95.000000" : 25034752,
            "99.000000" : 26607616,
            "99.500000" : 28966912,
            "99.900000" : 38535168,
            "99.950000" : 41680896,
            "99.990000" : 49020928
          }
        },
        "lat_ns" : {
          "min" : 305528,
          "max" : 53307978,
          "mean" : 16551095.849319,
          "stddev" : 4227309.799871
        },
        "bw_min" : 230962,
        "bw_max" : 261120,
        "bw_agg" : 99.944820,
        "bw_mean" : 246163.091667,
        "bw_dev" : 5945.880274,
        "bw_samples" : 120,
        "iops_min" : 451,
        "iops_max" : 510,
        "iops_mean" : 480.775000,
        "iops_stddev" : 11.622539,
        "iops_samples" : 120
      },
      "write" : {
        "io_bytes" : 1682964480,
        "io_kbytes" : 1643520,
        "bw_bytes" : 28042864,
        "bw" : 27385,
        "iops" : 53.487520,
        "runtime" : 60014,
        "total_ios" : 3210,
        "short_ios" : 0,
        "drop_ios" : 0,
        "slat_ns" : {
          "min" : 39535,
          "max" : 9335928,
          "mean" : 139110.558567,
          "stddev" : 249423.483169
        },
        "clat_ns" : {
          "min" : 6303,
          "max" : 26106276,
          "mean" : 547764.981931,
          "stddev" : 1120197.796353,
          "percentile" : {
            "1.000000" : 197632,
            "5.000000" : 207872,
            "10.000000" : 214016,
            "20.000000" : 230400,
            "30.000000" : 257024,
            "40.000000" : 301056,
            "50.000000" : 342016,
            "60.000000" : 577536,
            "70.000000" : 634880,
            "80.000000" : 675840,
            "90.000000" : 724992,
            "95.000000" : 1036288,
            "99.000000" : 2539520,
            "99.500000" : 4112384,
            "99.900000" : 23986176,
            "99.950000" : 23986176,
            "99.990000" : 26083328
          }
        },
        "lat_ns" : {
          "min" : 245065,
          "max" : 26200886,
          "mean" : 688671.958567,
          "stddev" : 1200872.194862
        },
        "bw_min" : 13312,
        "bw_max" : 38912,
        "bw_agg" : 99.969052,
        "bw_mean" : 27376.525000,
        "bw_dev" : 4237.223355,
        "bw_samples" : 120,
        "iops_min" : 26,
        "iops_max" : 76,
        "iops_mean" : 53.233333,
        "iops_stddev" : 8.271378,
        "iops_samples" : 120
      },
      "trim" : {
        "io_bytes" : 0,
        "io_kbytes" : 0,
        "bw_bytes" : 0,
        "bw" : 0,
        "iops" : 0.000000,
        "runtime" : 0,
        "total_ios" : 0,
        "short_ios" : 0,
        "drop_ios" : 0,
        "slat_ns" : {
          "min" : 0,
          "max" : 0,
          "mean" : 0.000000,
          "stddev" : 0.000000
        },
        "clat_ns" : {
          "min" : 0,
          "max" : 0,
          "mean" : 0.000000,
          "stddev" : 0.000000,
          "percentile" : {
            "1.000000" : 0,
            "5.000000" : 0,
            "10.000000" : 0,
            "20.000000" : 0,
            "30.000000" : 0,
            "40.000000" : 0,
            "50.000000" : 0,
            "60.000000" : 0,
            "70.000000" : 0,
            "80.000000" : 0,
            "90.000000" : 0,
            "95.000000" : 0,
            "99.000000" : 0,
            "99.500000" : 0,
            "99.900000" : 0,
            "99.950000" : 0,
            "99.990000" : 0
          }
        },
        "lat_ns" : {
          "min" : 0,
          "max" : 0,
          "mean" : 0.000000,
          "stddev" : 0.000000
        },
        "bw_min" : 0,
        "bw_max" : 0,
        "bw_agg" : 0.000000,
        "bw_mean" : 0.000000,
        "bw_dev" : 0.000000,
        "bw_samples" : 0,
        "iops_min" : 0,
        "iops_max" : 0,
        "iops_mean" : 0.000000,
        "iops_stddev" : 0.000000,
        "iops_samples" : 0
      },
      "sync" : {
        "lat_ns" : {
          "min" : 0,
          "max" : 0,
          "mean" : 0.000000,
          "stddev" : 0.000000,
          "percentile" : {
            "1.000000" : 0,
            "5.000000" : 0,
            "10.000000" : 0,
            "20.000000" : 0,
            "30.000000" : 0,
            "40.000000" : 0,
            "50.000000" : 0,
            "60.000000" : 0,
            "70.000000" : 0,
            "80.000000" : 0,
            "90.000000" : 0,
            "95.000000" : 0,
            "99.000000" : 0,
            "99.500000" : 0,
            "99.900000" : 0,
            "99.950000" : 0,
            "99.990000" : 0
          }
        },
        "total_ios" : 0
      },
      "job_runtime" : 60013,
      "usr_cpu" : 0.646527,
      "sys_cpu" : 7.798310,
      "ctx" : 31345,
      "majf" : 0,
      "minf" : 16,
      "iodepth_level" : {
        "1" : 0.000000,
        "2" : 0.000000,
        "4" : 0.000000,
        "8" : 100.000000,
        "16" : 0.000000,
        "32" : 0.000000,
        ">=64" : 0.000000
      },
      "iodepth_submit" : {
        "0" : 0.000000,
        "4" : 100.000000,
        "8" : 0.000000,
        "16" : 0.000000,
        "32" : 0.000000,
        "64" : 0.000000,
        ">=64" : 0.000000
      },
      "iodepth_complete" : {
        "0" : 0.000000,
        "4" : 99.996882,
        "8" : 0.100000,
        "16" : 0.000000,
        "32" : 0.000000,
        "64" : 0.000000,
        ">=64" : 0.000000
      },
      "latency_ns" : {
        "2" : 0.000000,
        "4" : 0.000000,
        "10" : 0.000000,
        "20" : 0.000000,
        "50" : 0.000000,
        "100" : 0.000000,
        "250" : 0.000000,
        "500" : 0.000000,
        "750" : 0.000000,
        "1000" : 0.000000
      },
      "latency_us" : {
        "2" : 0.000000,
        "4" : 0.000000,
        "10" : 0.010000,
        "20" : 0.000000,
        "50" : 0.000000,
        "100" : 0.010000,
        "250" : 2.806186,
        "500" : 2.999501,
        "750" : 3.445373,
        "1000" : 0.355450
      },
      "latency_ms" : {
        "2" : 0.392866,
        "4" : 0.208905,
        "10" : 0.857446,
        "20" : 72.203168,
        "50" : 16.740459,
        "100" : 0.010000,
        "250" : 0.000000,
        "500" : 0.000000,
        "750" : 0.000000,
        "1000" : 0.000000,
        "2000" : 0.000000,
        ">=2000" : 0.000000
      },
      "latency_depth" : 8,