{
  "fio version" : "fio-3.15",
  "timestamp" : 1585710995,
  "timestamp_ms" : 1585710995123,
  "time" : "Tue Mar 31 20:16:35 2020",
  "global options" : {
    "direct" : "1",
    "iodepth" : "8",
    "ioengine" : "libaio",
    "runtime" : "60",
    "time_based" : "1",
    "ramp_time" : "5",
    "size" : "1g",
    "numjobs" : "1",
    "rw" : "rw",
    "bs" : "128k",
    "rwmixread" : "90",
    "rwmixwrite" : "10"
  },
  "jobs" : [
    {
      "jobname" : "read_bw_test",
      "groupid" : 0,
      "error" : 0,
      "eta" : 0,
      "elapsed" : 66,
      "job options" : {
        "name" : "read_bw_test",
        "filename" : "/mnt/xfs/testdir/testfio"
      },
      "read" : {
        "io_bytes" : 14822014976,
        "io_kbytes" : 14474624,
        "bw_bytes" : 247017115,
        "bw" : 241227,
        "iops" : 1884.474368,
        "runtime" : 60004,
        "total_ios" : 113076,
        "short_ios" : 0,
        "drop_ios" : 0,
        "slat_ns" : {
          "min" : 11797,
          "max" : 13059421,
          "mean" : 50195.108246,
          "stddev" : 135126.105692
        },
        "clat_ns" : {
          "min" : 38958,
          "max" : 29963061,
          "mean" : 4161817.501738,
          "stddev" : 2300633.131456,
          "percentile" : {
            "1.000000" : 2056192,
            "5.000000" : 3194880,
            "10.000000" : 3489792,
            "20.000000" : 3588096,
            "30.000000" : 3653632,
            "40.000000" : 3653632,
            "50.000000" : 3686400,
            "60.000000" : 3719168,
            "70.000000" : 3719168,
            "80.000000" : 3751936,
            "90.000000" : 3850240,
            "95.000000" : 9895936,
            "99.000000" : 14614528,
            "99.500000" : 15269888,
            "99.900000" : 17432576,
            "99.950000" : 20316160,
            "99.990000" : 26869760
          }
        },
        "lat_ns" : {
          "min" : 145182,
          "max" : 30059385,
          "mean" : 4213031.090128,
          "stddev" : 2300619.707108
        },
        "bw_min" : 227840,
        "bw_max" : 251401,
        "bw_agg" : 99.960725,
        "bw_mean" : 241132.258333,
        "bw_dev" : 5001.429650,
        "bw_samples" : 120,
        "iops_min" : 1780,
        "iops_max" : 1964,
        "iops_mean" : 1883.808333,
        "iops_stddev" : 39.075943,
        "iops_samples" : 120
      },
      "write" : {
        "io_bytes" : 1631977472,
        "io_kbytes" : 1593728,
        "bw_bytes" : 27197811,
        "bw" : 26560,
        "iops" : 207.486168,
        "runtime" : 60004,
        "total_ios" : 12450,
        "short_ios" : 0,
        "drop_ios" : 0,
        "slat_ns" : {
          "min" : 15158,
          "max" : 9604543,
          "mean" : 55263.051642,
          "stddev" : 105919.062270
        },
        "clat_ns" : {
          "min" : 2104,
          "max" : 24310415,
          "mean" : 205533.557510,
          "stddev" : 380216.464387,
          "percentile" : {
            "1.000000" : 113152,
            "5.000000" : 118272,
            "10.000000" : 121344,
            "20.000000" : 125440,
            "30.000000" : 129536,
            "40.000000" : 134144,
            "50.000000" : 140288,
            "60.000000" : 146432,
            "70.000000" : 158720,
            "80.000000" : 185344,
            "90.000000" : 342016,
            "95.000000" : 493568,
            "99.000000" : 1155072,
            "99.500000" : 1564672,
            "99.900000" : 3620864,
            "99.950000" : 6455296,
            "99.990000" : 14221312
          }
        },
        "lat_ns" : {
          "min" : 129911,
          "max" : 24427541,
          "mean" : 261837.621847,
          "stddev" : 405850.061109
        },
        "bw_min" : 19200,
        "bw_max" : 31425,
        "bw_agg" : 99.968656,
        "bw_mean" : 26551.675000,
        "bw_dev" : 2242.039397,
        "bw_samples" : 120,
        "iops_min" : 150,
        "iops_max" : 245,
        "iops_mean" : 207.341667,
        "iops_stddev" : 17.544898,
        "iops_samples" : 120
      },
      "trim" : {
        "io_bytes" : 0,
        "io_kbytes" : 0,
        "bw_bytes" : 0,
        "bw" : 0,
        "iops" : 0.000000,
        "runtime" : 0,
        "total_ios" : 0,
        "short_ios" : 0,
        "drop_ios" : 0,
        "slat_ns" : {
          "min" : 0,
          "max" : 0,
          "mean" : 0.000000,
          "stddev" : 0.000000
        },
        "clat_ns" : {
          "min" : 0,
          "max" : 0,
          "mean" : 0.000000,
          "stddev" : 0.000000,
          "percentile" : {
            "1.000000" : 0,
            "5.000000" : 0,
            "10.000000" : 0,
            "20.000000" : 0,
            "30.000000" : 0,
            "40.000000" : 0,
            "50.000000" : 0,
            "60.000000" : 0,
            "70.000000" : 0,
            "80.000000" : 0,
            "90.000000" : 0,
            "95.000000" : 0,
            "99.000000" : 0,
            "99.500000" : 0,
            "99.900000" : 0,
            "99.950000" : 0,
            "99.990000" : 0
          }
        },
        "lat_ns" : {
          "min" : 0,
          "max" : 0,
          "mean" : 0.000000,
          "stddev" : 0.000000
        },
        "bw_min" : 0,
        "bw_max" : 0,
        "bw_agg" : 0.000000,
        "bw_mean" : 0.000000,
        "bw_dev" : 0.000000,
        "bw_samples" : 0,
        "iops_min" : 0,
        "iops_max" : 0,
        "iops_mean" : 0.000000,
        "iops_stddev" : 0.000000,
        "iops_samples" : 0
      },
      "sync" : {
        "lat_ns" : {
          "min" : 0,
          "max" : 0,
          "mean" : 0.000000,
          "stddev" : 0.000000,
          "percentile" : {
            "1.000000" : 0,
            "5.000000" : 0,
            "10.000000" : 0,
            "20.000000" : 0,
            "30.000000" : 0,
            "40.000000" : 0,
            "50.000000" : 0,
            "60.000000" : 0,
            "70.000000" : 0,
            "80.000000" : 0,
            "90.000000" : 0,
            "95.000000" : 0,
            "99.000000" : 0,
            "99.500000" : 0,
            "99.900000" : 0,
            "99.950000" : 0,
            "99.990000" : 0
          }
        },
        "total_ios" : 0
      },
      "job_runtime" : 60003,
      "usr_cpu" : 1.026615,
      "sys_cpu" : 13.139343,
      "ctx" : 118488,
      "majf" : 0,
      "minf" : 16,
      "iodepth_level" : {
        "1" : 0.000000,
        "2" : 0.000000,
        "4" : 0.000000,
        "8" : 100.000000,
        "16" : 0.000000,
        "32" : 0.000000,
        ">=64" : 0.000000
      },
      "iodepth_submit" : {
        "0" : 0.000000,
        "4" : 100.000000,
        "8" : 0.000000,
        "16" : 0.000000,
        "32" : 0.000000,
        "64" : 0.000000,
        ">=64" : 0.000000
      },
      "iodepth_complete" : {
        "0" : 0.000000,
        "4" : 99.999203,
        "8" : 0.100000,
        "16" : 0.000000,
        "32" : 0.000000,
        "64" : 0.000000,
        ">=64" : 0.000000
      },
      "latency_ns" : {
        "2" : 0.000000,
        "4" : 0.000000,
        "10" : 0.000000,
        "20" : 0.000000,
        "50" : 0.000000,
        "100" : 0.000000,
        "250" : 0.000000,
        "500" : 0.000000,
        "750" : 0.000000,
        "1000" : 0.000000
      },
      "latency_us" : {
        "2" : 0.000000,
        "4" : 0.010000,
        "10" : 0.000000,
        "20" : 0.000000,
        "50" : 0.015933,
        "100" : 0.025493,
        "250" : 8.584676,
        "500" : 0.967130,
        "750" : 0.364865,
        "1000" : 0.196772
      },
      "latency_ms" : {
        "2" : 0.597486,
        "4" : 81.377563,
        "10" : 3.366633,
        "20" : 4.457244,
        "50" : 0.049392,
        "100" : 0.000000,
        "250" : 0.000000,
        "500" : 0.000000,
        "750" : 0.000000,
        "1000" : 0.000000,
        "2000" : 0.000000,
        ">=2000" : 0.000000
      },
      "latency_depth" : 8,