{
  "fio version" : "fio-3.15",
  "timestamp" : 1585711192,
  "timestamp_ms" : 1585711192611,
  "time" : "Tue Mar 31 20:19:52 2020",
  "global options" : {
    "direct" : "1",
    "iodepth" : "8",
    "ioengine" : "libaio",
    "runtime" : "60",
    "time_based" : "1",
    "ramp_time" : "5",
    "size" : "1g",
    "numjobs" : "1",
    "rw" : "rw",
    "bs" : "1024k",
    "rwmixread" : "90",
    "rwmixwrite" : "10"
  },
  "jobs" : [
    {
      "jobname" : "read_bw_test",
      "groupid" : 0,
      "error" : 0,
      "eta" : 0,
      "elapsed" : 66,
      "job options" : {
        "name" : "read_bw_test",
        "filename" : "/mnt/xfs/testdir/testfio"
      },
      "read" : {
        "io_bytes" : 15221129216,
        "io_kbytes" : 14864384,
        "bw_bytes" : 253558707,
        "bw" : 247615,
        "iops" : 241.695819,
        "runtime" : 60030,
        "total_ios" : 14509,
        "short_ios" : 0,
        "drop_ios" : 0,
        "slat_ns" : {
          "min" : 85318,
          "max" : 20689919,
          "mean" : 203235.110345,
          "stddev" : 222071.496467
        },
        "clat_ns" : {
          "min" : 478317,
          "max" : 61651093,
          "mean" : 32371609.284169,
          "stddev" : 5543926.245355,
          "percentile" : {
            "1.000000" : 24772608,
            "5.000000" : 28442624,
            "10.000000" : 28966912,
            "20.000000" : 29229056,
            "30.000000" : 29229056,
            "40.000000" : 29491200,
            "50.000000" : 29491200,
            "60.000000" : 29753344,
            "70.000000" : 30277632,
            "80.000000" : 40632320,
            "90.000000" : 41156608,
            "95.000000" : 42205184,
            "99.000000" : 43253760,
            "99.500000" : 44302336,
            "99.900000" : 51642368,
            "99.950000" : 53739520,
            "99.990000" : 58458112
          }
        },
        "lat_ns" : {
          "min" : 576324,
          "max" : 61998569,
          "mean" : 32576629.651075,
          "stddev" : 5533351.620041
        },
        "bw_min" : 227328,
        "bw_max" : 268288,
        "bw_agg" : 99.910880,
        "bw_mean" : 247394.325000,
        "bw_dev" : 8251.043609,
        "bw_samples" : 120,
        "iops_min" : 222,
        "iops_max" : 262,
        "iops_mean" : 241.400000,
        "iops_stddev" : 8.104776,
        "iops_samples" : 120
      },
      "write" : {
        "io_bytes" : 1665138688,
        "io_kbytes" : 1626112,
        "bw_bytes" : 27738442,
        "bw" : 27088,
        "iops" : 26.453440,
        "runtime" : 60030,
        "total_ios" : 1588,
        "short_ios" : 0,
        "drop_ios" : 0,
        "slat_ns" : {
          "min" : 79016,
          "max" : 8104369,
          "mean" : 207381.372796,
          "stddev" : 258475.430765
        },
        "clat_ns" : {
          "min" : 6820,
          "max" : 57810943,
          "mean" : 4400292.673174,
          "stddev" : 11559552.442591,
          "percentile" : {
            "1.000000" : 317440,
            "5.000000" : 329728,
            "10.000000" : 342016,
            "20.000000" : 366592,
            "30.000000" : 423936,
            "40.000000" : 509952,
            "50.000000" : 823296,
            "60.000000" : 978944,
            "70.000000" : 1011712,
            "80.000000" : 1056768,
            "90.000000" : 3162112,
            "95.000000" : 40632320,
            "99.000000" : 42205184,
            "99.500000" : 42729472,
            "99.900000" : 49545216,
            "99.950000" : 57933824,
            "99.990000" : 57933824
          }
        },
        "lat_ns" : {
          "min" : 389877,
          "max" : 58063953,
          "mean" : 4609512.328715,
          "stddev" : 11569581.388563
        },
        "bw_min" : 8192,
        "bw_max" : 47104,
        "bw_agg" : 99.962960,
        "bw_mean" : 27077.966667,
        "bw_dev" : 7295.551902,
        "bw_samples" : 120,
        "iops_min" : 8,
        "iops_max" : 46,
        "iops_mean" : 26.083333,
        "iops_stddev" : 7.084820,
        "iops_samples" : 120
      },
      "trim" : {
        "io_bytes" : 0,
        "io_kbytes" : 0,
        "bw_bytes" : 0,
        "bw" : 0,
        "iops" : 0.000000,
        "runtime" : 0,
        "total_ios" : 0,
        "short_ios" : 0,
        "drop_ios" : 0,
        "slat_ns" : {
          "min" : 0,
          "max" : 0,
          "mean" : 0.000000,
          "stddev" : 0.000000
        },
        "clat_ns" : {
          "min" : 0,
          "max" : 0,
          "mean" : 0.000000,
          "stddev" : 0.000000,
          "percentile" : {
            "1.000000" : 0,
            "5.000000" : 0,
            "10.000000" : 0,
            "20.000000" : 0,
            "30.000000" : 0,
            "40.000000" : 0,
            "50.000000" : 0,
            "60.000000" : 0,
            "70.000000" : 0,
            "80.000000" : 0,
            "90.000000" : 0,
            "95.000000" : 0,
            "99.000000" : 0,
            "99.500000" : 0,
            "99.900000" : 0,
            "99.950000" : 0,
            "99.990000" : 0
          }
        },
        "lat_ns" : {
          "min" : 0,
          "max" : 0,
          "mean" : 0.000000,
          "stddev" : 0.000000
        },
        "bw_min" : 0,
        "bw_max" : 0,
        "bw_agg" : 0.000000,
        "bw_mean" : 0.000000,
        "bw_dev" : 0.000000,
        "bw_samples" : 0,
        "iops_min" : 0,
        "iops_max" : 0,
        "iops_mean" : 0.000000,
        "iops_stddev" : 0.000000,
        "iops_samples" : 0
      },
      "sync" : {
        "lat_ns" : {
          "min" : 0,
          "max" : 0,
          "mean" : 0.000000,
          "stddev" : 0.000000,
          "percentile" : {
            "1.000000" : 0,
            "5.000000" : 0,
            "10.000000" : 0,
            "20.000000" : 0,
            "30.000000" : 0,
            "40.000000" : 0,
            "50.000000" : 0,
            "60.000000" : 0,
            "70.000000" : 0,
            "80.000000" : 0,
            "90.000000" : 0,
            "95.000000" : 0,
            "99.000000" : 0,
            "99.500000" : 0,
            "99.900000" : 0,
            "99.950000" : 0,
            "99.990000" : 0
          }
        },
        "total_ios" : 0
      },
      "job_runtime" : 60029,
      "usr_cpu" : 0.473105,
      "sys_cpu" : 5.977111,
      "ctx" : 16015,
      "majf" : 0,
      "minf" : 16,
      "iodepth_level" : {
        "1" : 0.000000,
        "2" : 0.000000,
        "4" : 0.000000,
        "8" : 100.000000,
        "16" : 0.000000,
        "32" : 0.000000,
        ">=64" : 0.000000
      },
      "iodepth_submit" : {
        "0" : 0.000000,
        "4" : 100.000000,
        "8" : 0.000000,
        "16" : 0.000000,
        "32" : 0.000000,
        "64" : 0.000000,
        ">=64" : 0.000000
      },
      "iodepth_complete" : {
        "0" : 0.000000,
        "4" : 99.993788,
        "8" : 0.100000,
        "16" : 0.000000,
        "32" : 0.000000,
        "64" : 0.000000,
        ">=64" : 0.000000
      },
      "latency_ns" : {
        "2" : 0.000000,
        "4" : 0.000000,
        "10" : 0.000000,
        "20" : 0.000000,
        "50" : 0.000000,
        "100" : 0.000000,
        "250" : 0.000000,
        "500" : 0.000000,
        "750" : 0.000000,
        "1000" : 0.000000
      },
      "latency_us" : {
        "2" : 0.000000,
        "4" : 0.000000,
        "10" : 0.010000,
        "20" : 0.000000,
        "50" : 0.000000,
        "100" : 0.000000,
        "250" : 0.000000,
        "500" : 3.795738,
        "750" : 1.099584,
        "1000" : 1.720818
      },
      "latency_ms" : {
        "2" : 2.329627,
        "4" : 0.080760,
        "10" : 0.080760,
        "20" : 0.248494,
        "50" : 90.526185,
        "100" : 0.155308,
        "250" : 0.000000,
        "500" : 0.000000,
        "750" : 0.000000,
        "1000" : 0.000000,
        "2000" : 0.000000,
        ">=2000" : 0.000000
      },
      "latency_depth" : 8,