{
  "fio version" : "fio-3.15",
  "timestamp" : 1585710863,
  "timestamp_ms" : 1585710863547,
  "time" : "Tue Mar 31 20:14:23 2020",
  "global options" : {
    "direct" : "1",
    "iodepth" : "8",
    "ioengine" : "libaio",
    "runtime" : "60",
    "time_based" : "1",
    "ramp_time" : "5",
    "size" : "1g",
    "numjobs" : "1",
    "rw" : "rw",
    "bs" : "32k",
    "rwmixread" : "90",
    "rwmixwrite" : "10"
  },
  "jobs" : [
    {
      "jobname" : "read_bw_test",
      "groupid" : 0,
      "error" : 0,
      "eta" : 0,
      "elapsed" : 66,
      "job options" : {
        "name" : "read_bw_test",
        "filename" : "/mnt/xfs/testdir/testfio"
      },
      "read" : {
        "io_bytes" : 13798375424,
        "io_kbytes" : 13474976,
        "bw_bytes" : 229969090,
        "bw" : 224579,
        "iops" : 7017.966367,
        "runtime" : 60001,
        "total_ios" : 421085,
        "short_ios" : 0,
        "drop_ios" : 0,
        "slat_ns" : {
          "min" : 5768,
          "max" : 19368289,
          "mean" : 51448.241806,
          "stddev" : 120376.945808
        },
        "clat_ns" : {
          "min" : 60670,
          "max" : 26537242,
          "mean" : 1053667.304629,
          "stddev" : 1193478.049653,
          "percentile" : {
            "1.000000" : 481280,
            "5.000000" : 659456,
            "10.000000" : 733184,
            "20.000000" : 798720,
            "30.000000" : 856064,
            "40.000000" : 888832,
            "50.000000" : 905216,
            "60.000000" : 913408,
            "70.000000" : 929792,
            "80.000000" : 954368,
            "90.000000" : 1056768,
            "95.000000" : 1384448,
            "99.000000" : 9502720,
            "99.500000" : 10944512,
            "99.900000" : 13172736,
            "99.950000" : 14745600,
            "99.990000" : 19791872
          }
        },
        "lat_ns" : {
          "min" : 95476,
          "max" : 26596032,
          "mean" : 1106148.653762,
          "stddev" : 1197532.662572
        },
        "bw_min" : 164224,
        "bw_max" : 245184,
        "bw_agg" : 99.983369,
        "bw_mean" : 224541.650000,
        "bw_dev" : 13447.319082,
        "bw_samples" : 120,
        "iops_min" : 5132,
        "iops_max" : 7662,
        "iops_mean" : 7016.925000,
        "iops_stddev" : 420.232572,
        "iops_samples" : 120
      },
      "write" : {
        "io_bytes" : 1539473408,
        "io_kbytes" : 1503392,
        "bw_bytes" : 25657462,
        "bw" : 25056,
        "iops" : 783.003617,
        "runtime" : 60001,
        "total_ios" : 46981,
        "short_ios" : 0,
        "drop_ios" : 0,
        "slat_ns" : {
          "min" : 10021,
          "max" : 12106226,
          "mean" : 58398.755710,
          "stddev" : 135907.273953
        },
        "clat_ns" : {
          "min" : 1686,
          "max" : 23395763,
          "mean" : 217692.284988,
          "stddev" : 369412.810613,
          "percentile" : {
            "1.000000" : 61184,
            "5.000000" : 79360,
            "10.000000" : 93696,
            "20.000000" : 115200,
            "30.000000" : 125440,
            "40.000000" : 138240,
            "50.000000" : 154624,
            "60.000000" : 171008,
            "70.000000" : 199680,
            "80.000000" : 244736,
            "90.000000" : 370688,
            "95.000000" : 544768,
            "99.000000" : 995328,
            "99.500000" : 1220608,
            "99.900000" : 4489216,
            "99.950000" : 8028160,
            "99.990000" : 13041664
          }
        },
        "lat_ns" : {
          "min" : 80939,
          "max" : 23495829,
          "mean" : 277139.483876,
          "stddev" : 404224.826021
        },
        "bw_min" : 20032,
        "bw_max" : 28928,
        "bw_agg" : 99.982772,
        "bw_mean" : 25051.683333,
        "bw_dev" : 1858.125739,
        "bw_samples" : 120,
        "iops_min" : 626,
        "iops_max" : 904,
        "iops_mean" : 782.841667,
        "iops_stddev" : 58.060819,
        "iops_samples" : 120
      },
      "trim" : {
        "io_bytes" : 0,
        "io_kbytes" : 0,
        "bw_bytes" : 0,
        "bw" : 0,
        "iops" : 0.000000,
        "runtime" : 0,
        "total_ios" : 0,
        "short_ios" : 0,
        "drop_ios" : 0,
        "slat_ns" : {
          "min" : 0,
          "max" : 0,
          "mean" : 0.000000,
          "stddev" : 0.000000
        },
        "clat_ns" : {
          "min" : 0,
          "max" : 0,
          "mean" : 0.000000,
          "stddev" : 0.000000,
          "percentile" : {
            "1.000000" : 0,
            "5.000000" : 0,
            "10.000000" : 0,
            "20.000000" : 0,
            "30.000000" : 0,
            "40.000000" : 0,
            "50.000000" : 0,
            "60.000000" : 0,
            "70.000000" : 0,
            "80.000000" : 0,
            "90.000000" : 0,
            "95.000000" : 0,
            "99.000000" : 0,
            "99.500000" : 0,
            "99.900000" : 0,
            "99.950000" : 0,
            "99.990000" : 0
          }
        },
        "lat_ns" : {
          "min" : 0,
          "max" : 0,
          "mean" : 0.000000,
          "stddev" : 0.000000
        },
        "bw_min" : 0,
        "bw_max" : 0,
        "bw_agg" : 0.000000,
        "bw_mean" : 0.000000,
        "bw_dev" : 0.000000,
        "bw_samples" : 0,
        "iops_min" : 0,
        "iops_max" : 0,
        "iops_mean" : 0.000000,
        "iops_stddev" : 0.000000,
        "iops_samples" : 0
      },
      "sync" : {
        "lat_ns" : {
          "min" : 0,
          "max" : 0,
          "mean" : 0.000000,
          "stddev" : 0.000000,
          "percentile" : {
            "1.000000" : 0,
            "5.000000" : 0,
            "10.000000" : 0,
            "20.000000" : 0,
            "30.000000" : 0,
            "40.000000" : 0,
            "50.000000" : 0,
            "60.000000" : 0,
            "70.000000" : 0,
            "80.000000" : 0,
            "90.000000" : 0,
            "95.000000" : 0,
            "99.000000" : 0,
            "99.500000" : 0,
            "99.900000" : 0,
            "99.950000" : 0,
            "99.990000" : 0
          }
        },
        "total_ios" : 0
      },
      "job_runtime" : 60000,
      "usr_cpu" : 1.313333,
      "sys_cpu" : 48.753333,
      "ctx" : 298151,
      "majf" : 0,
      "minf" : 16,
      "iodepth_level" : {
        "1" : 0.000000,
        "2" : 0.000000,
        "4" : 0.000000,
        "8" : 100.000000,
        "16" : 0.000000,
        "32" : 0.000000,
        ">=64" : 0.000000
      },
      "iodepth_submit" : {
        "0" : 0.000000,
        "4" : 100.000000,
        "8" : 0.000000,
        "16" : 0.000000,
        "32" : 0.000000,
        "64" : 0.000000,
        ">=64" : 0.000000
      },
      "iodepth_complete" : {
        "0" : 0.000000,
        "4" : 99.999786,
        "8" : 0.100000,
        "16" : 0.000000,
        "32" : 0.000000,
        "64" : 0.000000,
        ">=64" : 0.000000
      },
      "latency_ns" : {
        "2" : 0.000000,
        "4" : 0.000000,
        "10" : 0.000000,
        "20" : 0.000000,
        "50" : 0.000000,
        "100" : 0.000000,
        "250" : 0.000000,
        "500" : 0.000000,
        "750" : 0.000000,
        "1000" : 0.000000
      },
      "latency_us" : {
        "2" : 0.010000,
        "4" : 0.010000,
        "10" : 0.000000,
        "20" : 0.000000,
        "50" : 0.010000,
        "100" : 1.249610,
        "250" : 6.863348,
        "500" : 2.447945,
        "750" : 9.527716,
        "1000" : 68.229053
      },
      "latency_ms" : {
        "2" : 9.239509,
        "4" : 1.083181,
        "10" : 0.527276,
        "20" : 0.812920,
        "50" : 0.010000,
        "100" : 0.000000,
        "250" : 0.000000,
        "500" : 0.000000,
        "750" : 0.000000,
        "1000" : 0.000000,
        "2000" : 0.000000,
        ">=2000" : 0.000000
      },
      "latency_depth" : 8,
      "latency_target" : 0,