{
  "fio version" : "fio-3.15",
  "timestamp" : 1586206060,
  "timestamp_ms" : 1586206060634,
  "time" : "Mon Apr  6 20:47:40 2020",
  "global options" : {
    "direct" : "1",
    "iodepth" : "22",
    "ioengine" : "libaio",
    "runtime" : "10",
    "time_based" : "1",
    "ramp_time" : "5",
    "size" : "1g",
    "numjobs" : "1",
    "rw" : "rw",
    "bs" : "4k",
    "rwmixread" : "90",
    "rwmixwrite" : "10"
  },
  "jobs" : [
    {
      "jobname" : "read_bw_test",
      "groupid" : 0,
      "error" : 0,
      "eta" : 0,
      "elapsed" : 16,
      "job options" : {
        "name" : "read_bw_test",
        "filename" : "/dev/sdc"
      },
      "read" : {
        "io_bytes" : 1401602048,
        "io_kbytes" : 1368752,
        "bw_bytes" : 140146190,
        "bw" : 136861,
        "iops" : 34213.578642,
        "runtime" : 10001,
        "total_ios" : 342170,
        "short_ios" : 0,
        "drop_ios" : 0,
        "slat_ns" : {
          "min" : 2724,
          "max" : 40640,
          "mean" : 4902.242683,
          "stddev" : 1530.178785
        },
        "clat_ns" : {
          "min" : 114303,
          "max" : 19079114,
          "mean" : 602076.452021,
          "stddev" : 1003035.550464,
          "percentile" : {
            "1.000000" : 346112,
            "5.000000" : 374784,
            "10.000000" : 387072,
            "20.000000" : 399360,
            "30.000000" : 411648,
            "40.000000" : 419840,
            "50.000000" : 432128,
            "60.000000" : 440320,
            "70.000000" : 456704,
            "80.000000" : 489472,
            "90.000000" : 569344,
            "95.000000" : 700416,
            "99.000000" : 7241728,
            "99.500000" : 7831552,
            "99.900000" : 8847360,
            "99.950000" : 10420224,
            "99.990000" : 14745600
          }
        },
        "lat_ns" : {
          "min" : 126951,
          "max" : 19084854,
          "mean" : 607136.317817,
          "stddev" : 1003122.720168
        },
        "bw_min" : 106456,
        "bw_max" : 172976,
        "bw_agg" : 100.000000,
        "bw_mean" : 138287.894737,
        "bw_dev" : 28505.552009,
        "bw_samples" : 19,
        "iops_min" : 26614,
        "iops_max" : 43244,
        "iops_mean" : 34571.947368,
        "iops_stddev" : 7126.418630,
        "iops_samples" : 19
      },
      "write" : {
        "io_bytes" : 157700096,
        "io_kbytes" : 154004,
        "bw_bytes" : 15768432,
        "bw" : 15398,
        "iops" : 3849.415058,
        "runtime" : 10001,
        "total_ios" : 38498,
        "short_ios" : 0,
        "drop_ios" : 0,
        "slat_ns" : {
          "min" : 3007,
          "max" : 31362,
          "mean" : 5130.216687,
          "stddev" : 1683.577167
        },
        "clat_ns" : {
          "min" : 26696,
          "max" : 688935,
          "mean" : 306446.494091,
          "stddev" : 90662.474078,
          "percentile" : {
            "1.000000" : 32128,
            "5.000000" : 99840,
            "10.000000" : 162816,
            "20.000000" : 244736,
            "30.000000" : 296960,
            "40.000000" : 321536,
            "50.000000" : 337920,
            "60.000000" : 354304,
            "70.000000" : 362496,
            "80.000000" : 374784,
            "90.000000" : 387072,
            "95.000000" : 395264,
            "99.000000" : 411648,
            "99.500000" : 415744,
            "99.900000" : 428032,
            "99.950000" : 448512,
            "99.990000" : 659456
          }
        },
        "lat_ns" : {
          "min" : 32779,
          "max" : 692619,
          "mean" : 311741.406795,
          "stddev" : 90613.721595
        },
        "bw_min" : 12160,
        "bw_max" : 20056,
        "bw_agg" : 100.000000,
        "bw_mean" : 15534.684211,
        "bw_dev" : 3219.476304,
        "bw_samples" : 19,
        "iops_min" : 3040,
        "iops_max" : 5014,
        "iops_mean" : 3883.578947,
        "iops_stddev" : 804.935147,
        "iops_samples" : 19
      },
      "trim" : {
        "io_bytes" : 0,
        "io_kbytes" : 0,
        "bw_bytes" : 0,
        "bw" : 0,
        "iops" : 0.000000,
        "runtime" : 0,
        "total_ios" : 0,
        "short_ios" : 0,
        "drop_ios" : 0,
        "slat_ns" : {
          "min" : 0,
          "max" : 0,
          "mean" : 0.000000,
          "stddev" : 0.000000
        },
        "clat_ns" : {
          "min" : 0,
          "max" : 0,
          "mean" : 0.000000,
          "stddev" : 0.000000,
          "percentile" : {
            "1.000000" : 0,
            "5.000000" : 0,
            "10.000000" : 0,
            "20.000000" : 0,
            "30.000000" : 0,
            "40.000000" : 0,
            "50.000000" : 0,
            "60.000000" : 0,
            "70.000000" : 0,
            "80.000000" : 0,
            "90.000000" : 0,
            "95.000000" : 0,
            "99.000000" : 0,
            "99.500000" : 0,
            "99.900000" : 0,
            "99.950000" : 0,
            "99.990000" : 0
          }
        },
        "lat_ns" : {
          "min" : 0,
          "max" : 0,
          "mean" : 0.000000,
          "stddev" : 0.000000
        },
        "bw_min" : 0,
        "bw_max" : 0,
        "bw_agg" : 0.000000,
        "bw_mean" : 0.000000,
        "bw_dev" : 0.000000,
        "bw_samples" : 0,
        "iops_min" : 0,
        "iops_max" : 0,
        "iops_mean" : 0.000000,
        "iops_stddev" : 0.000000,
        "iops_samples" : 0
      },
      "sync" : {
        "lat_ns" : {
          "min" : 0,
          "max" : 0,
          "mean" : 0.000000,
          "stddev" : 0.000000,
          "percentile" : {
            "1.000000" : 0,
            "5.000000" : 0,
            "10.000000" : 0,
            "20.000000" : 0,
            "30.000000" : 0,
            "40.000000" : 0,
            "50.000000" : 0,
            "60.000000" : 0,
            "70.000000" : 0,
            "80.000000" : 0,
            "90.000000" : 0,
            "95.000000" : 0,
            "99.000000" : 0,
            "99.500000" : 0,
            "99.900000" : 0,
            "99.950000" : 0,
            "99.990000" : 0
          }
        },
        "total_ios" : 0
      },
      "job_runtime" : 10000,
      "usr_cpu" : 12.330000,
      "sys_cpu" : 25.720000,
      "ctx" : 365080,
      "majf" : 0,
      "minf" : 15,
      "iodepth_level" : {
        "1" : 0.000000,
        "2" : 0.000000,
        "4" : 0.000000,
        "8" : 0.000000,
        "16" : 100.000000,
        "32" : 0.000000,
        ">=64" : 0.000000
      },
      "iodepth_submit" : {
        "0" : 0.000000,
        "4" : 100.000000,
        "8" : 0.000000,
        "16" : 0.000000,
        "32" : 0.000000,
        "64" : 0.000000,
        ">=64" : 0.000000
      },
      "iodepth_complete" : {
        "0" : 0.000000,
        "4" : 99.999737,
        "8" : 0.000000,
        "16" : 0.000000,
        "32" : 0.100000,
        "64" : 0.000000,
        ">=64" : 0.000000
      },
      "latency_ns" : {
        "2" : 0.000000,
        "4" : 0.000000,
        "10" : 0.000000,
        "20" : 0.000000,
        "50" : 0.000000,
        "100" : 0.000000,
        "250" : 0.000000,
        "500" : 0.000000,
        "750" : 0.000000,
        "1000" : 0.000000
      },
      "latency_us" : {
        "2" : 0.000000,
        "4" : 0.000000,
        "10" : 0.000000,
        "20" : 0.000000,
        "50" : 0.227232,
        "100" : 0.278458,
        "250" : 1.659189,
        "500" : 81.535616,
        "750" : 12.422899,
        "1000" : 1.245705
      },
      "latency_ms" : {
        "2" : 0.489928,
        "4" : 0.345445,
        "10" : 1.747454,
        "20" : 0.053590,
        "50" : 0.000000,
        "100" : 0.000000,
        "250" : 0.000000,
        "500" : 0.000000,
        "750" : 0.000000,
        "1000" : 0.000000,
        "2000" : 0.000000,
        ">=2000" : 0.000000
      },
      "latency_depth" : 22,
      "latency_target" : 0,
      "latency_percentile" : 100.000000,