{
  "fio version" : "fio-3.15",
  "timestamp" : 1586206186,
  "timestamp_ms" : 1586206186574,
  "time" : "Mon Apr  6 20:49:46 2020",
  "global options" : {
    "direct" : "1",
    "iodepth" : "22",
    "ioengine" : "libaio",
    "runtime" : "10",
    "time_based" : "1",
    "ramp_time" : "5",
    "size" : "1g",
    "numjobs" : "1",
    "rw" : "rw",
    "bs" : "512k",
    "rwmixread" : "90",
    "rwmixwrite" : "10"
  },
  "jobs" : [
    {
      "jobname" : "read_bw_test",
      "groupid" : 0,
      "error" : 0,
      "eta" : 0,
      "elapsed" : 16,
      "job options" : {
        "name" : "read_bw_test",
        "filename" : "/dev/sdc"
      },
      "read" : {
        "io_bytes" : 1784152064,
        "io_kbytes" : 1742336,
        "bw_bytes" : 177087053,
        "bw" : 172936,
        "iops" : 335.682382,
        "runtime" : 10075,
        "total_ios" : 3382,
        "short_ios" : 0,
        "drop_ios" : 0,
        "slat_ns" : {
          "min" : 47300,
          "max" : 69577,
          "mean" : 48538.001478,
          "stddev" : 1993.544576
        },
        "clat_ns" : {
          "min" : 40294595,
          "max" : 145881713,
          "mean" : 63034381.678813,
          "stddev" : 19960942.941891,
          "percentile" : {
            "1.000000" : 40108032,
            "5.000000" : 40632320,
            "10.000000" : 40632320,
            "20.000000" : 42205184,
            "30.000000" : 45875200,
            "40.000000" : 53739520,
            "50.000000" : 61079552,
            "60.000000" : 65798144,
            "70.000000" : 73924608,
            "80.000000" : 80216064,
            "90.000000" : 90701824,
            "95.000000" : 100139008,
            "99.000000" : 116916224,
            "99.500000" : 123207680,
            "99.900000" : 139460608,
            "99.950000" : 139460608,
            "99.990000" : 145752064
          }
        },
        "lat_ns" : {
          "min" : 40343299,
          "max" : 145931023,
          "mean" : 63083637.504261,
          "stddev" : 19960928.189890
        },
        "bw_min" : 126976,
        "bw_max" : 248832,
        "bw_agg" : 100.000000,
        "bw_mean" : 173077.100000,
        "bw_dev" : 36944.941141,
        "bw_samples" : 20,
        "iops_min" : 248,
        "iops_max" : 486,
        "iops_mean" : 338.000000,
        "iops_stddev" : 72.186163,
        "iops_samples" : 20
      },
      "write" : {
        "io_bytes" : 201850880,
        "io_kbytes" : 197120,
        "bw_bytes" : 20034826,
        "bw" : 19565,
        "iops" : 38.213400,
        "runtime" : 10075,
        "total_ios" : 385,
        "short_ios" : 0,
        "drop_ios" : 0,
        "slat_ns" : {
          "min" : 48893,
          "max" : 80215,
          "mean" : 57854.041558,
          "stddev" : 3492.537982
        },
        "clat_ns" : {
          "min" : 1994009,
          "max" : 86172922,
          "mean" : 20704517.745455,
          "stddev" : 15165839.562106,
          "percentile" : {
            "1.000000" : 1990656,
            "5.000000" : 2670592,
            "10.000000" : 4882432,
            "20.000000" : 7372800,
            "30.000000" : 9240576,
            "40.000000" : 11075584,
            "50.000000" : 16318464,
            "60.000000" : 23986176,
            "70.000000" : 29491200,
            "80.000000" : 35389440,
            "90.000000" : 40632320,
            "95.000000" : 45350912,
            "99.000000" : 64225280,
            "99.500000" : 76021760,
            "99.900000" : 86507520,
            "99.950000" : 86507520,
            "99.990000" : 86507520
          }
        },
        "lat_ns" : {
          "min" : 2046732,
          "max" : 86231928,
          "mean" : 20763184.181818,
          "stddev" : 15165883.538974
        },
        "bw_min" : 10240,
        "bw_max" : 31744,
        "bw_agg" : 100.000000,
        "bw_mean" : 19708.300000,
        "bw_dev" : 5705.564893,
        "bw_samples" : 20,
        "iops_min" : 20,
        "iops_max" : 62,
        "iops_mean" : 38.400000,
        "iops_stddev" : 11.170450,
        "iops_samples" : 20
      },
      "trim" : {
        "io_bytes" : 0,
        "io_kbytes" : 0,
        "bw_bytes" : 0,
        "bw" : 0,
        "iops" : 0.000000,
        "runtime" : 0,
        "total_ios" : 0,
        "short_ios" : 0,
        "drop_ios" : 0,
        "slat_ns" : {
          "min" : 0,
          "max" : 0,
          "mean" : 0.000000,
          "stddev" : 0.000000
        },
        "clat_ns" : {
          "min" : 0,
          "max" : 0,
          "mean" : 0.000000,
          "stddev" : 0.000000,
          "percentile" : {
            "1.000000" : 0,
            "5.000000" : 0,
            "10.000000" : 0,
            "20.000000" : 0,
            "30.000000" : 0,
            "40.000000" : 0,
            "50.000000" : 0,
            "60.000000" : 0,
            "70.000000" : 0,
            "80.000000" : 0,
            "90.000000" : 0,
            "95.000000" : 0,
            "99.000000" : 0,
            "99.500000" : 0,
            "99.900000" : 0,
            "99.950000" : 0,
            "99.990000" : 0
          }
        },
        "lat_ns" : {
          "min" : 0,
          "max" : 0,
          "mean" : 0.000000,
          "stddev" : 0.000000
        },
        "bw_min" : 0,
        "bw_max" : 0,
        "bw_agg" : 0.000000,
        "bw_mean" : 0.000000,
        "bw_dev" : 0.000000,
        "bw_samples" : 0,
        "iops_min" : 0,
        "iops_max" : 0,
        "iops_mean" : 0.000000,
        "iops_stddev" : 0.000000,
        "iops_samples" : 0
      },
      "sync" : {
        "lat_ns" : {
          "min" : 0,
          "max" : 0,
          "mean" : 0.000000,
          "stddev" : 0.000000,
          "percentile" : {
            "1.000000" : 0,
            "5.000000" : 0,
            "10.000000" : 0,
            "20.000000" : 0,
            "30.000000" : 0,
            "40.000000" : 0,
            "50.000000" : 0,
            "60.000000" : 0,
            "70.000000" : 0,
            "80.000000" : 0,
            "90.000000" : 0,
            "95.000000" : 0,
            "99.000000" : 0,
            "99.500000" : 0,
            "99.900000" : 0,
            "99.950000" : 0,
            "99.990000" : 0
          }
        },
        "total_ios" : 0
      },
      "job_runtime" : 10074,
      "usr_cpu" : 0.675005,
      "sys_cpu" : 2.203693,
      "ctx" : 3788,
      "majf" : 0,
      "minf" : 15,
      "iodepth_level" : {
        "1" : 0.000000,
        "2" : 0.000000,
        "4" : 0.000000,
        "8" : 0.000000,
        "16" : 100.000000,
        "32" : 0.000000,
        ">=64" : 0.000000
      },
      "iodepth_submit" : {
        "0" : 0.000000,
        "4" : 100.000000,
        "8" : 0.000000,
        "16" : 0.000000,
        "32" : 0.000000,
        "64" : 0.000000,
        ">=64" : 0.000000
      },
      "iodepth_complete" : {
        "0" : 0.000000,
        "4" : 99.973461,
        "8" : 0.000000,
        "16" : 0.000000,
        "32" : 0.100000,
        "64" : 0.000000,
        ">=64" : 0.000000
      },
      "latency_ns" : {
        "2" : 0.000000,
        "4" : 0.000000,
        "10" : 0.000000,
        "20" : 0.000000,
        "50" : 0.000000,
        "100" : 0.000000,
        "250" : 0.000000,
        "500" : 0.000000,
        "750" : 0.000000,
        "1000" : 0.000000
      },
      "latency_us" : {
        "2" : 0.000000,
        "4" : 0.000000,
        "10" : 0.000000,
        "20" : 0.000000,
        "50" : 0.000000,
        "100" : 0.000000,
        "250" : 0.000000,
        "500" : 0.000000,
        "750" : 0.000000,
        "1000" : 0.000000
      },
      "latency_ms" : {
        "2" : 0.398195,
        "4" : 0.530926,
        "10" : 2.840457,
        "20" : 1.778604,
        "50" : 33.501460,
        "100" : 57.154234,
        "250" : 4.353597,
        "500" : 0.000000,
        "750" : 0.000000,
        "1000" : 0.000000,
        "2000" : 0.000000,
        ">=2000" : 0.000000
      },
      "latency_depth" : 22,