{
  "fio version" : "fio-3.15",
  "timestamp" : 1586206096,
  "timestamp_ms" : 1586206096617,
  "time" : "Mon Apr  6 20:48:16 2020",
  "global options" : {
    "direct" : "1",
    "iodepth" : "22",
    "ioengine" : "libaio",
    "runtime" : "10",
    "time_based" : "1",
    "ramp_time" : "5",
    "size" : "1g",
    "numjobs" : "1",
    "rw" : "rw",
    "bs" : "16k",
    "rwmixread" : "90",
    "rwmixwrite" : "10"
  },
  "jobs" : [
    {
      "jobname" : "read_bw_test",
      "groupid" : 0,
      "error" : 0,
      "eta" : 0,
      "elapsed" : 16,
      "job options" : {
        "name" : "read_bw_test",
        "filename" : "/dev/sdc"
      },
      "read" : {
        "io_bytes" : 1452965888,
        "io_kbytes" : 1418912,
        "bw_bytes" : 144992105,
        "bw" : 141593,
        "iops" : 8847.520208,
        "runtime" : 10021,
        "total_ios" : 88661,
        "short_ios" : 0,
        "drop_ios" : 0,
        "slat_ns" : {
          "min" : 4963,
          "max" : 121040,
          "mean" : 9011.242452,
          "stddev" : 1456.484285
        },
        "clat_ns" : {
          "min" : 1226666,
          "max" : 26302269,
          "mean" : 2360029.926062,
          "stddev" : 2477719.946819,
          "percentile" : {
            "1.000000" : 1318912,
            "5.000000" : 1335296,
            "10.000000" : 1335296,
            "20.000000" : 1335296,
            "30.000000" : 1335296,
            "40.000000" : 1351680,
            "50.000000" : 1351680,
            "60.000000" : 1384448,
            "70.000000" : 1433600,
            "80.000000" : 1613824,
            "90.000000" : 7700480,
            "95.000000" : 8585216,
            "99.000000" : 9764864,
            "99.500000" : 11599872,
            "99.900000" : 15400960,
            "99.950000" : 16056320,
            "99.990000" : 25559040
          }
        },
        "lat_ns" : {
          "min" : 1252935,
          "max" : 26312309,
          "mean" : 2369271.838987,
          "stddev" : 2477713.270431
        },
        "bw_min" : 121376,
        "bw_max" : 219328,
        "bw_agg" : 100.000000,
        "bw_mean" : 141817.800000,
        "bw_dev" : 31328.733098,
        "bw_samples" : 20,
        "iops_min" : 7586,
        "iops_max" : 13708,
        "iops_mean" : 8863.550000,
        "iops_stddev" : 1958.074846,
        "iops_samples" : 20
      },
      "write" : {
        "io_bytes" : 157859840,
        "io_kbytes" : 154160,
        "bw_bytes" : 15752902,
        "bw" : 15383,
        "iops" : 961.480890,
        "runtime" : 10021,
        "total_ios" : 9635,
        "short_ios" : 0,
        "drop_ios" : 0,
        "slat_ns" : {
          "min" : 5330,
          "max" : 31520,
          "mean" : 9658.166165,
          "stddev" : 1375.013634
        },
        "clat_ns" : {
          "min" : 67779,
          "max" : 2151681,
          "mean" : 1050008.701920,
          "stddev" : 376688.922994,
          "percentile" : {
            "1.000000" : 80384,
            "5.000000" : 232448,
            "10.000000" : 366592,
            "20.000000" : 675840,
            "30.000000" : 995328,
            "40.000000" : 1220608,
            "50.000000" : 1269760,
            "60.000000" : 1286144,
            "70.000000" : 1286144,
            "80.000000" : 1286144,
            "90.000000" : 1335296,
            "95.000000" : 1351680,
            "99.000000" : 1368064,
            "99.500000" : 1368064,
            "99.900000" : 1449984,
            "99.950000" : 1597440,
            "99.990000" : 2146304
          }
        },
        "lat_ns" : {
          "min" : 81382,
          "max" : 2161488,
          "mean" : 1059900.370213,
          "stddev" : 376595.126645
        },
        "bw_min" : 12768,
        "bw_max" : 23968,
        "bw_agg" : 100.000000,
        "bw_mean" : 15411.750000,
        "bw_dev" : 3473.803950,
        "bw_samples" : 20,
        "iops_min" : 798,
        "iops_max" : 1498,
        "iops_mean" : 963.200000,
        "iops_stddev" : 217.129018,
        "iops_samples" : 20
      },
      "trim" : {
        "io_bytes" : 0,
        "io_kbytes" : 0,
        "bw_bytes" : 0,
        "bw" : 0,
        "iops" : 0.000000,
        "runtime" : 0,
        "total_ios" : 0,
        "short_ios" : 0,
        "drop_ios" : 0,
        "slat_ns" : {
          "min" : 0,
          "max" : 0,
          "mean" : 0.000000,
          "stddev" : 0.000000
        },
        "clat_ns" : {
          "min" : 0,
          "max" : 0,
          "mean" : 0.000000,
          "stddev" : 0.000000,
          "percentile" : {
            "1.000000" : 0,
            "5.000000" : 0,
            "10.000000" : 0,
            "20.000000" : 0,
            "30.000000" : 0,
            "40.000000" : 0,
            "50.000000" : 0,
            "60.000000" : 0,
            "70.000000" : 0,
            "80.000000" : 0,
            "90.000000" : 0,
            "95.000000" : 0,
            "99.000000" : 0,
            "99.500000" : 0,
            "99.900000" : 0,
            "99.950000" : 0,
            "99.990000" : 0
          }
        },
        "lat_ns" : {
          "min" : 0,
          "max" : 0,
          "mean" : 0.000000,
          "stddev" : 0.000000
        },
        "bw_min" : 0,
        "bw_max" : 0,
        "bw_agg" : 0.000000,
        "bw_mean" : 0.000000,
        "bw_dev" : 0.000000,
        "bw_samples" : 0,
        "iops_min" : 0,
        "iops_max" : 0,
        "iops_mean" : 0.000000,
        "iops_stddev" : 0.000000,
        "iops_samples" : 0
      },
      "sync" : {
        "lat_ns" : {
          "min" : 0,
          "max" : 0,
          "mean" : 0.000000,
          "stddev" : 0.000000,
          "percentile" : {
            "1.000000" : 0,
            "5.000000" : 0,
            "10.000000" : 0,
            "20.000000" : 0,
            "30.000000" : 0,
            "40.000000" : 0,
            "50.000000" : 0,
            "60.000000" : 0,
            "70.000000" : 0,
            "80.000000" : 0,
            "90.000000" : 0,
            "95.000000" : 0,
            "99.000000" : 0,
            "99.500000" : 0,
            "99.900000" : 0,
            "99.950000" : 0,
            "99.990000" : 0
          }
        },
        "total_ios" : 0
      },
      "job_runtime" : 10020,
      "usr_cpu" : 4.620758,
      "sys_cpu" : 13.972056,
      "ctx" : 98290,
      "majf" : 0,
      "minf" : 15,
      "iodepth_level" : {
        "1" : 0.000000,
        "2" : 0.000000,
        "4" : 0.000000,
        "8" : 0.000000,
        "16" : 100.000000,
        "32" : 0.000000,
        ">=64" : 0.000000
      },
      "iodepth_submit" : {
        "0" : 0.000000,
        "4" : 100.000000,
        "8" : 0.000000,
        "16" : 0.000000,
        "32" : 0.000000,
        "64" : 0.000000,
        ">=64" : 0.000000
      },
      "iodepth_complete" : {
        "0" : 0.000000,
        "4" : 99.998983,
        "8" : 0.000000,
        "16" : 0.000000,
        "32" : 0.100000,
        "64" : 0.000000,
        ">=64" : 0.000000
      },
      "latency_ns" : {
        "2" : 0.000000,
        "4" : 0.000000,
        "10" : 0.000000,
        "20" : 0.000000,
        "50" : 0.000000,
        "100" : 0.000000,
        "250" : 0.000000,
        "500" : 0.000000,
        "750" : 0.000000,
        "1000" : 0.000000
      },
      "latency_us" : {
        "2" : 0.000000,
        "4" : 0.000000,
        "10" : 0.000000,
        "20" : 0.000000,
        "50" : 0.000000,
        "100" : 0.241108,
        "250" : 0.318426,
        "500" : 0.840319,
        "750" : 0.752828,
        "1000" : 0.810816
      },
      "latency_ms" : {
        "2" : 83.086799,
        "4" : 1.953284,
        "10" : 11.290388,
        "20" : 0.697892,
        "50" : 0.029503,
        "100" : 0.000000,
        "250" : 0.000000,
        "500" : 0.000000,
        "750" : 0.000000,
        "1000" : 0.000000,
        "2000" : 0.000000,
        ">=2000" : 0.000000
      },
      "latency_depth" : 22,
      "latency_target" : 0,