{
  "fio version" : "fio-3.15",
  "timestamp" : 1586206132,
  "timestamp_ms" : 1586206132537,
  "time" : "Mon Apr  6 20:48:52 2020",
  "global options" : {
    "direct" : "1",
    "iodepth" : "22",
    "ioengine" : "libaio",
    "runtime" : "10",
    "time_based" : "1",
    "ramp_time" : "5",
    "size" : "1g",
    "numjobs" : "1",
    "rw" : "rw",
    "bs" : "64k",
    "rwmixread" : "90",
    "rwmixwrite" : "10"
  },
  "jobs" : [
    {
      "jobname" : "read_bw_test",
      "groupid" : 0,
      "error" : 0,
      "eta" : 0,
      "elapsed" : 16,
      "job options" : {
        "name" : "read_bw_test",
        "filename" : "/dev/sdc"
      },
      "read" : {
        "io_bytes" : 1933246464,
        "io_kbytes" : 1887936,
        "bw_bytes" : 193112222,
        "bw" : 188586,
        "iops" : 2944.760763,
        "runtime" : 10011,
        "total_ios" : 29480,
        "short_ios" : 0,
        "drop_ios" : 0,
        "slat_ns" : {
          "min" : 6806,
          "max" : 50170,
          "mean" : 13782.624593,
          "stddev" : 2736.879968
        },
        "clat_ns" : {
          "min" : 4989549,
          "max" : 29101779,
          "mean" : 7051010.891623,
          "stddev" : 2985635.831666,
          "percentile" : {
            "1.000000" : 5079040,
            "5.000000" : 5079040,
            "10.000000" : 5079040,
            "20.000000" : 5079040,
            "30.000000" : 5144576,
            "40.000000" : 5144576,
            "50.000000" : 5406720,
            "60.000000" : 5865472,
            "70.000000" : 7897088,
            "80.000000" : 9240576,
            "90.000000" : 10682368,
            "95.000000" : 13303808,
            "99.000000" : 17956864,
            "99.500000" : 19529728,
            "99.900000" : 23724032,
            "99.950000" : 28704768,
            "99.990000" : 28704768
          }
        },
        "lat_ns" : {
          "min" : 5019592,
          "max" : 29115222,
          "mean" : 7065051.733957,
          "stddev" : 2985823.631821
        },
        "bw_min" : 144384,
        "bw_max" : 242432,
        "bw_agg" : 100.000000,
        "bw_mean" : 188643.300000,
        "bw_dev" : 38233.733847,
        "bw_samples" : 20,
        "iops_min" : 2256,
        "iops_max" : 3788,
        "iops_mean" : 2947.550000,
        "iops_stddev" : 597.403370,
        "iops_samples" : 20
      },
      "write" : {
        "io_bytes" : 219938816,
        "io_kbytes" : 214784,
        "bw_bytes" : 21969714,
        "bw" : 21454,
        "iops" : 335.031465,
        "runtime" : 10011,
        "total_ios" : 3354,
        "short_ios" : 0,
        "drop_ios" : 0,
        "slat_ns" : {
          "min" : 12745,
          "max" : 38611,
          "mean" : 15887.344365,
          "stddev" : 2837.641340
        },
        "clat_ns" : {
          "min" : 260351,
          "max" : 6617989,
          "mean" : 3501336.876639,
          "stddev" : 1625137.887210,
          "percentile" : {
            "1.000000" : 292864,
            "5.000000" : 692224,
            "10.000000" : 978944,
            "20.000000" : 1695744,
            "30.000000" : 2375680,
            "40.000000" : 3260416,
            "50.000000" : 3981312,
            "60.000000" : 4620288,
            "70.000000" : 5079040,
            "80.000000" : 5144576,
            "90.000000" : 5144576,
            "95.000000" : 5144576,
            "99.000000" : 5472256,
            "99.500000" : 5931008,
            "99.900000" : 6389760,
            "99.950000" : 6586368,
            "99.990000" : 6586368
          }
        },
        "lat_ns" : {
          "min" : 274661,
          "max" : 6632709,
          "mean" : 3517494.924315,
          "stddev" : 1624378.703379
        },
        "bw_min" : 16896,
        "bw_max" : 28288,
        "bw_agg" : 100.000000,
        "bw_mean" : 21476.400000,
        "bw_dev" : 4348.225511,
        "bw_samples" : 20,
        "iops_min" : 264,
        "iops_max" : 442,
        "iops_mean" : 335.550000,
        "iops_stddev" : 67.949265,
        "iops_samples" : 20
      },
      "trim" : {
        "io_bytes" : 0,
        "io_kbytes" : 0,
        "bw_bytes" : 0,
        "bw" : 0,
        "iops" : 0.000000,
        "runtime" : 0,
        "total_ios" : 0,
        "short_ios" : 0,
        "drop_ios" : 0,
        "slat_ns" : {
          "min" : 0,
          "max" : 0,
          "mean" : 0.000000,
          "stddev" : 0.000000
        },
        "clat_ns" : {
          "min" : 0,
          "max" : 0,
          "mean" : 0.000000,
          "stddev" : 0.000000,
          "percentile" : {
            "1.000000" : 0,
            "5.000000" : 0,
            "10.000000" : 0,
            "20.000000" : 0,
            "30.000000" : 0,
            "40.000000" : 0,
            "50.000000" : 0,
            "60.000000" : 0,
            "70.000000" : 0,
            "80.000000" : 0,
            "90.000000" : 0,
            "95.000000" : 0,
            "99.000000" : 0,
            "99.500000" : 0,
            "99.900000" : 0,
            "99.950000" : 0,
            "99.990000" : 0
          }
        },
        "lat_ns" : {
          "min" : 0,
          "max" : 0,
          "mean" : 0.000000,
          "stddev" : 0.000000
        },
        "bw_min" : 0,
        "bw_max" : 0,
        "bw_agg" : 0.000000,
        "bw_mean" : 0.000000,
        "bw_dev" : 0.000000,
        "bw_samples" : 0,
        "iops_min" : 0,
        "iops_max" : 0,
        "iops_mean" : 0.000000,
        "iops_stddev" : 0.000000,
        "iops_samples" : 0
      },
      "sync" : {
        "lat_ns" : {
          "min" : 0,
          "max" : 0,
          "mean" : 0.000000,
          "stddev" : 0.000000,
          "percentile" : {
            "1.000000" : 0,
            "5.000000" : 0,
            "10.000000" : 0,
            "20.000000" : 0,
            "30.000000" : 0,
            "40.000000" : 0,
            "50.000000" : 0,
            "60.000000" : 0,
            "70.000000" : 0,
            "80.000000" : 0,
            "90.000000" : 0,
            "95.000000" : 0,
            "99.000000" : 0,
            "99.500000" : 0,
            "99.900000" : 0,
            "99.950000" : 0,
            "99.990000" : 0
          }
        },
        "total_ios" : 0
      },
      "job_runtime" : 10010,
      "usr_cpu" : 2.017982,
      "sys_cpu" : 6.453546,
      "ctx" : 32856,
      "majf" : 0,
      "minf" : 15,
      "iodepth_level" : {
        "1" : 0.000000,
        "2" : 0.000000,
        "4" : 0.000000,
        "8" : 0.000000,
        "16" : 100.000000,
        "32" : 0.000000,
        ">=64" : 0.000000
      },
      "iodepth_submit" : {
        "0" : 0.000000,
        "4" : 100.000000,
        "8" : 0.000000,
        "16" : 0.000000,
        "32" : 0.000000,
        "64" : 0.000000,
        ">=64" : 0.000000
      },
      "iodepth_complete" : {
        "0" : 0.000000,
        "4" : 99.996954,
        "8" : 0.000000,
        "16" : 0.000000,
        "32" : 0.100000,
        "64" : 0.000000,
        ">=64" : 0.000000
      },
      "latency_ns" : {
        "2" : 0.000000,
        "4" : 0.000000,
        "10" : 0.000000,
        "20" : 0.000000,
        "50" : 0.000000,
        "100" : 0.000000,
        "250" : 0.000000,
        "500" : 0.000000,
        "750" : 0.000000,
        "1000" : 0.000000
      },
      "latency_us" : {
        "2" : 0.000000,
        "4" : 0.000000,
        "10" : 0.000000,
        "20" : 0.000000,
        "50" : 0.000000,
        "100" : 0.000000,
        "250" : 0.000000,
        "500" : 0.374612,
        "750" : 0.286289,
        "1000" : 0.417250
      },
      "latency_ms" : {
        "2" : 1.382713,
        "4" : 2.786745,
        "10" : 82.472437,
        "20" : 11.935798,
        "50" : 0.408114,
        "100" : 0.000000,
        "250" : 0.000000,
        "500" : 0.000000,
        "750" : 0.000000,
        "1000" : 0.000000,
        "2000" : 0.000000,
        ">=2000" : 0.000000
      },
      "latency_depth" : 22,
      "latency_target" : 0,