{
  "fio version" : "fio-3.15",
  "timestamp" : 1586206168,
  "timestamp_ms" : 1586206168585,
  "time" : "Mon Apr  6 20:49:28 2020",
  "global options" : {
    "direct" : "1",
    "iodepth" : "22",
    "ioengine" : "libaio",
    "runtime" : "10",
    "time_based" : "1",
    "ramp_time" : "5",
    "size" : "1g",
    "numjobs" : "1",
    "rw" : "rw",
    "bs" : "256k",
    "rwmixread" : "90",
    "rwmixwrite" : "10"
  },
  "jobs" : [
    {
      "jobname" : "read_bw_test",
      "groupid" : 0,
      "error" : 0,
      "eta" : 0,
      "elapsed" : 16,
      "job options" : {
        "name" : "read_bw_test",
        "filename" : "/dev/sdc"
      },
      "read" : {
        "io_bytes" : 1973682176,
        "io_kbytes" : 1927424,
        "bw_bytes" : 196974269,
        "bw" : 192357,
        "iops" : 749.301397,
        "runtime" : 10020,
        "total_ios" : 7508,
        "short_ios" : 0,
        "drop_ios" : 0,
        "slat_ns" : {
          "min" : 12317,
          "max" : 69934,
          "mean" : 38003.674081,
          "stddev" : 2319.378110
        },
        "clat_ns" : {
          "min" : 20133876,
          "max" : 96025636,
          "mean" : 28164025.963209,
          "stddev" : 10303999.633307,
          "percentile" : {
            "1.000000" : 20054016,
            "5.000000" : 20316160,
            "10.000000" : 20316160,
            "20.000000" : 20316160,
            "30.000000" : 21102592,
            "40.000000" : 21364736,
            "50.000000" : 23461888,
            "60.000000" : 26345472,
            "70.000000" : 30801920,
            "80.000000" : 35389440,
            "90.000000" : 42729472,
            "95.000000" : 47972352,
            "99.000000" : 64749568,
            "99.500000" : 71827456,
            "99.900000" : 82313216,
            "99.950000" : 88604672,
            "99.990000" : 95944704
          }
        },
        "lat_ns" : {
          "min" : 20172519,
          "max" : 96064333,
          "mean" : 28202792.998273,
          "stddev" : 10303897.786233
        },
        "bw_min" : 137728,
        "bw_max" : 254976,
        "bw_agg" : 99.943750,
        "bw_mean" : 192248.800000,
        "bw_dev" : 38524.009031,
        "bw_samples" : 20,
        "iops_min" : 538,
        "iops_max" : 996,
        "iops_mean" : 750.900000,
        "iops_stddev" : 150.540745,
        "iops_samples" : 20
      },
      "write" : {
        "io_bytes" : 214171648,
        "io_kbytes" : 209152,
        "bw_bytes" : 21374415,
        "bw" : 20873,
        "iops" : 81.536926,
        "runtime" : 10020,
        "total_ios" : 817,
        "short_ios" : 0,
        "drop_ios" : 0,
        "slat_ns" : {
          "min" : 27645,
          "max" : 67787,
          "mean" : 42402.866585,
          "stddev" : 2646.929231
        },
        "clat_ns" : {
          "min" : 1029531,
          "max" : 36855066,
          "mean" : 10068609.341493,
          "stddev" : 6530126.853254,
          "percentile" : {
            "1.000000" : 1036288,
            "5.000000" : 1044480,
            "10.000000" : 1875968,
            "20.000000" : 4554752,
            "30.000000" : 5537792,
            "40.000000" : 6455296,
            "50.000000" : 8290304,
            "60.000000" : 10944512,
            "70.000000" : 14745600,
            "80.000000" : 17694720,
            "90.000000" : 20316160,
            "95.000000" : 20316160,
            "99.000000" : 20578304,
            "99.500000" : 23986176,
            "99.900000" : 36962304,
            "99.950000" : 36962304,
            "99.990000" : 36962304
          }
        },
        "lat_ns" : {
          "min" : 1072425,
          "max" : 36898633,
          "mean" : 10111796.894737,
          "stddev" : 6530267.906503
        },
        "bw_min" : 14818,
        "bw_max" : 32768,
        "bw_agg" : 99.818665,
        "bw_mean" : 20835.150000,
        "bw_dev" : 5063.767884,
        "bw_samples" : 20,
        "iops_min" : 57,
        "iops_max" : 128,
        "iops_mean" : 81.300000,
        "iops_stddev" : 19.868250,
        "iops_samples" : 20
      },
      "trim" : {
        "io_bytes" : 0,
        "io_kbytes" : 0,
        "bw_bytes" : 0,
        "bw" : 0,
        "iops" : 0.000000,
        "runtime" : 0,
        "total_ios" : 0,
        "short_ios" : 0,
        "drop_ios" : 0,
        "slat_ns" : {
          "min" : 0,
          "max" : 0,
          "mean" : 0.000000,
          "stddev" : 0.000000
        },
        "clat_ns" : {
          "min" : 0,
          "max" : 0,
          "mean" : 0.000000,
          "stddev" : 0.000000,
          "percentile" : {
            "1.000000" : 0,
            "5.000000" : 0,
            "10.000000" : 0,
            "20.000000" : 0,
            "30.000000" : 0,
            "40.000000" : 0,
            "50.000000" : 0,
            "60.000000" : 0,
            "70.000000" : 0,
            "80.000000" : 0,
            "90.000000" : 0,
            "95.000000" : 0,
            "99.000000" : 0,
            "99.500000" : 0,
            "99.900000" : 0,
            "99.950000" : 0,
            "99.990000" : 0
          }
        },
        "lat_ns" : {
          "min" : 0,
          "max" : 0,
          "mean" : 0.000000,
          "stddev" : 0.000000
        },
        "bw_min" : 0,
        "bw_max" : 0,
        "bw_agg" : 0.000000,
        "bw_mean" : 0.000000,
        "bw_dev" : 0.000000,
        "bw_samples" : 0,
        "iops_min" : 0,
        "iops_max" : 0,
        "iops_mean" : 0.000000,
        "iops_stddev" : 0.000000,
        "iops_samples" : 0
      },
      "sync" : {
        "lat_ns" : {
          "min" : 0,
          "max" : 0,
          "mean" : 0.000000,
          "stddev" : 0.000000,
          "percentile" : {
            "1.000000" : 0,
            "5.000000" : 0,
            "10.000000" : 0,
            "20.000000" : 0,
            "30.000000" : 0,
            "40.000000" : 0,
            "50.000000" : 0,
            "60.000000" : 0,
            "70.000000" : 0,
            "80.000000" : 0,
            "90.000000" : 0,
            "95.000000" : 0,
            "99.000000" : 0,
            "99.500000" : 0,
            "99.900000" : 0,
            "99.950000" : 0,
            "99.990000" : 0
          }
        },
        "total_ios" : 0
      },
      "job_runtime" : 10019,
      "usr_cpu" : 1.457231,
      "sys_cpu" : 4.271883,
      "ctx" : 8347,
      "majf" : 0,
      "minf" : 15,
      "iodepth_level" : {
        "1" : 0.000000,
        "2" : 0.000000,
        "4" : 0.000000,
        "8" : 0.000000,
        "16" : 100.000000,
        "32" : 0.000000,
        ">=64" : 0.000000
      },
      "iodepth_submit" : {
        "0" : 0.000000,
        "4" : 100.000000,
        "8" : 0.000000,
        "16" : 0.000000,
        "32" : 0.000000,
        "64" : 0.000000,
        ">=64" : 0.000000
      },
      "iodepth_complete" : {
        "0" : 0.000000,
        "4" : 99.987989,
        "8" : 0.000000,
        "16" : 0.000000,
        "32" : 0.100000,
        "64" : 0.000000,
        ">=64" : 0.000000
      },
      "latency_ns" : {
        "2" : 0.000000,
        "4" : 0.000000,
        "10" : 0.000000,
        "20" : 0.000000,
        "50" : 0.000000,
        "100" : 0.000000,
        "250" : 0.000000,
        "500" : 0.000000,
        "750" : 0.000000,
        "1000" : 0.000000
      },
      "latency_us" : {
        "2" : 0.000000,
        "4" : 0.000000,
        "10" : 0.000000,
        "20" : 0.000000,
        "50" : 0.000000,
        "100" : 0.000000,
        "250" : 0.000000,
        "500" : 0.000000,
        "750" : 0.000000,
        "1000" : 0.000000
      },
      "latency_ms" : {
        "2" : 1.069069,
        "4" : 0.840841,
        "10" : 3.723724,
        "20" : 3.099099,
        "50" : 87.663664,
        "100" : 3.855856,
        "250" : 0.000000,
        "500" : 0.000000,
        "750" : 0.000000,
        "1000" : 0.000000,
        "2000" : 0.000000,
        ">=2000" : 0.000000
      },
      "latency_depth" : 22,