
{
  "fio version" : "fio-3.15",
  "timestamp" : 1586557172,
  "time" : "Fri Apr 10 15:19:32 2020",
  "global options" : {
    "direct" : "1",
    "iodepth" : "22",
    "ioengine" : "libaio",
    "runtime" : "10",
    "time_based" : "1",
    "ramp_time" : "5",
    "size" : "5g",
    "numjobs" : "1",
    "rw" : "rw",
    "bs" : "32k",
    "rwmixread" : "90",
    "rwmixwrite" : "10"
  },
  "client_stats" : [
    {
      "jobname" : "rw_bw_test",
      "groupid" : 0,
      "error" : 0,
      "job options" : {
        "name" : "rw_bw_test",
        "filename" : "/mnt/VBOX_HARDDISK_xfs/test.dat"
      },
      "read" : {
        "io_bytes" : 2046984192,
        "io_kbytes" : 1999008,
        "bw_bytes" : 204637028,
        "bw" : 199840,
        "iops" : 6242.927122,
        "runtime" : 10003,
        "total_ios" : 62448,
        "short_ios" : 0,
        "drop_ios" : 0,
        "slat_ns" : {
          "min" : 16194,
          "max" : 22307984,
          "mean" : 68017.604263,
          "stddev" : 296880.577656
        },
        "clat_ns" : {
          "min" : 485631,
          "max" : 46207063,
          "mean" : 3382184.022699,
          "stddev" : 2902232.093130,
          "percentile" : {
            "1.000000" : 1286144,
            "5.000000" : 1679360,
            "10.000000" : 1957888,
            "20.000000" : 2375680,
            "30.000000" : 2506752,
            "40.000000" : 2572288,
            "50.000000" : 2572288,
            "60.000000" : 2605056,
            "70.000000" : 2703360,
            "80.000000" : 3194880,
            "90.000000" : 5013504,
            "95.000000" : 9240576,
            "99.000000" : 16318464,
            "99.500000" : 18219008,
            "99.900000" : 24248320,
            "99.950000" : 30539776,
            "99.990000" : 45875200
          }
        },
        "lat_ns" : {
          "min" : 587051,
          "max" : 46246113,
          "mean" : 3451279.722198,
          "stddev" : 2913716.870052
        },
        "bw_min" : 162048,
        "bw_max" : 222848,
        "bw_agg" : 99.875676,
        "bw_mean" : 199591.550000,
        "bw_dev" : 19388.775824,
        "bw_samples" : 20,
        "iops_min" : 5064,
        "iops_max" : 6964,
        "iops_mean" : 6237.100000,
        "iops_stddev" : 605.976020,
        "iops_samples" : 20
      },
      "write" : {
        "io_bytes" : 225509376,
        "io_kbytes" : 220224,
        "bw_bytes" : 22544174,
        "bw" : 22015,
        "iops" : 687.993602,
        "runtime" : 10003,
        "total_ios" : 6882,
        "short_ios" : 0,
        "drop_ios" : 0,
        "slat_ns" : {
          "min" : 20257,
          "max" : 7042914,
          "mean" : 68864.802238,
          "stddev" : 185852.193325
        },
        "clat_ns" : {
          "min" : 38887,
          "max" : 22966199,
          "mean" : 584610.778989,
          "stddev" : 1187340.130565,
          "percentile" : {
            "1.000000" : 60672,
            "5.000000" : 80384,
            "10.000000" : 88576,
            "20.000000" : 101888,
            "30.000000" : 119296,
            "40.000000" : 136192,
            "50.000000" : 166912,
            "60.000000" : 244736,
            "70.000000" : 493568,
            "80.000000" : 888832,
            "90.000000" : 1482752,
            "95.000000" : 2023424,
            "99.000000" : 4620288,
            "99.500000" : 7962624,
            "99.900000" : 16908288,
            "99.950000" : 19005440,
            "99.990000" : 22937600
          }
        },
        "lat_ns" : {
          "min" : 76641,
          "max" : 23052483,
          "mean" : 654501.845684,
          "stddev" : 1220088.152573
        },
        "bw_min" : 17792,
        "bw_max" : 25984,
        "bw_agg" : 99.908471,
        "bw_mean" : 21994.850000,
        "bw_dev" : 2541.452015,
        "bw_samples" : 20,
        "iops_min" : 556,
        "iops_max" : 812,
        "iops_mean" : 687.100000,
        "iops_stddev" : 79.555277,
        "iops_samples" : 20
      },
      "trim" : {
        "io_bytes" : 0,
        "io_kbytes" : 0,
        "bw_bytes" : 0,
        "bw" : 0,
        "iops" : 0.000000,
        "runtime" : 0,
        "total_ios" : 0,
        "short_ios" : 0,
        "drop_ios" : 0,
        "slat_ns" : {
          "min" : 0,
          "max" : 0,
          "mean" : 0.000000,
          "stddev" : 0.000000
        },
        "clat_ns" : {
          "min" : 0,
          "max" : 0,
          "mean" : 0.000000,
          "stddev" : 0.000000,
          "percentile" : {
            "1.000000" : 0,
            "5.000000" : 0,
            "10.000000" : 0,
            "20.000000" : 0,
            "30.000000" : 0,
            "40.000000" : 0,
            "50.000000" : 0,
            "60.000000" : 0,
            "70.000000" : 0,
            "80.000000" : 0,
            "90.000000" : 0,
            "95.000000" : 0,
            "99.000000" : 0,
            "99.500000" : 0,
            "99.900000" : 0,
            "99.950000" : 0,
            "99.990000" : 0
          }
        },
        "lat_ns" : {
          "min" : 0,
          "max" : 0,
          "mean" : 0.000000,
          "stddev" : 0.000000
        },
        "bw_min" : 0,
        "bw_max" : 0,
        "bw_agg" : 0.000000,
        "bw_mean" : 0.000000,
        "bw_dev" : 0.000000,
        "bw_samples" : 0,
        "iops_min" : 0,
        "iops_max" : 0,
        "iops_mean" : 0.000000,
        "iops_stddev" : 0.000000,
        "iops_samples" : 0
      },
      "sync" : {
        "lat_ns" : {
          "min" : 0,
          "max" : 0,
          "mean" : 0.000000,
          "stddev" : 0.000000,
          "percentile" : {
            "1.000000" : 0,
            "5.000000" : 0,
            "10.000000" : 0,
            "20.000000" : 0,
            "30.000000" : 0,
            "40.000000" : 0,
            "50.000000" : 0,
            "60.000000" : 0,
            "70.000000" : 0,
            "80.000000" : 0,
            "90.000000" : 0,
            "95.000000" : 0,
            "99.000000" : 0,
            "99.500000" : 0,
            "99.900000" : 0,
            "99.950000" : 0,
            "99.990000" : 0
          }
        },
        "total_ios" : 0
      },
      "job_runtime" : 10002,
      "usr_cpu" : 1.319736,
      "sys_cpu" : 55.388922,
      "ctx" : 32732,
      "majf" : 0,
      "minf" : 16,
      "iodepth_level" : {
        "1" : 0.000000,
        "2" : 0.000000,
        "4" : 0.000000,
        "8" : 0.000000,
        "16" : 100.000000,
        "32" : 0.000000,
        ">=64" : 0.000000
      },
      "iodepth_submit" : {
        "0" : 0.000000,
        "4" : 100.000000,
        "8" : 0.000000,
        "16" : 0.000000,
        "32" : 0.000000,
        "64" : 0.000000,
        ">=64" : 0.000000
      },
      "iodepth_complete" : {
        "0" : 0.000000,
        "4" : 99.998558,
        "8" : 0.000000,
        "16" : 0.000000,
        "32" : 0.100000,
        "64" : 0.000000,
        ">=64" : 0.000000
      },
      "latency_ns" : {
        "2" : 0.000000,
        "4" : 0.000000,
        "10" : 0.000000,
        "20" : 0.000000,
        "50" : 0.000000,
        "100" : 0.000000,
        "250" : 0.000000,
        "500" : 0.000000,
        "750" : 0.000000,
        "1000" : 0.000000
      },
      "latency_us" : {
        "2" : 0.000000,
        "4" : 0.000000,
        "10" : 0.000000,
        "20" : 0.000000,
        "50" : 0.010097,
        "100" : 1.888072,
        "250" : 4.092024,
        "500" : 0.975047,
        "750" : 0.667821,
        "1000" : 0.659166
      },
      "latency_ms" : {
        "2" : 10.920237,
        "4" : 68.697534,
        "10" : 7.964806,
        "20" : 3.890091,
        "50" : 0.265397,
        "100" : 0.000000,
        "250" : 0.000000,
        "500" : 0.000000,
        "750" : 0.000000,
        "1000" : 0.000000,
        "2000" : 0.000000,
        ">=2000" : 0.000000
      },
      "latency_depth" : 22,
      "latency_target" : 0,
      "latency_percentile" : 100.000000,