
{
  "fio version" : "fio-3.15",
  "timestamp" : 1586554055,
  "time" : "Fri Apr 10 14:27:35 2020",
  "global options" : {
    "direct" : "1",
    "iodepth" : "22",
    "ioengine" : "libaio",
    "runtime" : "10",
    "time_based" : "1",
    "ramp_time" : "5",
    "size" : "5g",
    "numjobs" : "1",
    "rw" : "rw",
    "bs" : "256k",
    "rwmixread" : "90",
    "rwmixwrite" : "10"
  },
  "client_stats" : [
    {
      "jobname" : "rw_bw_test",
      "groupid" : 0,
      "error" : 0,
      "job options" : {
        "name" : "rw_bw_test",
        "filename" : "/mnt/VBOX_HARDDISK_ext4/test.dat"
      },
      "read" : {
        "io_bytes" : 1896087552,
        "io_kbytes" : 1851648,
        "bw_bytes" : 189230294,
        "bw" : 184795,
        "iops" : 719.760479,
        "runtime" : 10020,
        "total_ios" : 7212,
        "short_ios" : 0,
        "drop_ios" : 0,
        "slat_ns" : {
          "min" : 13589,
          "max" : 8674422,
          "mean" : 83749.377565,
          "stddev" : 171339.880025
        },
        "clat_ns" : {
          "min" : 1710718,
          "max" : 126787740,
          "mean" : 30060563.149177,
          "stddev" : 14498846.644413,
          "percentile" : {
            "1.000000" : 15138816,
            "5.000000" : 19267584,
            "10.000000" : 19791872,
            "20.000000" : 20054016,
            "30.000000" : 20316160,
            "40.000000" : 20578304,
            "50.000000" : 22151168,
            "60.000000" : 26607616,
            "70.000000" : 31064064,
            "80.000000" : 41156608,
            "90.000000" : 55836672,
            "95.000000" : 60555264,
            "99.000000" : 67633152,
            "99.500000" : 71827456,
            "99.900000" : 77070336,
            "99.950000" : 124256256,
            "99.990000" : 126353408
          }
        },
        "lat_ns" : {
          "min" : 1787405,
          "max" : 126830296,
          "mean" : 30145626.584267,
          "stddev" : 14499134.242577
        },
        "bw_min" : 145117,
        "bw_max" : 208896,
        "bw_agg" : 99.672691,
        "bw_mean" : 184190.150000,
        "bw_dev" : 14334.580233,
        "bw_samples" : 20,
        "iops_min" : 566,
        "iops_max" : 816,
        "iops_mean" : 719.200000,
        "iops_stddev" : 56.133863,
        "iops_samples" : 20
      },
      "write" : {
        "io_bytes" : 209190912,
        "io_kbytes" : 204288,
        "bw_bytes" : 20877336,
        "bw" : 20388,
        "iops" : 79.640719,
        "runtime" : 10020,
        "total_ios" : 798,
        "short_ios" : 0,
        "drop_ios" : 0,
        "slat_ns" : {
          "min" : 28135,
          "max" : 2447835,
          "mean" : 100594.303258,
          "stddev" : 163277.911358
        },
        "clat_ns" : {
          "min" : 162310,
          "max" : 67888846,
          "mean" : 3094923.810777,
          "stddev" : 6632524.607616,
          "percentile" : {
            "1.000000" : 268288,
            "5.000000" : 782336,
            "10.000000" : 962560,
            "20.000000" : 1351680,
            "30.000000" : 1810432,
            "40.000000" : 1875968,
            "50.000000" : 1908736,
            "60.000000" : 1957888,
            "70.000000" : 2056192,
            "80.000000" : 2506752,
            "90.000000" : 3358720,
            "95.000000" : 6455296,
            "99.000000" : 39059456,
            "99.500000" : 61603840,
            "99.900000" : 67633152,
            "99.950000" : 67633152,
            "99.990000" : 67633152
          }
        },
        "lat_ns" : {
          "min" : 196414,
          "max" : 67966129,
          "mean" : 3197137.799499,
          "stddev" : 6644018.707044
        },
        "bw_min" : 13232,
        "bw_max" : 24064,
        "bw_agg" : 99.967138,
        "bw_mean" : 20381.300000,
        "bw_dev" : 2627.281927,
        "bw_samples" : 20,
        "iops_min" : 51,
        "iops_max" : 94,
        "iops_mean" : 79.200000,
        "iops_stddev" : 10.303806,
        "iops_samples" : 20
      },
      "trim" : {
        "io_bytes" : 0,
        "io_kbytes" : 0,
        "bw_bytes" : 0,
        "bw" : 0,
        "iops" : 0.000000,
        "runtime" : 0,
        "total_ios" : 0,
        "short_ios" : 0,
        "drop_ios" : 0,
        "slat_ns" : {
          "min" : 0,
          "max" : 0,
          "mean" : 0.000000,
          "stddev" : 0.000000
        },
        "clat_ns" : {
          "min" : 0,
          "max" : 0,
          "mean" : 0.000000,
          "stddev" : 0.000000,
          "percentile" : {
            "1.000000" : 0,
            "5.000000" : 0,
            "10.000000" : 0,
            "20.000000" : 0,
            "30.000000" : 0,
            "40.000000" : 0,
            "50.000000" : 0,
            "60.000000" : 0,
            "70.000000" : 0,
            "80.000000" : 0,
            "90.000000" : 0,
            "95.000000" : 0,
            "99.000000" : 0,
            "99.500000" : 0,
            "99.900000" : 0,
            "99.950000" : 0,
            "99.990000" : 0
          }
        },
        "lat_ns" : {
          "min" : 0,
          "max" : 0,
          "mean" : 0.000000,
          "stddev" : 0.000000
        },
        "bw_min" : 0,
        "bw_max" : 0,
        "bw_agg" : 0.000000,
        "bw_mean" : 0.000000,
        "bw_dev" : 0.000000,
        "bw_samples" : 0,
        "iops_min" : 0,
        "iops_max" : 0,
        "iops_mean" : 0.000000,
        "iops_stddev" : 0.000000,
        "iops_samples" : 0
      },
      "sync" : {
        "lat_ns" : {
          "min" : 0,
          "max" : 0,
          "mean" : 0.000000,
          "stddev" : 0.000000,
          "percentile" : {
            "1.000000" : 0,
            "5.000000" : 0,
            "10.000000" : 0,
            "20.000000" : 0,
            "30.000000" : 0,
            "40.000000" : 0,
            "50.000000" : 0,
            "60.000000" : 0,
            "70.000000" : 0,
            "80.000000" : 0,
            "90.000000" : 0,
            "95.000000" : 0,
            "99.000000" : 0,
            "99.500000" : 0,
            "99.900000" : 0,
            "99.950000" : 0,
            "99.990000" : 0
          }
        },
        "total_ios" : 0
      },
      "job_runtime" : 10019,
      "usr_cpu" : 0.239545,
      "sys_cpu" : 8.823236,
      "ctx" : 6801,
      "majf" : 0,
      "minf" : 16,
      "iodepth_level" : {
        "1" : 0.000000,
        "2" : 0.000000,
        "4" : 0.000000,
        "8" : 0.000000,
        "16" : 100.000000,
        "32" : 0.000000,
        ">=64" : 0.000000
      },
      "iodepth_submit" : {
        "0" : 0.000000,
        "4" : 100.000000,
        "8" : 0.000000,
        "16" : 0.000000,
        "32" : 0.000000,
        "64" : 0.000000,
        ">=64" : 0.000000
      },
      "iodepth_complete" : {
        "0" : 0.000000,
        "4" : 99.987517,
        "8" : 0.000000,
        "16" : 0.000000,
        "32" : 0.100000,
        "64" : 0.000000,
        ">=64" : 0.000000
      },
      "latency_ns" : {
        "2" : 0.000000,
        "4" : 0.000000,
        "10" : 0.000000,
        "20" : 0.000000,
        "50" : 0.000000,
        "100" : 0.000000,
        "250" : 0.000000,
        "500" : 0.000000,
        "750" : 0.000000,
        "1000" : 0.000000
      },
      "latency_us" : {
        "2" : 0.000000,
        "4" : 0.000000,
        "10" : 0.000000,
        "20" : 0.000000,
        "50" : 0.000000,
        "100" : 0.000000,
        "250" : 0.074906,
        "500" : 0.124844,
        "750" : 0.187266,
        "1000" : 0.861423
      },
      "latency_ms" : {
        "2" : 5.368290,
        "4" : 2.571785,
        "10" : 0.749064,
        "20" : 12.309613,
        "50" : 63.657928,
        "100" : 14.282147,
        "250" : 0.074906,
        "500" : 0.000000,
        "750" : 0.000000,
        "1000" : 0.000000,
        "2000" : 0.000000,
        ">=2000" : 0.000000
      },
      "latency_depth" : 22,
      "latency_target" : 0,