
{
  "fio version" : "fio-3.15",
  "timestamp" : 1586557101,
  "time" : "Fri Apr 10 15:18:21 2020",
  "global options" : {
    "direct" : "1",
    "iodepth" : "22",
    "ioengine" : "libaio",
    "runtime" : "10",
    "time_based" : "1",
    "ramp_time" : "5",
    "size" : "5g",
    "numjobs" : "1",
    "rw" : "rw",
    "bs" : "4k",
    "rwmixread" : "90",
    "rwmixwrite" : "10"
  },
  "client_stats" : [
    {
      "jobname" : "rw_bw_test",
      "groupid" : 0,
      "error" : 0,
      "job options" : {
        "name" : "rw_bw_test",
        "filename" : "/mnt/VBOX_HARDDISK_xfs/test.dat"
      },
      "read" : {
        "io_bytes" : 510636032,
        "io_kbytes" : 498668,
        "bw_bytes" : 51058497,
        "bw" : 49861,
        "iops" : 12463.553645,
        "runtime" : 10001,
        "total_ios" : 124648,
        "short_ios" : 0,
        "drop_ios" : 0,
        "slat_ns" : {
          "min" : 4275,
          "max" : 18500372,
          "mean" : 53389.761049,
          "stddev" : 143428.699264
        },
        "clat_ns" : {
          "min" : 200974,
          "max" : 110826503,
          "mean" : 1574513.445282,
          "stddev" : 2222334.857544,
          "percentile" : {
            "1.000000" : 847872,
            "5.000000" : 987136,
            "10.000000" : 1044480,
            "20.000000" : 1105920,
            "30.000000" : 1155072,
            "40.000000" : 1220608,
            "50.000000" : 1269760,
            "60.000000" : 1318912,
            "70.000000" : 1384448,
            "80.000000" : 1466368,
            "90.000000" : 1646592,
            "95.000000" : 2310144,
            "99.000000" : 8847360,
            "99.500000" : 13959168,
            "99.900000" : 24248320,
            "99.950000" : 26083328,
            "99.990000" : 109576192
          }
        },
        "lat_ns" : {
          "min" : 320922,
          "max" : 110845647,
          "mean" : 1629120.861190,
          "stddev" : 2224609.129630
        },
        "bw_min" : 36421,
        "bw_max" : 60864,
        "bw_agg" : 99.775164,
        "bw_mean" : 49748.894737,
        "bw_dev" : 5888.802877,
        "bw_samples" : 19,
        "iops_min" : 9105,
        "iops_max" : 15216,
        "iops_mean" : 12437.157895,
        "iops_stddev" : 1472.211876,
        "iops_samples" : 19
      },
      "write" : {
        "io_bytes" : 55848960,
        "io_kbytes" : 54540,
        "bw_bytes" : 5584337,
        "bw" : 5453,
        "iops" : 1363.063694,
        "runtime" : 10001,
        "total_ios" : 13632,
        "short_ios" : 0,
        "drop_ios" : 0,
        "slat_ns" : {
          "min" : 6529,
          "max" : 5110849,
          "mean" : 59347.073870,
          "stddev" : 76852.360108
        },
        "clat_ns" : {
          "min" : 50999,
          "max" : 20746009,
          "mean" : 1155306.429074,
          "stddev" : 645767.940225,
          "percentile" : {
            "1.000000" : 103936,
            "5.000000" : 497664,
            "10.000000" : 856064,
            "20.000000" : 970752,
            "30.000000" : 1028096,
            "40.000000" : 1089536,
            "50.000000" : 1138688,
            "60.000000" : 1187840,
            "70.000000" : 1253376,
            "80.000000" : 1318912,
            "90.000000" : 1433600,
            "95.000000" : 1548288,
            "99.000000" : 1859584,
            "99.500000" : 3096576,
            "99.900000" : 11730944,
            "99.950000" : 13828096,
            "99.990000" : 20316160
          }
        },
        "lat_ns" : {
          "min" : 72944,
          "max" : 20933163,
          "mean" : 1215836.761772,
          "stddev" : 653461.513156
        },
        "bw_min" : 4039,
        "bw_max" : 6720,
        "bw_agg" : 99.962358,
        "bw_mean" : 5450.947368,
        "bw_dev" : 631.882063,
        "bw_samples" : 19,
        "iops_min" : 1009,
        "iops_max" : 1680,
        "iops_mean" : 1362.684211,
        "iops_stddev" : 158.072084,
        "iops_samples" : 19
      },
      "trim" : {
        "io_bytes" : 0,
        "io_kbytes" : 0,
        "bw_bytes" : 0,
        "bw" : 0,
        "iops" : 0.000000,
        "runtime" : 0,
        "total_ios" : 0,
        "short_ios" : 0,
        "drop_ios" : 0,
        "slat_ns" : {
          "min" : 0,
          "max" : 0,
          "mean" : 0.000000,
          "stddev" : 0.000000
        },
        "clat_ns" : {
          "min" : 0,
          "max" : 0,
          "mean" : 0.000000,
          "stddev" : 0.000000,
          "percentile" : {
            "1.000000" : 0,
            "5.000000" : 0,
            "10.000000" : 0,
            "20.000000" : 0,
            "30.000000" : 0,
            "40.000000" : 0,
            "50.000000" : 0,
            "60.000000" : 0,
            "70.000000" : 0,
            "80.000000" : 0,
            "90.000000" : 0,
            "95.000000" : 0,
            "99.000000" : 0,
            "99.500000" : 0,
            "99.900000" : 0,
            "99.950000" : 0,
            "99.990000" : 0
          }
        },
        "lat_ns" : {
          "min" : 0,
          "max" : 0,
          "mean" : 0.000000,
          "stddev" : 0.000000
        },
        "bw_min" : 0,
        "bw_max" : 0,
        "bw_agg" : 0.000000,
        "bw_mean" : 0.000000,
        "bw_dev" : 0.000000,
        "bw_samples" : 0,
        "iops_min" : 0,
        "iops_max" : 0,
        "iops_mean" : 0.000000,
        "iops_stddev" : 0.000000,
        "iops_samples" : 0
      },
      "sync" : {
        "lat_ns" : {
          "min" : 0,
          "max" : 0,
          "mean" : 0.000000,
          "stddev" : 0.000000,
          "percentile" : {
            "1.000000" : 0,
            "5.000000" : 0,
            "10.000000" : 0,
            "20.000000" : 0,
            "30.000000" : 0,
            "40.000000" : 0,
            "50.000000" : 0,
            "60.000000" : 0,
            "70.000000" : 0,
            "80.000000" : 0,
            "90.000000" : 0,
            "95.000000" : 0,
            "99.000000" : 0,
            "99.500000" : 0,
            "99.900000" : 0,
            "99.950000" : 0,
            "99.990000" : 0
          }
        },
        "total_ios" : 0
      },
      "job_runtime" : 10000,
      "usr_cpu" : 1.760000,
      "sys_cpu" : 82.080000,
      "ctx" : 2222,
      "majf" : 0,
      "minf" : 16,
      "iodepth_level" : {
        "1" : 0.000000,
        "2" : 0.000000,
        "4" : 0.000000,
        "8" : 0.000000,
        "16" : 100.000000,
        "32" : 0.000000,
        ">=64" : 0.000000
      },
      "iodepth_submit" : {
        "0" : 0.000000,
        "4" : 100.000000,
        "8" : 0.000000,
        "16" : 0.000000,
        "32" : 0.000000,
        "64" : 0.000000,
        ">=64" : 0.000000
      },
      "iodepth_complete" : {
        "0" : 0.000000,
        "4" : 99.999277,
        "8" : 0.000000,
        "16" : 0.000000,
        "32" : 0.100000,
        "64" : 0.000000,
        ">=64" : 0.000000
      },
      "latency_ns" : {
        "2" : 0.000000,
        "4" : 0.000000,
        "10" : 0.000000,
        "20" : 0.000000,
        "50" : 0.000000,
        "100" : 0.000000,
        "250" : 0.000000,
        "500" : 0.000000,
        "750" : 0.000000,
        "1000" : 0.000000
      },
      "latency_us" : {
        "2" : 0.000000,
        "4" : 0.000000,
        "10" : 0.000000,
        "20" : 0.000000,
        "50" : 0.000000,
        "100" : 0.094735,
        "250" : 0.174284,
        "500" : 0.232138,
        "750" : 0.557564,
        "1000" : 6.715360
      },
      "latency_ms" : {
        "2" : 87.001012,
        "4" : 2.064651,
        "10" : 2.423344,
        "20" : 0.455597,
        "50" : 0.280590,
        "100" : 0.000000,
        "250" : 0.015910,
        "500" : 0.000000,
        "750" : 0.000000,
        "1000" : 0.000000,
        "2000" : 0.000000,
        ">=2000" : 0.000000
      },
      "latency_depth" : 22,
      "latency_target" : 0,
      "latency_percentile" : 100.000000,