
{
  "fio version" : "fio-3.15",
  "timestamp" : 1586554022,
  "time" : "Fri Apr 10 14:27:02 2020",
  "global options" : {
    "direct" : "1",
    "iodepth" : "22",
    "ioengine" : "libaio",
    "runtime" : "10",
    "time_based" : "1",
    "ramp_time" : "5",
    "size" : "5g",
    "numjobs" : "1",
    "rw" : "rw",
    "bs" : "64k",
    "rwmixread" : "90",
    "rwmixwrite" : "10"
  },
  "client_stats" : [
    {
      "jobname" : "rw_bw_test",
      "groupid" : 0,
      "error" : 0,
      "job options" : {
        "name" : "rw_bw_test",
        "filename" : "/mnt/VBOX_HARDDISK_ext4/test.dat"
      },
      "read" : {
        "io_bytes" : 1827799040,
        "io_kbytes" : 1784960,
        "bw_bytes" : 182378670,
        "bw" : 178104,
        "iops" : 2780.882059,
        "runtime" : 10022,
        "total_ios" : 27870,
        "short_ios" : 0,
        "drop_ios" : 0,
        "slat_ns" : {
          "min" : 6426,
          "max" : 12116271,
          "mean" : 85738.607140,
          "stddev" : 230488.243153
        },
        "clat_ns" : {
          "min" : 681171,
          "max" : 65140024,
          "mean" : 7721362.615740,
          "stddev" : 6910020.563496,
          "percentile" : {
            "1.000000" : 1941504,
            "5.000000" : 3424256,
            "10.000000" : 4489216,
            "20.000000" : 5013504,
            "30.000000" : 5079040,
            "40.000000" : 5144576,
            "50.000000" : 5210112,
            "60.000000" : 5603328,
            "70.000000" : 6848512,
            "80.000000" : 8093696,
            "90.000000" : 12124160,
            "95.000000" : 20578304,
            "99.000000" : 38535168,
            "99.500000" : 41156608,
            "99.900000" : 44302336,
            "99.950000" : 63176704,
            "99.990000" : 65273856
          }
        },
        "lat_ns" : {
          "min" : 742459,
          "max" : 65198614,
          "mean" : 7808407.102080,
          "stddev" : 6905062.916440
        },
        "bw_min" : 161596,
        "bw_max" : 198770,
        "bw_agg" : 100.000000,
        "bw_mean" : 178190.100000,
        "bw_dev" : 10248.740626,
        "bw_samples" : 20,
        "iops_min" : 2524,
        "iops_max" : 3105,
        "iops_mean" : 2783.950000,
        "iops_stddev" : 160.143184,
        "iops_samples" : 20
      },
      "write" : {
        "io_bytes" : 207093760,
        "io_kbytes" : 202240,
        "bw_bytes" : 20663915,
        "bw" : 20179,
        "iops" : 315.206546,
        "runtime" : 10022,
        "total_ios" : 3159,
        "short_ios" : 0,
        "drop_ios" : 0,
        "slat_ns" : {
          "min" : 7165,
          "max" : 8187243,
          "mean" : 90578.498259,
          "stddev" : 235150.168265
        },
        "clat_ns" : {
          "min" : 1857,
          "max" : 33388158,
          "mean" : 829818.004430,
          "stddev" : 1735171.556062,
          "percentile" : {
            "1.000000" : 79360,
            "5.000000" : 93696,
            "10.000000" : 98816,
            "20.000000" : 103936,
            "30.000000" : 115200,
            "40.000000" : 142336,
            "50.000000" : 175104,
            "60.000000" : 222208,
            "70.000000" : 321536,
            "80.000000" : 782336,
            "90.000000" : 2965504,
            "95.000000" : 4554752,
            "99.000000" : 6979584,
            "99.500000" : 8716288,
            "99.900000" : 13172736,
            "99.950000" : 24772608,
            "99.990000" : 33423360
          }
        },
        "lat_ns" : {
          "min" : 87207,
          "max" : 33405678,
          "mean" : 921781.621835,
          "stddev" : 1814696.757998
        },
        "bw_min" : 16512,
        "bw_max" : 22738,
        "bw_agg" : 100.000000,
        "bw_mean" : 20189.850000,
        "bw_dev" : 1684.386669,
        "bw_samples" : 20,
        "iops_min" : 258,
        "iops_max" : 355,
        "iops_mean" : 315.300000,
        "iops_stddev" : 26.223934,
        "iops_samples" : 20
      },
      "trim" : {
        "io_bytes" : 0,
        "io_kbytes" : 0,
        "bw_bytes" : 0,
        "bw" : 0,
        "iops" : 0.000000,
        "runtime" : 0,
        "total_ios" : 0,
        "short_ios" : 0,
        "drop_ios" : 0,
        "slat_ns" : {
          "min" : 0,
          "max" : 0,
          "mean" : 0.000000,
          "stddev" : 0.000000
        },
        "clat_ns" : {
          "min" : 0,
          "max" : 0,
          "mean" : 0.000000,
          "stddev" : 0.000000,
          "percentile" : {
            "1.000000" : 0,
            "5.000000" : 0,
            "10.000000" : 0,
            "20.000000" : 0,
            "30.000000" : 0,
            "40.000000" : 0,
            "50.000000" : 0,
            "60.000000" : 0,
            "70.000000" : 0,
            "80.000000" : 0,
            "90.000000" : 0,
            "95.000000" : 0,
            "99.000000" : 0,
            "99.500000" : 0,
            "99.900000" : 0,
            "99.950000" : 0,
            "99.990000" : 0
          }
        },
        "lat_ns" : {
          "min" : 0,
          "max" : 0,
          "mean" : 0.000000,
          "stddev" : 0.000000
        },
        "bw_min" : 0,
        "bw_max" : 0,
        "bw_agg" : 0.000000,
        "bw_mean" : 0.000000,
        "bw_dev" : 0.000000,
        "bw_samples" : 0,
        "iops_min" : 0,
        "iops_max" : 0,
        "iops_mean" : 0.000000,
        "iops_stddev" : 0.000000,
        "iops_samples" : 0
      },
      "sync" : {
        "lat_ns" : {
          "min" : 0,
          "max" : 0,
          "mean" : 0.000000,
          "stddev" : 0.000000,
          "percentile" : {
            "1.000000" : 0,
            "5.000000" : 0,
            "10.000000" : 0,
            "20.000000" : 0,
            "30.000000" : 0,
            "40.000000" : 0,
            "50.000000" : 0,
            "60.000000" : 0,
            "70.000000" : 0,
            "80.000000" : 0,
            "90.000000" : 0,
            "95.000000" : 0,
            "99.000000" : 0,
            "99.500000" : 0,
            "99.900000" : 0,
            "99.950000" : 0,
            "99.990000" : 0
          }
        },
        "total_ios" : 0
      },
      "job_runtime" : 10021,
      "usr_cpu" : 0.957988,
      "sys_cpu" : 31.094701,
      "ctx" : 20925,
      "majf" : 0,
      "minf" : 16,
      "iodepth_level" : {
        "1" : 0.000000,
        "2" : 0.000000,
        "4" : 0.000000,
        "8" : 0.000000,
        "16" : 100.000000,
        "32" : 0.000000,
        ">=64" : 0.000000
      },
      "iodepth_submit" : {
        "0" : 0.000000,
        "4" : 100.000000,
        "8" : 0.000000,
        "16" : 0.000000,
        "32" : 0.000000,
        "64" : 0.000000,
        ">=64" : 0.000000
      },
      "iodepth_complete" : {
        "0" : 0.000000,
        "4" : 99.996777,
        "8" : 0.000000,
        "16" : 0.000000,
        "32" : 0.100000,
        "64" : 0.000000,
        ">=64" : 0.000000
      },
      "latency_ns" : {
        "2" : 0.000000,
        "4" : 0.000000,
        "10" : 0.000000,
        "20" : 0.000000,
        "50" : 0.000000,
        "100" : 0.000000,
        "250" : 0.000000,
        "500" : 0.000000,
        "750" : 0.000000,
        "1000" : 0.000000
      },
      "latency_us" : {
        "2" : 0.010000,
        "4" : 0.010000,
        "10" : 0.010000,
        "20" : 0.000000,
        "50" : 0.016114,
        "100" : 1.369686,
        "250" : 5.146798,
        "500" : 1.234329,
        "750" : 0.319056,
        "1000" : 0.299720
      },
      "latency_ms" : {
        "2" : 1.418028,
        "4" : 6.290889,
        "10" : 71.081891,
        "20" : 8.218119,
        "50" : 4.592478,
        "100" : 0.070901,
        "250" : 0.000000,
        "500" : 0.000000,
        "750" : 0.000000,
        "1000" : 0.000000,
        "2000" : 0.000000,
        ">=2000" : 0.000000
      },
      "latency_depth" : 22,
      "latency_target" : 0,
      "latency_percentile" : 100.000000,