
{
  "fio version" : "fio-3.15",
  "timestamp" : 1586553492,
  "time" : "Fri Apr 10 14:18:12 2020",
  "global options" : {
    "direct" : "1",
    "iodepth" : "22",
    "ioengine" : "libaio",
    "runtime" : "10",
    "time_based" : "1",
    "ramp_time" : "5",
    "size" : "5g",
    "numjobs" : "1",
    "rw" : "rw",
    "bs" : "512k",
    "rwmixread" : "90",
    "rwmixwrite" : "10"
  },
  "client_stats" : [
    {
      "jobname" : "rw_bw_test",
      "groupid" : 0,
      "error" : 0,
      "job options" : {
        "name" : "rw_bw_test",
        "filename" : "/dev/sdb"
      },
      "read" : {
        "io_bytes" : 2523922432,
        "io_kbytes" : 2464768,
        "bw_bytes" : 251236555,
        "bw" : 245348,
        "iops" : 477.403942,
        "runtime" : 10046,
        "total_ios" : 4796,
        "short_ios" : 0,
        "drop_ios" : 0,
        "slat_ns" : {
          "min" : 34227,
          "max" : 24439246,
          "mean" : 115485.752711,
          "stddev" : 362102.168842
        },
        "clat_ns" : {
          "min" : 6877090,
          "max" : 90521932,
          "mean" : 43255322.090154,
          "stddev" : 5891334.523236,
          "percentile" : {
            "1.000000" : 32374784,
            "5.000000" : 36438016,
            "10.000000" : 37486592,
            "20.000000" : 38535168,
            "30.000000" : 39583744,
            "40.000000" : 40632320,
            "50.000000" : 41156608,
            "60.000000" : 44826624,
            "70.000000" : 46923776,
            "80.000000" : 48496640,
            "90.000000" : 50069504,
            "95.000000" : 51118080,
            "99.000000" : 57409536,
            "99.500000" : 66322432,
            "99.900000" : 81264640,
            "99.950000" : 85458944,
            "99.990000" : 90701824
          }
        },
        "lat_ns" : {
          "min" : 7043157,
          "max" : 90689276,
          "mean" : 43372635.500623,
          "stddev" : 5874648.250228
        },
        "bw_min" : 229587,
        "bw_max" : 259072,
        "bw_agg" : 99.378312,
        "bw_mean" : 243822.700000,
        "bw_dev" : 9908.151578,
        "bw_samples" : 20,
        "iops_min" : 448,
        "iops_max" : 506,
        "iops_mean" : 476.000000,
        "iops_stddev" : 19.571730,
        "iops_samples" : 20
      },
      "write" : {
        "io_bytes" : 283639808,
        "io_kbytes" : 276992,
        "bw_bytes" : 28234103,
        "bw" : 27572,
        "iops" : 53.553653,
        "runtime" : 10046,
        "total_ios" : 538,
        "short_ios" : 0,
        "drop_ios" : 0,
        "slat_ns" : {
          "min" : 39008,
          "max" : 7162699,
          "mean" : 128824.195167,
          "stddev" : 312744.386470
        },
        "clat_ns" : {
          "min" : 1018559,
          "max" : 56221382,
          "mean" : 23034697.410351,
          "stddev" : 5651349.690107,
          "percentile" : {
            "1.000000" : 10944512,
            "5.000000" : 16449536,
            "10.000000" : 17694720,
            "20.000000" : 19005440,
            "30.000000" : 20578304,
            "40.000000" : 20840448,
            "50.000000" : 21626880,
            "60.000000" : 22413312,
            "70.000000" : 22675456,
            "80.000000" : 28966912,
            "90.000000" : 31588352,
            "95.000000" : 32636928,
            "99.000000" : 35913728,
            "99.500000" : 37486592,
            "99.900000" : 56360960,
            "99.950000" : 56360960,
            "99.990000" : 56360960
          }
        },
        "lat_ns" : {
          "min" : 1080549,
          "max" : 56340181,
          "mean" : 23166005.658041,
          "stddev" : 5622756.492787
        },
        "bw_min" : 17373,
        "bw_max" : 35768,
        "bw_agg" : 99.424235,
        "bw_mean" : 27413.250000,
        "bw_dev" : 4692.460715,
        "bw_samples" : 20,
        "iops_min" : 33,
        "iops_max" : 69,
        "iops_mean" : 53.000000,
        "iops_stddev" : 9.084400,
        "iops_samples" : 20
      },
      "trim" : {
        "io_bytes" : 0,
        "io_kbytes" : 0,
        "bw_bytes" : 0,
        "bw" : 0,
        "iops" : 0.000000,
        "runtime" : 0,
        "total_ios" : 0,
        "short_ios" : 0,
        "drop_ios" : 0,
        "slat_ns" : {
          "min" : 0,
          "max" : 0,
          "mean" : 0.000000,
          "stddev" : 0.000000
        },
        "clat_ns" : {
          "min" : 0,
          "max" : 0,
          "mean" : 0.000000,
          "stddev" : 0.000000,
          "percentile" : {
            "1.000000" : 0,
            "5.000000" : 0,
            "10.000000" : 0,
            "20.000000" : 0,
            "30.000000" : 0,
            "40.000000" : 0,
            "50.000000" : 0,
            "60.000000" : 0,
            "70.000000" : 0,
            "80.000000" : 0,
            "90.000000" : 0,
            "95.000000" : 0,
            "99.000000" : 0,
            "99.500000" : 0,
            "99.900000" : 0,
            "99.950000" : 0,
            "99.990000" : 0
          }
        },
        "lat_ns" : {
          "min" : 0,
          "max" : 0,
          "mean" : 0.000000,
          "stddev" : 0.000000
        },
        "bw_min" : 0,
        "bw_max" : 0,
        "bw_agg" : 0.000000,
        "bw_mean" : 0.000000,
        "bw_dev" : 0.000000,
        "bw_samples" : 0,
        "iops_min" : 0,
        "iops_max" : 0,
        "iops_mean" : 0.000000,
        "iops_stddev" : 0.000000,
        "iops_samples" : 0
      },
      "sync" : {
        "lat_ns" : {
          "min" : 0,
          "max" : 0,
          "mean" : 0.000000,
          "stddev" : 0.000000,
          "percentile" : {
            "1.000000" : 0,
            "5.000000" : 0,
            "10.000000" : 0,
            "20.000000" : 0,
            "30.000000" : 0,
            "40.000000" : 0,
            "50.000000" : 0,
            "60.000000" : 0,
            "70.000000" : 0,
            "80.000000" : 0,
            "90.000000" : 0,
            "95.000000" : 0,
            "99.000000" : 0,
            "99.500000" : 0,
            "99.900000" : 0,
            "99.950000" : 0,
            "99.990000" : 0
          }
        },
        "total_ios" : 0
      },
      "job_runtime" : 10045,
      "usr_cpu" : 0.676954,
      "sys_cpu" : 7.844699,
      "ctx" : 4733,
      "majf" : 0,
      "minf" : 16,
      "iodepth_level" : {
        "1" : 0.000000,
        "2" : 0.000000,
        "4" : 0.000000,
        "8" : 0.000000,
        "16" : 100.000000,
        "32" : 0.000000,
        ">=64" : 0.000000
      },
      "iodepth_submit" : {
        "0" : 0.000000,
        "4" : 100.000000,
        "8" : 0.000000,
        "16" : 0.000000,
        "32" : 0.000000,
        "64" : 0.000000,
        ">=64" : 0.000000
      },
      "iodepth_complete" : {
        "0" : 0.000000,
        "4" : 99.981256,
        "8" : 0.000000,
        "16" : 0.000000,
        "32" : 0.100000,
        "64" : 0.000000,
        ">=64" : 0.000000
      },
      "latency_ns" : {
        "2" : 0.000000,
        "4" : 0.000000,
        "10" : 0.000000,
        "20" : 0.000000,
        "50" : 0.000000,
        "100" : 0.000000,
        "250" : 0.000000,
        "500" : 0.000000,
        "750" : 0.000000,
        "1000" : 0.000000
      },
      "latency_us" : {
        "2" : 0.000000,
        "4" : 0.000000,
        "10" : 0.000000,
        "20" : 0.000000,
        "50" : 0.000000,
        "100" : 0.000000,
        "250" : 0.000000,
        "500" : 0.000000,
        "750" : 0.000000,
        "1000" : 0.000000
      },
      "latency_ms" : {
        "2" : 0.037495,
        "4" : 0.000000,
        "10" : 0.093738,
        "20" : 2.755906,
        "50" : 88.488939,
        "100" : 9.017623,
        "250" : 0.000000,
        "500" : 0.000000,
        "750" : 0.000000,
        "1000" : 0.000000,
        "2000" : 0.000000,
        ">=2000" : 0.000000
      },
      "latency_depth" : 22,
      "latency_target" : 0,
      "latency_percentile" : 100.000000,