
{
  "fio version" : "fio-3.15",
  "timestamp" : 1586554087,
  "time" : "Fri Apr 10 14:28:07 2020",
  "global options" : {
    "direct" : "1",
    "iodepth" : "22",
    "ioengine" : "libaio",
    "runtime" : "10",
    "time_based" : "1",
    "ramp_time" : "5",
    "size" : "5g",
    "numjobs" : "1",
    "rw" : "rw",
    "bs" : "1024k",
    "rwmixread" : "90",
    "rwmixwrite" : "10"
  },
  "client_stats" : [
    {
      "jobname" : "rw_bw_test",
      "groupid" : 0,
      "error" : 0,
      "job options" : {
        "name" : "rw_bw_test",
        "filename" : "/mnt/VBOX_HARDDISK_ext4/test.dat"
      },
      "read" : {
        "io_bytes" : 1911554048,
        "io_kbytes" : 1866752,
        "bw_bytes" : 189469129,
        "bw" : 185028,
        "iops" : 178.610368,
        "runtime" : 10089,
        "total_ios" : 1802,
        "short_ios" : 0,
        "drop_ios" : 0,
        "slat_ns" : {
          "min" : 55100,
          "max" : 59811027,
          "mean" : 230112.812986,
          "stddev" : 1946985.208676
        },
        "clat_ns" : {
          "min" : 19049086,
          "max" : 207266304,
          "mean" : 112780909.221064,
          "stddev" : 27809309.832341,
          "percentile" : {
            "1.000000" : 72876032,
            "5.000000" : 74973184,
            "10.000000" : 77070336,
            "20.000000" : 81264640,
            "30.000000" : 88604672,
            "40.000000" : 111673344,
            "50.000000" : 117964800,
            "60.000000" : 122159104,
            "70.000000" : 127401984,
            "80.000000" : 132644864,
            "90.000000" : 141557760,
            "95.000000" : 160432128,
            "99.000000" : 193986560,
            "99.500000" : 198180864,
            "99.900000" : 206569472,
            "99.950000" : 206569472,
            "99.990000" : 206569472
          }
        },
        "lat_ns" : {
          "min" : 38202319,
          "max" : 207416832,
          "mean" : 113011414.259462,
          "stddev" : 27696907.246013
        },
        "bw_min" : 141312,
        "bw_max" : 214183,
        "bw_agg" : 99.571335,
        "bw_mean" : 184234.850000,
        "bw_dev" : 21905.246986,
        "bw_samples" : 20,
        "iops_min" : 138,
        "iops_max" : 209,
        "iops_mean" : 179.550000,
        "iops_stddev" : 21.303508,
        "iops_samples" : 20
      },
      "write" : {
        "io_bytes" : 201326592,
        "io_kbytes" : 196608,
        "bw_bytes" : 19955059,
        "bw" : 19487,
        "iops" : 19.030627,
        "runtime" : 10089,
        "total_ios" : 192,
        "short_ios" : 0,
        "drop_ios" : 0,
        "slat_ns" : {
          "min" : 61221,
          "max" : 489161,
          "mean" : 170394.291667,
          "stddev" : 78543.255937
        },
        "clat_ns" : {
          "min" : 52077826,
          "max" : 179620278,
          "mean" : 89664623.083333,
          "stddev" : 28973163.923920,
          "percentile" : {
            "1.000000" : 52166656,
            "5.000000" : 55836672,
            "10.000000" : 59506688,
            "20.000000" : 61079552,
            "30.000000" : 64225280,
            "40.000000" : 70778880,
            "50.000000" : 85458944,
            "60.000000" : 99090432,
            "70.000000" : 105381888,
            "80.000000" : 113770496,
            "90.000000" : 124256256,
            "95.000000" : 143654912,
            "99.000000" : 177209344,
            "99.500000" : 179306496,
            "99.900000" : 179306496,
            "99.950000" : 179306496,
            "99.990000" : 179306496
          }
        },
        "lat_ns" : {
          "min" : 52192619,
          "max" : 179720682,
          "mean" : 89836915.145833,
          "stddev" : 28977806.608251
        },
        "bw_min" : 10199,
        "bw_max" : 28276,
        "bw_agg" : 99.596911,
        "bw_mean" : 19408.450000,
        "bw_dev" : 4288.833941,
        "bw_samples" : 20,
        "iops_min" : 9,
        "iops_max" : 27,
        "iops_mean" : 18.350000,
        "iops_stddev" : 4.295346,
        "iops_samples" : 20
      },
      "trim" : {
        "io_bytes" : 0,
        "io_kbytes" : 0,
        "bw_bytes" : 0,
        "bw" : 0,
        "iops" : 0.000000,
        "runtime" : 0,
        "total_ios" : 0,
        "short_ios" : 0,
        "drop_ios" : 0,
        "slat_ns" : {
          "min" : 0,
          "max" : 0,
          "mean" : 0.000000,
          "stddev" : 0.000000
        },
        "clat_ns" : {
          "min" : 0,
          "max" : 0,
          "mean" : 0.000000,
          "stddev" : 0.000000,
          "percentile" : {
            "1.000000" : 0,
            "5.000000" : 0,
            "10.000000" : 0,
            "20.000000" : 0,
            "30.000000" : 0,
            "40.000000" : 0,
            "50.000000" : 0,
            "60.000000" : 0,
            "70.000000" : 0,
            "80.000000" : 0,
            "90.000000" : 0,
            "95.000000" : 0,
            "99.000000" : 0,
            "99.500000" : 0,
            "99.900000" : 0,
            "99.950000" : 0,
            "99.990000" : 0
          }
        },
        "lat_ns" : {
          "min" : 0,
          "max" : 0,
          "mean" : 0.000000,
          "stddev" : 0.000000
        },
        "bw_min" : 0,
        "bw_max" : 0,
        "bw_agg" : 0.000000,
        "bw_mean" : 0.000000,
        "bw_dev" : 0.000000,
        "bw_samples" : 0,
        "iops_min" : 0,
        "iops_max" : 0,
        "iops_mean" : 0.000000,
        "iops_stddev" : 0.000000,
        "iops_samples" : 0
      },
      "sync" : {
        "lat_ns" : {
          "min" : 0,
          "max" : 0,
          "mean" : 0.000000,
          "stddev" : 0.000000,
          "percentile" : {
            "1.000000" : 0,
            "5.000000" : 0,
            "10.000000" : 0,
            "20.000000" : 0,
            "30.000000" : 0,
            "40.000000" : 0,
            "50.000000" : 0,
            "60.000000" : 0,
            "70.000000" : 0,
            "80.000000" : 0,
            "90.000000" : 0,
            "95.000000" : 0,
            "99.000000" : 0,
            "99.500000" : 0,
            "99.900000" : 0,
            "99.950000" : 0,
            "99.990000" : 0
          }
        },
        "total_ios" : 0
      },
      "job_runtime" : 10088,
      "usr_cpu" : 0.158604,
      "sys_cpu" : 4.084060,
      "ctx" : 1779,
      "majf" : 0,
      "minf" : 16,
      "iodepth_level" : {
        "1" : 0.000000,
        "2" : 0.000000,
        "4" : 0.000000,
        "8" : 0.000000,
        "16" : 100.000000,
        "32" : 0.000000,
        ">=64" : 0.000000
      },
      "iodepth_submit" : {
        "0" : 0.000000,
        "4" : 100.000000,
        "8" : 0.000000,
        "16" : 0.000000,
        "32" : 0.000000,
        "64" : 0.000000,
        ">=64" : 0.000000
      },
      "iodepth_complete" : {
        "0" : 0.000000,
        "4" : 99.949875,
        "8" : 0.000000,
        "16" : 0.000000,
        "32" : 0.100000,
        "64" : 0.000000,
        ">=64" : 0.000000
      },
      "latency_ns" : {
        "2" : 0.000000,
        "4" : 0.000000,
        "10" : 0.000000,
        "20" : 0.000000,
        "50" : 0.000000,
        "100" : 0.000000,
        "250" : 0.000000,
        "500" : 0.000000,
        "750" : 0.000000,
        "1000" : 0.000000
      },
      "latency_us" : {
        "2" : 0.000000,
        "4" : 0.000000,
        "10" : 0.000000,
        "20" : 0.000000,
        "50" : 0.000000,
        "100" : 0.000000,
        "250" : 0.000000,
        "500" : 0.000000,
        "750" : 0.000000,
        "1000" : 0.000000
      },
      "latency_ms" : {
        "2" : 0.000000,
        "4" : 0.000000,
        "10" : 0.000000,
        "20" : 0.050150,
        "50" : 0.150451,
        "100" : 38.866600,
        "250" : 61.985958,
        "500" : 0.000000,
        "750" : 0.000000,
        "1000" : 0.000000,
        "2000" : 0.000000,
        ">=2000" : 0.000000
      },
      "latency_depth" : 22,