
{
  "fio version" : "fio-3.15",
  "timestamp" : 1586557139,
  "time" : "Fri Apr 10 15:18:59 2020",
  "global options" : {
    "direct" : "1",
    "iodepth" : "22",
    "ioengine" : "libaio",
    "runtime" : "10",
    "time_based" : "1",
    "ramp_time" : "5",
    "size" : "5g",
    "numjobs" : "1",
    "rw" : "rw",
    "bs" : "8k",
    "rwmixread" : "90",
    "rwmixwrite" : "10"
  },
  "client_stats" : [
    {
      "jobname" : "rw_bw_test",
      "groupid" : 0,
      "error" : 0,
      "job options" : {
        "name" : "rw_bw_test",
        "filename" : "/mnt/VBOX_HARDDISK_xfs/test.dat"
      },
      "read" : {
        "io_bytes" : 1095876608,
        "io_kbytes" : 1070192,
        "bw_bytes" : 109576703,
        "bw" : 107008,
        "iops" : 13374.162584,
        "runtime" : 10001,
        "total_ios" : 133755,
        "short_ios" : 0,
        "drop_ios" : 0,
        "slat_ns" : {
          "min" : 15036,
          "max" : 14798027,
          "mean" : 52947.270433,
          "stddev" : 132594.700431
        },
        "clat_ns" : {
          "min" : 256409,
          "max" : 26082258,
          "mean" : 1461161.393380,
          "stddev" : 1481588.008784,
          "percentile" : {
            "1.000000" : 790528,
            "5.000000" : 897024,
            "10.000000" : 962560,
            "20.000000" : 1036288,
            "30.000000" : 1089536,
            "40.000000" : 1155072,
            "50.000000" : 1220608,
            "60.000000" : 1286144,
            "70.000000" : 1368064,
            "80.000000" : 1466368,
            "90.000000" : 1646592,
            "95.000000" : 1875968,
            "99.000000" : 10813440,
            "99.500000" : 13303808,
            "99.900000" : 18743296,
            "99.950000" : 20054016,
            "99.990000" : 24772608
          }
        },
        "lat_ns" : {
          "min" : 334109,
          "max" : 26104093,
          "mean" : 1515162.808969,
          "stddev" : 1485726.885543
        },
        "bw_min" : 93552,
        "bw_max" : 121309,
        "bw_agg" : 99.759142,
        "bw_mean" : 106750.263158,
        "bw_dev" : 9413.420484,
        "bw_samples" : 19,
        "iops_min" : 11694,
        "iops_max" : 15163,
        "iops_mean" : 13343.684211,
        "iops_stddev" : 1176.656518,
        "iops_samples" : 19
      },
      "write" : {
        "io_bytes" : 121298944,
        "io_kbytes" : 118456,
        "bw_bytes" : 12128681,
        "bw" : 11844,
        "iops" : 1480.251975,
        "runtime" : 10001,
        "total_ios" : 14804,
        "short_ios" : 0,
        "drop_ios" : 0,
        "slat_ns" : {
          "min" : 18147,
          "max" : 13819734,
          "mean" : 58705.658876,
          "stddev" : 170133.748282
        },
        "clat_ns" : {
          "min" : 57218,
          "max" : 15910370,
          "mean" : 1090602.274213,
          "stddev" : 683615.950746,
          "percentile" : {
            "1.000000" : 148480,
            "5.000000" : 610304,
            "10.000000" : 741376,
            "20.000000" : 847872,
            "30.000000" : 921600,
            "40.000000" : 978944,
            "50.000000" : 1036288,
            "60.000000" : 1105920,
            "70.000000" : 1187840,
            "80.000000" : 1286144,
            "90.000000" : 1433600,
            "95.000000" : 1564672,
            "99.000000" : 1941504,
            "99.500000" : 2408448,
            "99.900000" : 13959168,
            "99.950000" : 14352384,
            "99.990000" : 15400960
          }
        },
        "lat_ns" : {
          "min" : 85135,
          "max" : 15946144,
          "mean" : 1150377.595232,
          "stddev" : 707204.274556
        },
        "bw_min" : 10272,
        "bw_max" : 13984,
        "bw_agg" : 99.645834,
        "bw_mean" : 11802.052632,
        "bw_dev" : 1282.873271,
        "bw_samples" : 19,
        "iops_min" : 1284,
        "iops_max" : 1748,
        "iops_mean" : 1475.210526,
        "iops_stddev" : 160.325911,
        "iops_samples" : 19
      },
      "trim" : {
        "io_bytes" : 0,
        "io_kbytes" : 0,
        "bw_bytes" : 0,
        "bw" : 0,
        "iops" : 0.000000,
        "runtime" : 0,
        "total_ios" : 0,
        "short_ios" : 0,
        "drop_ios" : 0,
        "slat_ns" : {
          "min" : 0,
          "max" : 0,
          "mean" : 0.000000,
          "stddev" : 0.000000
        },
        "clat_ns" : {
          "min" : 0,
          "max" : 0,
          "mean" : 0.000000,
          "stddev" : 0.000000,
          "percentile" : {
            "1.000000" : 0,
            "5.000000" : 0,
            "10.000000" : 0,
            "20.000000" : 0,
            "30.000000" : 0,
            "40.000000" : 0,
            "50.000000" : 0,
            "60.000000" : 0,
            "70.000000" : 0,
            "80.000000" : 0,
            "90.000000" : 0,
            "95.000000" : 0,
            "99.000000" : 0,
            "99.500000" : 0,
            "99.900000" : 0,
            "99.950000" : 0,
            "99.990000" : 0
          }
        },
        "lat_ns" : {
          "min" : 0,
          "max" : 0,
          "mean" : 0.000000,
          "stddev" : 0.000000
        },
        "bw_min" : 0,
        "bw_max" : 0,
        "bw_agg" : 0.000000,
        "bw_mean" : 0.000000,
        "bw_dev" : 0.000000,
        "bw_samples" : 0,
        "iops_min" : 0,
        "iops_max" : 0,
        "iops_mean" : 0.000000,
        "iops_stddev" : 0.000000,
        "iops_samples" : 0
      },
      "sync" : {
        "lat_ns" : {
          "min" : 0,
          "max" : 0,
          "mean" : 0.000000,
          "stddev" : 0.000000,
          "percentile" : {
            "1.000000" : 0,
            "5.000000" : 0,
            "10.000000" : 0,
            "20.000000" : 0,
            "30.000000" : 0,
            "40.000000" : 0,
            "50.000000" : 0,
            "60.000000" : 0,
            "70.000000" : 0,
            "80.000000" : 0,
            "90.000000" : 0,
            "95.000000" : 0,
            "99.000000" : 0,
            "99.500000" : 0,
            "99.900000" : 0,
            "99.950000" : 0,
            "99.990000" : 0
          }
        },
        "total_ios" : 0
      },
      "job_runtime" : 10000,
      "usr_cpu" : 1.120000,
      "sys_cpu" : 87.080000,
      "ctx" : 1465,
      "majf" : 0,
      "minf" : 16,
      "iodepth_level" : {
        "1" : 0.000000,
        "2" : 0.000000,
        "4" : 0.000000,
        "8" : 0.000000,
        "16" : 100.000000,
        "32" : 0.000000,
        ">=64" : 0.000000
      },
      "iodepth_submit" : {
        "0" : 0.000000,
        "4" : 100.000000,
        "8" : 0.000000,
        "16" : 0.000000,
        "32" : 0.000000,
        "64" : 0.000000,
        ">=64" : 0.000000
      },
      "iodepth_complete" : {
        "0" : 0.000000,
        "4" : 99.999327,
        "8" : 0.000000,
        "16" : 0.000000,
        "32" : 0.100000,
        "64" : 0.000000,
        ">=64" : 0.000000
      },
      "latency_ns" : {
        "2" : 0.000000,
        "4" : 0.000000,
        "10" : 0.000000,
        "20" : 0.000000,
        "50" : 0.000000,
        "100" : 0.000000,
        "250" : 0.000000,
        "500" : 0.000000,
        "750" : 0.000000,
        "1000" : 0.000000
      },
      "latency_us" : {
        "2" : 0.000000,
        "4" : 0.000000,
        "10" : 0.000000,
        "20" : 0.000000,
        "50" : 0.000000,
        "100" : 0.049139,
        "250" : 0.123183,
        "500" : 0.182419,
        "750" : 1.245970,
        "1000" : 16.252129
      },
      "latency_ms" : {
        "2" : 78.334534,
        "4" : 1.326072,
        "10" : 1.523974,
        "20" : 0.932290,
        "50" : 0.044427,
        "100" : 0.000000,
        "250" : 0.000000,
        "500" : 0.000000,
        "750" : 0.000000,
        "1000" : 0.000000,
        "2000" : 0.000000,
        ">=2000" : 0.000000
      },
      "latency_depth" : 22,
      "latency_target" : 0,
      "latency_percentile" : 100.000000,