
{
  "fio version" : "fio-3.15",
  "timestamp" : 1586554006,
  "time" : "Fri Apr 10 14:26:46 2020",
  "global options" : {
    "direct" : "1",
    "iodepth" : "22",
    "ioengine" : "libaio",
    "runtime" : "10",
    "time_based" : "1",
    "ramp_time" : "5",
    "size" : "5g",
    "numjobs" : "1",
    "rw" : "rw",
    "bs" : "32k",
    "rwmixread" : "90",
    "rwmixwrite" : "10"
  },
  "client_stats" : [
    {
      "jobname" : "rw_bw_test",
      "groupid" : 0,
      "error" : 0,
      "job options" : {
        "name" : "rw_bw_test",
        "filename" : "/mnt/VBOX_HARDDISK_ext4/test.dat"
      },
      "read" : {
        "io_bytes" : 1750401024,
        "io_kbytes" : 1709376,
        "bw_bytes" : 174777935,
        "bw" : 170681,
        "iops" : 5331.702446,
        "runtime" : 10015,
        "total_ios" : 53397,
        "short_ios" : 0,
        "drop_ios" : 0,
        "slat_ns" : {
          "min" : 5026,
          "max" : 18517220,
          "mean" : 60326.699927,
          "stddev" : 203123.938572
        },
        "clat_ns" : {
          "min" : 174616,
          "max" : 54569404,
          "mean" : 3996251.321427,
          "stddev" : 5093530.135108,
          "percentile" : {
            "1.000000" : 1318912,
            "5.000000" : 1777664,
            "10.000000" : 2146304,
            "20.000000" : 2473984,
            "30.000000" : 2539520,
            "40.000000" : 2572288,
            "50.000000" : 2572288,
            "60.000000" : 2670592,
            "70.000000" : 3227648,
            "80.000000" : 3883008,
            "90.000000" : 5537792,
            "95.000000" : 8454144,
            "99.000000" : 34865152,
            "99.500000" : 38010880,
            "99.900000" : 43778048,
            "99.950000" : 45350912,
            "99.990000" : 47972352
          }
        },
        "lat_ns" : {
          "min" : 631944,
          "max" : 54591997,
          "mean" : 4057695.440694,
          "stddev" : 5096636.450202
        },
        "bw_min" : 140108,
        "bw_max" : 185216,
        "bw_agg" : 99.406847,
        "bw_mean" : 169668.600000,
        "bw_dev" : 11456.692553,
        "bw_samples" : 20,
        "iops_min" : 4378,
        "iops_max" : 5788,
        "iops_mean" : 5301.800000,
        "iops_stddev" : 358.073441,
        "iops_samples" : 20
      },
      "write" : {
        "io_bytes" : 193429504,
        "io_kbytes" : 188896,
        "bw_bytes" : 19313979,
        "bw" : 18861,
        "iops" : 589.415876,
        "runtime" : 10015,
        "total_ios" : 5903,
        "short_ios" : 0,
        "drop_ios" : 0,
        "slat_ns" : {
          "min" : 5554,
          "max" : 6347813,
          "mean" : 61476.013383,
          "stddev" : 119590.149959
        },
        "clat_ns" : {
          "min" : 1621,
          "max" : 34636468,
          "mean" : 523403.127393,
          "stddev" : 1263404.231248,
          "percentile" : {
            "1.000000" : 55040,
            "5.000000" : 70144,
            "10.000000" : 82432,
            "20.000000" : 92672,
            "30.000000" : 108032,
            "40.000000" : 120320,
            "50.000000" : 140288,
            "60.000000" : 173056,
            "70.000000" : 288768,
            "80.000000" : 643072,
            "90.000000" : 1384448,
            "95.000000" : 2211840,
            "99.000000" : 4423680,
            "99.500000" : 5603328,
            "99.900000" : 13303808,
            "99.950000" : 33161216,
            "99.990000" : 34865152
          }
        },
        "lat_ns" : {
          "min" : 73929,
          "max" : 34654389,
          "mean" : 586026.952566,
          "stddev" : 1289312.126275
        },
        "bw_min" : 15505,
        "bw_max" : 20930,
        "bw_agg" : 99.462648,
        "bw_mean" : 18759.650000,
        "bw_dev" : 1660.088624,
        "bw_samples" : 20,
        "iops_min" : 484,
        "iops_max" : 654,
        "iops_mean" : 585.950000,
        "iops_stddev" : 52.010601,
        "iops_samples" : 20
      },
      "trim" : {
        "io_bytes" : 0,
        "io_kbytes" : 0,
        "bw_bytes" : 0,
        "bw" : 0,
        "iops" : 0.000000,
        "runtime" : 0,
        "total_ios" : 0,
        "short_ios" : 0,
        "drop_ios" : 0,
        "slat_ns" : {
          "min" : 0,
          "max" : 0,
          "mean" : 0.000000,
          "stddev" : 0.000000
        },
        "clat_ns" : {
          "min" : 0,
          "max" : 0,
          "mean" : 0.000000,
          "stddev" : 0.000000,
          "percentile" : {
            "1.000000" : 0,
            "5.000000" : 0,
            "10.000000" : 0,
            "20.000000" : 0,
            "30.000000" : 0,
            "40.000000" : 0,
            "50.000000" : 0,
            "60.000000" : 0,
            "70.000000" : 0,
            "80.000000" : 0,
            "90.000000" : 0,
            "95.000000" : 0,
            "99.000000" : 0,
            "99.500000" : 0,
            "99.900000" : 0,
            "99.950000" : 0,
            "99.990000" : 0
          }
        },
        "lat_ns" : {
          "min" : 0,
          "max" : 0,
          "mean" : 0.000000,
          "stddev" : 0.000000
        },
        "bw_min" : 0,
        "bw_max" : 0,
        "bw_agg" : 0.000000,
        "bw_mean" : 0.000000,
        "bw_dev" : 0.000000,
        "bw_samples" : 0,
        "iops_min" : 0,
        "iops_max" : 0,
        "iops_mean" : 0.000000,
        "iops_stddev" : 0.000000,
        "iops_samples" : 0
      },
      "sync" : {
        "lat_ns" : {
          "min" : 0,
          "max" : 0,
          "mean" : 0.000000,
          "stddev" : 0.000000,
          "percentile" : {
            "1.000000" : 0,
            "5.000000" : 0,
            "10.000000" : 0,
            "20.000000" : 0,
            "30.000000" : 0,
            "40.000000" : 0,
            "50.000000" : 0,
            "60.000000" : 0,
            "70.000000" : 0,
            "80.000000" : 0,
            "90.000000" : 0,
            "95.000000" : 0,
            "99.000000" : 0,
            "99.500000" : 0,
            "99.900000" : 0,
            "99.950000" : 0,
            "99.990000" : 0
          }
        },
        "total_ios" : 0
      },
      "job_runtime" : 10014,
      "usr_cpu" : 1.358099,
      "sys_cpu" : 41.661674,
      "ctx" : 32698,
      "majf" : 0,
      "minf" : 16,
      "iodepth_level" : {
        "1" : 0.000000,
        "2" : 0.000000,
        "4" : 0.000000,
        "8" : 0.000000,
        "16" : 100.000000,
        "32" : 0.000000,
        ">=64" : 0.000000
      },
      "iodepth_submit" : {
        "0" : 0.000000,
        "4" : 100.000000,
        "8" : 0.000000,
        "16" : 0.000000,
        "32" : 0.000000,
        "64" : 0.000000,
        ">=64" : 0.000000
      },
      "iodepth_complete" : {
        "0" : 0.000000,
        "4" : 99.998314,
        "8" : 0.000000,
        "16" : 0.000000,
        "32" : 0.100000,
        "64" : 0.000000,
        ">=64" : 0.000000
      },
      "latency_ns" : {
        "2" : 0.000000,
        "4" : 0.000000,
        "10" : 0.000000,
        "20" : 0.000000,
        "50" : 0.000000,
        "100" : 0.000000,
        "250" : 0.000000,
        "500" : 0.000000,
        "750" : 0.000000,
        "1000" : 0.000000
      },
      "latency_us" : {
        "2" : 0.015177,
        "4" : 0.010000,
        "10" : 0.000000,
        "20" : 0.000000,
        "50" : 0.021922,
        "100" : 2.504216,
        "250" : 4.205734,
        "500" : 0.925801,
        "750" : 0.537943,
        "1000" : 0.477234
      },
      "latency_ms" : {
        "2" : 7.612142,
        "4" : 66.779089,
        "10" : 13.141653,
        "20" : 1.726813,
        "50" : 2.074199,
        "100" : 0.010000,
        "250" : 0.000000,
        "500" : 0.000000,
        "750" : 0.000000,
        "1000" : 0.000000,
        "2000" : 0.000000,
        ">=2000" : 0.000000
      },
      "latency_depth" : 22,
      "latency_target" : 0,
      "latency_percentile" : 100.000000,