
{
  "fio version" : "fio-3.15",
  "timestamp" : 1586557221,
  "time" : "Fri Apr 10 15:20:21 2020",
  "global options" : {
    "direct" : "1",
    "iodepth" : "22",
    "ioengine" : "libaio",
    "runtime" : "10",
    "time_based" : "1",
    "ramp_time" : "5",
    "size" : "5g",
    "numjobs" : "1",
    "rw" : "rw",
    "bs" : "256k",
    "rwmixread" : "90",
    "rwmixwrite" : "10"
  },
  "client_stats" : [
    {
      "jobname" : "rw_bw_test",
      "groupid" : 0,
      "error" : 0,
      "job options" : {
        "name" : "rw_bw_test",
        "filename" : "/mnt/VBOX_HARDDISK_xfs/test.dat"
      },
      "read" : {
        "io_bytes" : 2396258304,
        "io_kbytes" : 2340096,
        "bw_bytes" : 239123670,
        "bw" : 233519,
        "iops" : 910.088813,
        "runtime" : 10021,
        "total_ios" : 9120,
        "short_ios" : 0,
        "drop_ios" : 0,
        "slat_ns" : {
          "min" : 27376,
          "max" : 26641885,
          "mean" : 95917.513487,
          "stddev" : 396086.718611
        },
        "clat_ns" : {
          "min" : 3398393,
          "max" : 62597290,
          "mean" : 23815388.950005,
          "stddev" : 6138945.096302,
          "percentile" : {
            "1.000000" : 12779520,
            "5.000000" : 19267584,
            "10.000000" : 19529728,
            "20.000000" : 20054016,
            "30.000000" : 20316160,
            "40.000000" : 20316160,
            "50.000000" : 20578304,
            "60.000000" : 20840448,
            "70.000000" : 24772608,
            "80.000000" : 30801920,
            "90.000000" : 33423360,
            "95.000000" : 35389440,
            "99.000000" : 41156608,
            "99.500000" : 42729472,
            "99.900000" : 45875200,
            "99.950000" : 58982400,
            "99.990000" : 62652416
          }
        },
        "lat_ns" : {
          "min" : 3543330,
          "max" : 62689734,
          "mean" : 23912773.833607,
          "stddev" : 6120340.351227
        },
        "bw_min" : 215632,
        "bw_max" : 247313,
        "bw_agg" : 99.859840,
        "bw_mean" : 233191.700000,
        "bw_dev" : 8731.080352,
        "bw_samples" : 20,
        "iops_min" : 842,
        "iops_max" : 966,
        "iops_mean" : 910.800000,
        "iops_stddev" : 34.147667,
        "iops_samples" : 20
      },
      "write" : {
        "io_bytes" : 260571136,
        "io_kbytes" : 254464,
        "bw_bytes" : 26002508,
        "bw" : 25393,
        "iops" : 99.191697,
        "runtime" : 10021,
        "total_ios" : 994,
        "short_ios" : 0,
        "drop_ios" : 0,
        "slat_ns" : {
          "min" : 33589,
          "max" : 3207520,
          "mean" : 95465.274648,
          "stddev" : 174201.341405
        },
        "clat_ns" : {
          "min" : 121901,
          "max" : 25852905,
          "mean" : 2126050.834004,
          "stddev" : 2206250.371378,
          "percentile" : {
            "1.000000" : 354304,
            "5.000000" : 864256,
            "10.000000" : 978944,
            "20.000000" : 1400832,
            "30.000000" : 1777664,
            "40.000000" : 1859584,
            "50.000000" : 1875968,
            "60.000000" : 1908736,
            "70.000000" : 1925120,
            "80.000000" : 1974272,
            "90.000000" : 2113536,
            "95.000000" : 3162112,
            "99.000000" : 14876672,
            "99.500000" : 16449536,
            "99.900000" : 25821184,
            "99.950000" : 25821184,
            "99.990000" : 25821184
          }
        },
        "lat_ns" : {
          "min" : 159739,
          "max" : 26094395,
          "mean" : 2223013.590543,
          "stddev" : 2224053.377681
        },
        "bw_min" : 21972,
        "bw_max" : 30208,
        "bw_agg" : 100.000000,
        "bw_mean" : 25416.800000,
        "bw_dev" : 2611.969203,
        "bw_samples" : 20,
        "iops_min" : 85,
        "iops_max" : 118,
        "iops_mean" : 98.800000,
        "iops_stddev" : 10.430724,
        "iops_samples" : 20
      },
      "trim" : {
        "io_bytes" : 0,
        "io_kbytes" : 0,
        "bw_bytes" : 0,
        "bw" : 0,
        "iops" : 0.000000,
        "runtime" : 0,
        "total_ios" : 0,
        "short_ios" : 0,
        "drop_ios" : 0,
        "slat_ns" : {
          "min" : 0,
          "max" : 0,
          "mean" : 0.000000,
          "stddev" : 0.000000
        },
        "clat_ns" : {
          "min" : 0,
          "max" : 0,
          "mean" : 0.000000,
          "stddev" : 0.000000,
          "percentile" : {
            "1.000000" : 0,
            "5.000000" : 0,
            "10.000000" : 0,
            "20.000000" : 0,
            "30.000000" : 0,
            "40.000000" : 0,
            "50.000000" : 0,
            "60.000000" : 0,
            "70.000000" : 0,
            "80.000000" : 0,
            "90.000000" : 0,
            "95.000000" : 0,
            "99.000000" : 0,
            "99.500000" : 0,
            "99.900000" : 0,
            "99.950000" : 0,
            "99.990000" : 0
          }
        },
        "lat_ns" : {
          "min" : 0,
          "max" : 0,
          "mean" : 0.000000,
          "stddev" : 0.000000
        },
        "bw_min" : 0,
        "bw_max" : 0,
        "bw_agg" : 0.000000,
        "bw_mean" : 0.000000,
        "bw_dev" : 0.000000,
        "bw_samples" : 0,
        "iops_min" : 0,
        "iops_max" : 0,
        "iops_mean" : 0.000000,
        "iops_stddev" : 0.000000,
        "iops_samples" : 0
      },
      "sync" : {
        "lat_ns" : {
          "min" : 0,
          "max" : 0,
          "mean" : 0.000000,
          "stddev" : 0.000000,
          "percentile" : {
            "1.000000" : 0,
            "5.000000" : 0,
            "10.000000" : 0,
            "20.000000" : 0,
            "30.000000" : 0,
            "40.000000" : 0,
            "50.000000" : 0,
            "60.000000" : 0,
            "70.000000" : 0,
            "80.000000" : 0,
            "90.000000" : 0,
            "95.000000" : 0,
            "99.000000" : 0,
            "99.500000" : 0,
            "99.900000" : 0,
            "99.950000" : 0,
            "99.990000" : 0
          }
        },
        "total_ios" : 0
      },
      "job_runtime" : 10020,
      "usr_cpu" : 0.359281,
      "sys_cpu" : 12.614770,
      "ctx" : 8749,
      "majf" : 0,
      "minf" : 16,
      "iodepth_level" : {
        "1" : 0.000000,
        "2" : 0.000000,
        "4" : 0.000000,
        "8" : 0.000000,
        "16" : 100.000000,
        "32" : 0.000000,
        ">=64" : 0.000000
      },
      "iodepth_submit" : {
        "0" : 0.000000,
        "4" : 100.000000,
        "8" : 0.000000,
        "16" : 0.000000,
        "32" : 0.000000,
        "64" : 0.000000,
        ">=64" : 0.000000
      },
      "iodepth_complete" : {
        "0" : 0.000000,
        "4" : 99.990114,
        "8" : 0.000000,
        "16" : 0.000000,
        "32" : 0.100000,
        "64" : 0.000000,
        ">=64" : 0.000000
      },
      "latency_ns" : {
        "2" : 0.000000,
        "4" : 0.000000,
        "10" : 0.000000,
        "20" : 0.000000,
        "50" : 0.000000,
        "100" : 0.000000,
        "250" : 0.000000,
        "500" : 0.000000,
        "750" : 0.000000,
        "1000" : 0.000000
      },
      "latency_us" : {
        "2" : 0.000000,
        "4" : 0.000000,
        "10" : 0.000000,
        "20" : 0.000000,
        "50" : 0.000000,
        "100" : 0.000000,
        "250" : 0.069211,
        "500" : 0.098873,
        "750" : 0.128535,
        "1000" : 0.741546
      },
      "latency_ms" : {
        "2" : 7.197943,
        "4" : 1.176587,
        "10" : 0.613012,
        "20" : 13.852086,
        "50" : 76.250742,
        "100" : 0.079098,
        "250" : 0.000000,
        "500" : 0.000000,
        "750" : 0.000000,
        "1000" : 0.000000,
        "2000" : 0.000000,
        ">=2000" : 0.000000
      },
      "latency_depth" : 22,
      "latency_target" : 0,