
{
  "fio version" : "fio-3.15",
  "timestamp" : 1586553973,
  "time" : "Fri Apr 10 14:26:13 2020",
  "global options" : {
    "direct" : "1",
    "iodepth" : "22",
    "ioengine" : "libaio",
    "runtime" : "10",
    "time_based" : "1",
    "ramp_time" : "5",
    "size" : "5g",
    "numjobs" : "1",
    "rw" : "rw",
    "bs" : "8k",
    "rwmixread" : "90",
    "rwmixwrite" : "10"
  },
  "client_stats" : [
    {
      "jobname" : "rw_bw_test",
      "groupid" : 0,
      "error" : 0,
      "job options" : {
        "name" : "rw_bw_test",
        "filename" : "/mnt/VBOX_HARDDISK_ext4/test.dat"
      },
      "read" : {
        "io_bytes" : 835018752,
        "io_kbytes" : 815448,
        "bw_bytes" : 83493525,
        "bw" : 81536,
        "iops" : 10189.981002,
        "runtime" : 10001,
        "total_ios" : 101910,
        "short_ios" : 0,
        "drop_ios" : 0,
        "slat_ns" : {
          "min" : 4172,
          "max" : 18356690,
          "mean" : 61467.735796,
          "stddev" : 236078.240260
        },
        "clat_ns" : {
          "min" : 260872,
          "max" : 50899599,
          "mean" : 1949517.967782,
          "stddev" : 3193250.657155,
          "percentile" : {
            "1.000000" : 798720,
            "5.000000" : 962560,
            "10.000000" : 1028096,
            "20.000000" : 1105920,
            "30.000000" : 1204224,
            "40.000000" : 1286144,
            "50.000000" : 1368064,
            "60.000000" : 1449984,
            "70.000000" : 1564672,
            "80.000000" : 1744896,
            "90.000000" : 2244608,
            "95.000000" : 4227072,
            "99.000000" : 14745600,
            "99.500000" : 33816576,
            "99.900000" : 39059456,
            "99.950000" : 41680896,
            "99.990000" : 49545216
          }
        },
        "lat_ns" : {
          "min" : 279391,
          "max" : 50956337,
          "mean" : 2012224.805506,
          "stddev" : 3200200.837952
        },
        "bw_min" : 64335,
        "bw_max" : 102432,
        "bw_agg" : 99.868218,
        "bw_mean" : 81428.550000,
        "bw_dev" : 11971.509105,
        "bw_samples" : 20,
        "iops_min" : 8041,
        "iops_max" : 12804,
        "iops_mean" : 10178.400000,
        "iops_stddev" : 1496.574629,
        "iops_samples" : 20
      },
      "write" : {
        "io_bytes" : 91586560,
        "io_kbytes" : 89440,
        "bw_bytes" : 9157740,
        "bw" : 8943,
        "iops" : 1117.888211,
        "runtime" : 10001,
        "total_ios" : 11180,
        "short_ios" : 0,
        "drop_ios" : 0,
        "slat_ns" : {
          "min" : 5273,
          "max" : 8588864,
          "mean" : 66472.953578,
          "stddev" : 210347.159908
        },
        "clat_ns" : {
          "min" : 62245,
          "max" : 16228790,
          "mean" : 1252398.106082,
          "stddev" : 1090668.234045,
          "percentile" : {
            "1.000000" : 94720,
            "5.000000" : 325632,
            "10.000000" : 610304,
            "20.000000" : 864256,
            "30.000000" : 962560,
            "40.000000" : 1036288,
            "50.000000" : 1122304,
            "60.000000" : 1220608,
            "70.000000" : 1318912,
            "80.000000" : 1449984,
            "90.000000" : 1662976,
            "95.000000" : 1941504,
            "99.000000" : 5931008,
            "99.500000" : 9240576,
            "99.900000" : 14221312,
            "99.950000" : 14614528,
            "99.990000" : 15925248
          }
        },
        "lat_ns" : {
          "min" : 87798,
          "max" : 16342540,
          "mean" : 1320315.297048,
          "stddev" : 1118674.990031
        },
        "bw_min" : 7041,
        "bw_max" : 11040,
        "bw_agg" : 99.873644,
        "bw_mean" : 8931.700000,
        "bw_dev" : 1311.982794,
        "bw_samples" : 20,
        "iops_min" : 880,
        "iops_max" : 1380,
        "iops_mean" : 1116.350000,
        "iops_stddev" : 163.980832,
        "iops_samples" : 20
      },
      "trim" : {
        "io_bytes" : 0,
        "io_kbytes" : 0,
        "bw_bytes" : 0,
        "bw" : 0,
        "iops" : 0.000000,
        "runtime" : 0,
        "total_ios" : 0,
        "short_ios" : 0,
        "drop_ios" : 0,
        "slat_ns" : {
          "min" : 0,
          "max" : 0,
          "mean" : 0.000000,
          "stddev" : 0.000000
        },
        "clat_ns" : {
          "min" : 0,
          "max" : 0,
          "mean" : 0.000000,
          "stddev" : 0.000000,
          "percentile" : {
            "1.000000" : 0,
            "5.000000" : 0,
            "10.000000" : 0,
            "20.000000" : 0,
            "30.000000" : 0,
            "40.000000" : 0,
            "50.000000" : 0,
            "60.000000" : 0,
            "70.000000" : 0,
            "80.000000" : 0,
            "90.000000" : 0,
            "95.000000" : 0,
            "99.000000" : 0,
            "99.500000" : 0,
            "99.900000" : 0,
            "99.950000" : 0,
            "99.990000" : 0
          }
        },
        "lat_ns" : {
          "min" : 0,
          "max" : 0,
          "mean" : 0.000000,
          "stddev" : 0.000000
        },
        "bw_min" : 0,
        "bw_max" : 0,
        "bw_agg" : 0.000000,
        "bw_mean" : 0.000000,
        "bw_dev" : 0.000000,
        "bw_samples" : 0,
        "iops_min" : 0,
        "iops_max" : 0,
        "iops_mean" : 0.000000,
        "iops_stddev" : 0.000000,
        "iops_samples" : 0
      },
      "sync" : {
        "lat_ns" : {
          "min" : 0,
          "max" : 0,
          "mean" : 0.000000,
          "stddev" : 0.000000,
          "percentile" : {
            "1.000000" : 0,
            "5.000000" : 0,
            "10.000000" : 0,
            "20.000000" : 0,
            "30.000000" : 0,
            "40.000000" : 0,
            "50.000000" : 0,
            "60.000000" : 0,
            "70.000000" : 0,
            "80.000000" : 0,
            "90.000000" : 0,
            "95.000000" : 0,
            "99.000000" : 0,
            "99.500000" : 0,
            "99.900000" : 0,
            "99.950000" : 0,
            "99.990000" : 0
          }
        },
        "total_ios" : 0
      },
      "job_runtime" : 10000,
      "usr_cpu" : 1.480000,
      "sys_cpu" : 75.400000,
      "ctx" : 2329,
      "majf" : 0,
      "minf" : 16,
      "iodepth_level" : {
        "1" : 0.000000,
        "2" : 0.000000,
        "4" : 0.000000,
        "8" : 0.000000,
        "16" : 100.000000,
        "32" : 0.000000,
        ">=64" : 0.000000
      },
      "iodepth_submit" : {
        "0" : 0.000000,
        "4" : 100.000000,
        "8" : 0.000000,
        "16" : 0.000000,
        "32" : 0.000000,
        "64" : 0.000000,
        ">=64" : 0.000000
      },
      "iodepth_complete" : {
        "0" : 0.000000,
        "4" : 99.999116,
        "8" : 0.000000,
        "16" : 0.000000,
        "32" : 0.100000,
        "64" : 0.000000,
        ">=64" : 0.000000
      },
      "latency_ns" : {
        "2" : 0.000000,
        "4" : 0.000000,
        "10" : 0.000000,
        "20" : 0.000000,
        "50" : 0.000000,
        "100" : 0.000000,
        "250" : 0.000000,
        "500" : 0.000000,
        "750" : 0.000000,
        "1000" : 0.000000
      },
      "latency_us" : {
        "2" : 0.000000,
        "4" : 0.000000,
        "10" : 0.000000,
        "20" : 0.000000,
        "50" : 0.000000,
        "100" : 0.113184,
        "250" : 0.270581,
        "500" : 0.399682,
        "750" : 1.186665,
        "1000" : 8.223539
      },
      "latency_ms" : {
        "2" : 77.821204,
        "4" : 7.038642,
        "10" : 3.400831,
        "20" : 0.947033,
        "50" : 0.614555,
        "100" : 0.010000,
        "250" : 0.000000,
        "500" : 0.000000,
        "750" : 0.000000,
        "1000" : 0.000000,
        "2000" : 0.000000,
        ">=2000" : 0.000000
      },
      "latency_depth" : 22,
      "latency_target" : 0,
      "latency_percentile" : 100.000000,