
{
  "fio version" : "fio-3.15",
  "timestamp" : 1586553394,
  "time" : "Fri Apr 10 14:16:34 2020",
  "global options" : {
    "direct" : "1",
    "iodepth" : "22",
    "ioengine" : "libaio",
    "runtime" : "10",
    "time_based" : "1",
    "ramp_time" : "5",
    "size" : "5g",
    "numjobs" : "1",
    "rw" : "rw",
    "bs" : "8k",
    "rwmixread" : "90",
    "rwmixwrite" : "10"
  },
  "client_stats" : [
    {
      "jobname" : "rw_bw_test",
      "groupid" : 0,
      "error" : 0,
      "job options" : {
        "name" : "rw_bw_test",
        "filename" : "/dev/sdb"
      },
      "read" : {
        "io_bytes" : 1216061440,
        "io_kbytes" : 1187560,
        "bw_bytes" : 121593984,
        "bw" : 118744,
        "iops" : 14841.015898,
        "runtime" : 10001,
        "total_ios" : 148425,
        "short_ios" : 0,
        "drop_ios" : 0,
        "slat_ns" : {
          "min" : 13476,
          "max" : 13811405,
          "mean" : 50623.681882,
          "stddev" : 138003.675424
        },
        "clat_ns" : {
          "min" : 304453,
          "max" : 22959408,
          "mean" : 1311558.429421,
          "stddev" : 1226199.539222,
          "percentile" : {
            "1.000000" : 724992,
            "5.000000" : 839680,
            "10.000000" : 888832,
            "20.000000" : 962560,
            "30.000000" : 1011712,
            "40.000000" : 1073152,
            "50.000000" : 1138688,
            "60.000000" : 1204224,
            "70.000000" : 1286144,
            "80.000000" : 1384448,
            "90.000000" : 1548288,
            "95.000000" : 1712128,
            "99.000000" : 9895936,
            "99.500000" : 12255232,
            "99.900000" : 14352384,
            "99.950000" : 15138816,
            "99.990000" : 20316160
          }
        },
        "lat_ns" : {
          "min" : 413341,
          "max" : 23015798,
          "mean" : 1363137.288567,
          "stddev" : 1232934.047187
        },
        "bw_min" : 95137,
        "bw_max" : 131353,
        "bw_agg" : 100.000000,
        "bw_mean" : 119649.842105,
        "bw_dev" : 9244.341748,
        "bw_samples" : 19,
        "iops_min" : 11892,
        "iops_max" : 16419,
        "iops_mean" : 14956.157895,
        "iops_stddev" : 1155.525867,
        "iops_samples" : 19
      },
      "write" : {
        "io_bytes" : 134307840,
        "io_kbytes" : 131160,
        "bw_bytes" : 13429441,
        "bw" : 13114,
        "iops" : 1639.136086,
        "runtime" : 10001,
        "total_ios" : 16393,
        "short_ios" : 0,
        "drop_ios" : 0,
        "slat_ns" : {
          "min" : 14176,
          "max" : 10165356,
          "mean" : 50875.135363,
          "stddev" : 108501.267758
        },
        "clat_ns" : {
          "min" : 57105,
          "max" : 15111541,
          "mean" : 1005993.636780,
          "stddev" : 704822.503763,
          "percentile" : {
            "1.000000" : 185344,
            "5.000000" : 561152,
            "10.000000" : 659456,
            "20.000000" : 757760,
            "30.000000" : 815104,
            "40.000000" : 872448,
            "50.000000" : 929792,
            "60.000000" : 995328,
            "70.000000" : 1089536,
            "80.000000" : 1187840,
            "90.000000" : 1335296,
            "95.000000" : 1482752,
            "99.000000" : 1826816,
            "99.500000" : 4423680,
            "99.900000" : 13041664,
            "99.950000" : 13959168,
            "99.990000" : 15007744
          }
        },
        "lat_ns" : {
          "min" : 86687,
          "max" : 15253699,
          "mean" : 1057772.794876,
          "stddev" : 715400.030895
        },
        "bw_min" : 10139,
        "bw_max" : 15424,
        "bw_agg" : 100.000000,
        "bw_mean" : 13219.631579,
        "bw_dev" : 1265.622166,
        "bw_samples" : 19,
        "iops_min" : 1267,
        "iops_max" : 1928,
        "iops_mean" : 1652.157895,
        "iops_stddev" : 158.263235,
        "iops_samples" : 19
      },
      "trim" : {
        "io_bytes" : 0,
        "io_kbytes" : 0,
        "bw_bytes" : 0,
        "bw" : 0,
        "iops" : 0.000000,
        "runtime" : 0,
        "total_ios" : 0,
        "short_ios" : 0,
        "drop_ios" : 0,
        "slat_ns" : {
          "min" : 0,
          "max" : 0,
          "mean" : 0.000000,
          "stddev" : 0.000000
        },
        "clat_ns" : {
          "min" : 0,
          "max" : 0,
          "mean" : 0.000000,
          "stddev" : 0.000000,
          "percentile" : {
            "1.000000" : 0,
            "5.000000" : 0,
            "10.000000" : 0,
            "20.000000" : 0,
            "30.000000" : 0,
            "40.000000" : 0,
            "50.000000" : 0,
            "60.000000" : 0,
            "70.000000" : 0,
            "80.000000" : 0,
            "90.000000" : 0,
            "95.000000" : 0,
            "99.000000" : 0,
            "99.500000" : 0,
            "99.900000" : 0,
            "99.950000" : 0,
            "99.990000" : 0
          }
        },
        "lat_ns" : {
          "min" : 0,
          "max" : 0,
          "mean" : 0.000000,
          "stddev" : 0.000000
        },
        "bw_min" : 0,
        "bw_max" : 0,
        "bw_agg" : 0.000000,
        "bw_mean" : 0.000000,
        "bw_dev" : 0.000000,
        "bw_samples" : 0,
        "iops_min" : 0,
        "iops_max" : 0,
        "iops_mean" : 0.000000,
        "iops_stddev" : 0.000000,
        "iops_samples" : 0
      },
      "sync" : {
        "lat_ns" : {
          "min" : 0,
          "max" : 0,
          "mean" : 0.000000,
          "stddev" : 0.000000,
          "percentile" : {
            "1.000000" : 0,
            "5.000000" : 0,
            "10.000000" : 0,
            "20.000000" : 0,
            "30.000000" : 0,
            "40.000000" : 0,
            "50.000000" : 0,
            "60.000000" : 0,
            "70.000000" : 0,
            "80.000000" : 0,
            "90.000000" : 0,
            "95.000000" : 0,
            "99.000000" : 0,
            "99.500000" : 0,
            "99.900000" : 0,
            "99.950000" : 0,
            "99.990000" : 0
          }
        },
        "total_ios" : 0
      },
      "job_runtime" : 10000,
      "usr_cpu" : 0.920000,
      "sys_cpu" : 91.600000,
      "ctx" : 1164,
      "majf" : 0,
      "minf" : 16,
      "iodepth_level" : {
        "1" : 0.000000,
        "2" : 0.000000,
        "4" : 0.000000,
        "8" : 0.000000,
        "16" : 100.000000,
        "32" : 0.000000,
        ">=64" : 0.000000
      },
      "iodepth_submit" : {
        "0" : 0.000000,
        "4" : 100.000000,
        "8" : 0.000000,
        "16" : 0.000000,
        "32" : 0.000000,
        "64" : 0.000000,
        ">=64" : 0.000000
      },
      "iodepth_complete" : {
        "0" : 0.000000,
        "4" : 99.999393,
        "8" : 0.000000,
        "16" : 0.000000,
        "32" : 0.100000,
        "64" : 0.000000,
        ">=64" : 0.000000
      },
      "latency_ns" : {
        "2" : 0.000000,
        "4" : 0.000000,
        "10" : 0.000000,
        "20" : 0.000000,
        "50" : 0.000000,
        "100" : 0.000000,
        "250" : 0.000000,
        "500" : 0.000000,
        "750" : 0.000000,
        "1000" : 0.000000
      },
      "latency_us" : {
        "2" : 0.000000,
        "4" : 0.000000,
        "10" : 0.000000,
        "20" : 0.000000,
        "50" : 0.000000,
        "100" : 0.030336,
        "250" : 0.098290,
        "500" : 0.238445,
        "750" : 2.764868,
        "1000" : 27.328933
      },
      "latency_ms" : {
        "2" : 67.575143,
        "4" : 0.644347,
        "10" : 0.424711,
        "20" : 0.891893,
        "50" : 0.015775,
        "100" : 0.000000,
        "250" : 0.000000,
        "500" : 0.000000,
        "750" : 0.000000,
        "1000" : 0.000000,
        "2000" : 0.000000,
        ">=2000" : 0.000000
      },
      "latency_depth" : 22,
      "latency_target" : 0,
      "latency_percentile" : 100.000000,
      "latency_window" : 0,