
{
  "fio version" : "fio-3.15",
  "timestamp" : 1586553443,
  "time" : "Fri Apr 10 14:17:23 2020",
  "global options" : {
    "direct" : "1",
    "iodepth" : "22",
    "ioengine" : "libaio",
    "runtime" : "10",
    "time_based" : "1",
    "ramp_time" : "5",
    "size" : "5g",
    "numjobs" : "1",
    "rw" : "rw",
    "bs" : "64k",
    "rwmixread" : "90",
    "rwmixwrite" : "10"
  },
  "client_stats" : [
    {
      "jobname" : "rw_bw_test",
      "groupid" : 0,
      "error" : 0,
      "job options" : {
        "name" : "rw_bw_test",
        "filename" : "/dev/sdb"
      },
      "read" : {
        "io_bytes" : 2377449472,
        "io_kbytes" : 2321728,
        "bw_bytes" : 237602385,
        "bw" : 232033,
        "iops" : 3623.425944,
        "runtime" : 10006,
        "total_ios" : 36256,
        "short_ios" : 0,
        "drop_ios" : 0,
        "slat_ns" : {
          "min" : 17404,
          "max" : 13231784,
          "mean" : 29914.157243,
          "stddev" : 125871.638093
        },
        "clat_ns" : {
          "min" : 839942,
          "max" : 28934928,
          "mean" : 6018361.792982,
          "stddev" : 2652975.341853,
          "percentile" : {
            "1.000000" : 3981312,
            "5.000000" : 5079040,
            "10.000000" : 5144576,
            "20.000000" : 5210112,
            "30.000000" : 5210112,
            "40.000000" : 5275648,
            "50.000000" : 5275648,
            "60.000000" : 5341184,
            "70.000000" : 5341184,
            "80.000000" : 5472256,
            "90.000000" : 5865472,
            "95.000000" : 15269888,
            "99.000000" : 16580608,
            "99.500000" : 17170432,
            "99.900000" : 17956864,
            "99.950000" : 19005440,
            "99.990000" : 28442624
          }
        },
        "lat_ns" : {
          "min" : 893912,
          "max" : 28960447,
          "mean" : 6048957.053395,
          "stddev" : 2654319.775979
        },
        "bw_min" : 218698,
        "bw_max" : 241792,
        "bw_agg" : 99.972956,
        "bw_mean" : 231970.250000,
        "bw_dev" : 4865.476683,
        "bw_samples" : 20,
        "iops_min" : 3417,
        "iops_max" : 3778,
        "iops_mean" : 3624.450000,
        "iops_stddev" : 76.073700,
        "iops_samples" : 20
      },
      "write" : {
        "io_bytes" : 265027584,
        "io_kbytes" : 258816,
        "bw_bytes" : 26486866,
        "bw" : 25866,
        "iops" : 404.157505,
        "runtime" : 10006,
        "total_ios" : 4044,
        "short_ios" : 0,
        "drop_ios" : 0,
        "slat_ns" : {
          "min" : 18424,
          "max" : 2139336,
          "mean" : 29562.467359,
          "stddev" : 40622.077656
        },
        "clat_ns" : {
          "min" : 1790,
          "max" : 3853623,
          "mean" : 126998.557864,
          "stddev" : 162385.600227,
          "percentile" : {
            "1.000000" : 77312,
            "5.000000" : 87552,
            "10.000000" : 92672,
            "20.000000" : 96768,
            "30.000000" : 97792,
            "40.000000" : 99840,
            "50.000000" : 101888,
            "60.000000" : 103936,
            "70.000000" : 108032,
            "80.000000" : 114176,
            "90.000000" : 136192,
            "95.000000" : 189440,
            "99.000000" : 839680,
            "99.500000" : 1302528,
            "99.900000" : 2072576,
            "99.950000" : 2899968,
            "99.990000" : 3850240
          }
        },
        "lat_ns" : {
          "min" : 78399,
          "max" : 4369625,
          "mean" : 157273.542038,
          "stddev" : 177302.047267
        },
        "bw_min" : 22528,
        "bw_max" : 28672,
        "bw_agg" : 100.000000,
        "bw_mean" : 25873.550000,
        "bw_dev" : 1674.935112,
        "bw_samples" : 20,
        "iops_min" : 352,
        "iops_max" : 448,
        "iops_mean" : 404.250000,
        "iops_stddev" : 26.171248,
        "iops_samples" : 20
      },
      "trim" : {
        "io_bytes" : 0,
        "io_kbytes" : 0,
        "bw_bytes" : 0,
        "bw" : 0,
        "iops" : 0.000000,
        "runtime" : 0,
        "total_ios" : 0,
        "short_ios" : 0,
        "drop_ios" : 0,
        "slat_ns" : {
          "min" : 0,
          "max" : 0,
          "mean" : 0.000000,
          "stddev" : 0.000000
        },
        "clat_ns" : {
          "min" : 0,
          "max" : 0,
          "mean" : 0.000000,
          "stddev" : 0.000000,
          "percentile" : {
            "1.000000" : 0,
            "5.000000" : 0,
            "10.000000" : 0,
            "20.000000" : 0,
            "30.000000" : 0,
            "40.000000" : 0,
            "50.000000" : 0,
            "60.000000" : 0,
            "70.000000" : 0,
            "80.000000" : 0,
            "90.000000" : 0,
            "95.000000" : 0,
            "99.000000" : 0,
            "99.500000" : 0,
            "99.900000" : 0,
            "99.950000" : 0,
            "99.990000" : 0
          }
        },
        "lat_ns" : {
          "min" : 0,
          "max" : 0,
          "mean" : 0.000000,
          "stddev" : 0.000000
        },
        "bw_min" : 0,
        "bw_max" : 0,
        "bw_agg" : 0.000000,
        "bw_mean" : 0.000000,
        "bw_dev" : 0.000000,
        "bw_samples" : 0,
        "iops_min" : 0,
        "iops_max" : 0,
        "iops_mean" : 0.000000,
        "iops_stddev" : 0.000000,
        "iops_samples" : 0
      },
      "sync" : {
        "lat_ns" : {
          "min" : 0,
          "max" : 0,
          "mean" : 0.000000,
          "stddev" : 0.000000,
          "percentile" : {
            "1.000000" : 0,
            "5.000000" : 0,
            "10.000000" : 0,
            "20.000000" : 0,
            "30.000000" : 0,
            "40.000000" : 0,
            "50.000000" : 0,
            "60.000000" : 0,
            "70.000000" : 0,
            "80.000000" : 0,
            "90.000000" : 0,
            "95.000000" : 0,
            "99.000000" : 0,
            "99.500000" : 0,
            "99.900000" : 0,
            "99.950000" : 0,
            "99.990000" : 0
          }
        },
        "total_ios" : 0
      },
      "job_runtime" : 10005,
      "usr_cpu" : 1.239380,
      "sys_cpu" : 17.071464,
      "ctx" : 38396,
      "majf" : 0,
      "minf" : 16,
      "iodepth_level" : {
        "1" : 0.000000,
        "2" : 0.000000,
        "4" : 0.000000,
        "8" : 0.000000,
        "16" : 100.000000,
        "32" : 0.000000,
        ">=64" : 0.000000
      },
      "iodepth_submit" : {
        "0" : 0.000000,
        "4" : 100.000000,
        "8" : 0.000000,
        "16" : 0.000000,
        "32" : 0.000000,
        "64" : 0.000000,
        ">=64" : 0.000000
      },
      "iodepth_complete" : {
        "0" : 0.000000,
        "4" : 99.997519,
        "8" : 0.000000,
        "16" : 0.000000,
        "32" : 0.100000,
        "64" : 0.000000,
        ">=64" : 0.000000
      },
      "latency_ns" : {
        "2" : 0.000000,
        "4" : 0.000000,
        "10" : 0.000000,
        "20" : 0.000000,
        "50" : 0.000000,
        "100" : 0.000000,
        "250" : 0.000000,
        "500" : 0.000000,
        "750" : 0.000000,
        "1000" : 0.000000
      },
      "latency_us" : {
        "2" : 0.010000,
        "4" : 0.000000,
        "10" : 0.000000,
        "20" : 0.000000,
        "50" : 0.010000,
        "100" : 4.121588,
        "250" : 5.627792,
        "500" : 0.116625,
        "750" : 0.054591,
        "1000" : 0.044665
      },
      "latency_ms" : {
        "2" : 0.260546,
        "4" : 0.722084,
        "10" : 83.047146,
        "20" : 6.014888,
        "50" : 0.032258,
        "100" : 0.000000,
        "250" : 0.000000,
        "500" : 0.000000,
        "750" : 0.000000,
        "1000" : 0.000000,
        "2000" : 0.000000,
        ">=2000" : 0.000000
      },
      "latency_depth" : 22,
      "latency_target" : 0,
      "latency_percentile" : 100.000000,
      "latency_window" : 0,