
{
  "fio version" : "fio-3.15",
  "timestamp" : 1586553378,
  "time" : "Fri Apr 10 14:16:18 2020",
  "global options" : {
    "direct" : "1",
    "iodepth" : "22",
    "ioengine" : "libaio",
    "runtime" : "10",
    "time_based" : "1",
    "ramp_time" : "5",
    "size" : "5g",
    "numjobs" : "1",
    "rw" : "rw",
    "bs" : "4k",
    "rwmixread" : "90",
    "rwmixwrite" : "10"
  },
  "client_stats" : [
    {
      "jobname" : "rw_bw_test",
      "groupid" : 0,
      "error" : 0,
      "job options" : {
        "name" : "rw_bw_test",
        "filename" : "/dev/sdb"
      },
      "read" : {
        "io_bytes" : 686399488,
        "io_kbytes" : 670312,
        "bw_bytes" : 68633085,
        "bw" : 67024,
        "iops" : 16754.124588,
        "runtime" : 10001,
        "total_ios" : 167558,
        "short_ios" : 0,
        "drop_ios" : 0,
        "slat_ns" : {
          "min" : 13242,
          "max" : 14909638,
          "mean" : 42319.317494,
          "stddev" : 116884.061877
        },
        "clat_ns" : {
          "min" : 221765,
          "max" : 29753191,
          "mean" : 1157927.351755,
          "stddev" : 1375693.745317,
          "percentile" : {
            "1.000000" : 651264,
            "5.000000" : 782336,
            "10.000000" : 839680,
            "20.000000" : 905216,
            "30.000000" : 946176,
            "40.000000" : 987136,
            "50.000000" : 1028096,
            "60.000000" : 1073152,
            "70.000000" : 1122304,
            "80.000000" : 1171456,
            "90.000000" : 1286144,
            "95.000000" : 1449984,
            "99.000000" : 2056192,
            "99.500000" : 10813440,
            "99.900000" : 22413312,
            "99.950000" : 22675456,
            "99.990000" : 28442624
          }
        },
        "lat_ns" : {
          "min" : 238144,
          "max" : 29770234,
          "mean" : 1201208.735906,
          "stddev" : 1380432.008760
        },
        "bw_min" : 60742,
        "bw_max" : 70584,
        "bw_agg" : 99.860851,
        "bw_mean" : 66930.736842,
        "bw_dev" : 2831.213655,
        "bw_samples" : 19,
        "iops_min" : 15185,
        "iops_max" : 17646,
        "iops_mean" : 16732.578947,
        "iops_stddev" : 707.834202,
        "iops_samples" : 19
      },
      "write" : {
        "io_bytes" : 76398592,
        "io_kbytes" : 74608,
        "bw_bytes" : 7639095,
        "bw" : 7460,
        "iops" : 1864.813519,
        "runtime" : 10001,
        "total_ios" : 18650,
        "short_ios" : 0,
        "drop_ios" : 0,
        "slat_ns" : {
          "min" : 13641,
          "max" : 4020801,
          "mean" : 54327.367346,
          "stddev" : 66554.149200
        },
        "clat_ns" : {
          "min" : 1897,
          "max" : 16033127,
          "mean" : 921937.074737,
          "stddev" : 541748.929044,
          "percentile" : {
            "1.000000" : 244736,
            "5.000000" : 522240,
            "10.000000" : 634880,
            "20.000000" : 741376,
            "30.000000" : 806912,
            "40.000000" : 847872,
            "50.000000" : 897024,
            "60.000000" : 937984,
            "70.000000" : 987136,
            "80.000000" : 1056768,
            "90.000000" : 1155072,
            "95.000000" : 1286144,
            "99.000000" : 1712128,
            "99.500000" : 1908736,
            "99.900000" : 10551296,
            "99.950000" : 13565952,
            "99.990000" : 15925248
          }
        },
        "lat_ns" : {
          "min" : 62524,
          "max" : 16068558,
          "mean" : 977149.319644,
          "stddev" : 546160.733506
        },
        "bw_min" : 6584,
        "bw_max" : 8256,
        "bw_agg" : 99.676873,
        "bw_mean" : 7435.894737,
        "bw_dev" : 509.241145,
        "bw_samples" : 19,
        "iops_min" : 1646,
        "iops_max" : 2064,
        "iops_mean" : 1858.894737,
        "iops_stddev" : 127.301433,
        "iops_samples" : 19
      },
      "trim" : {
        "io_bytes" : 0,
        "io_kbytes" : 0,
        "bw_bytes" : 0,
        "bw" : 0,
        "iops" : 0.000000,
        "runtime" : 0,
        "total_ios" : 0,
        "short_ios" : 0,
        "drop_ios" : 0,
        "slat_ns" : {
          "min" : 0,
          "max" : 0,
          "mean" : 0.000000,
          "stddev" : 0.000000
        },
        "clat_ns" : {
          "min" : 0,
          "max" : 0,
          "mean" : 0.000000,
          "stddev" : 0.000000,
          "percentile" : {
            "1.000000" : 0,
            "5.000000" : 0,
            "10.000000" : 0,
            "20.000000" : 0,
            "30.000000" : 0,
            "40.000000" : 0,
            "50.000000" : 0,
            "60.000000" : 0,
            "70.000000" : 0,
            "80.000000" : 0,
            "90.000000" : 0,
            "95.000000" : 0,
            "99.000000" : 0,
            "99.500000" : 0,
            "99.900000" : 0,
            "99.950000" : 0,
            "99.990000" : 0
          }
        },
        "lat_ns" : {
          "min" : 0,
          "max" : 0,
          "mean" : 0.000000,
          "stddev" : 0.000000
        },
        "bw_min" : 0,
        "bw_max" : 0,
        "bw_agg" : 0.000000,
        "bw_mean" : 0.000000,
        "bw_dev" : 0.000000,
        "bw_samples" : 0,
        "iops_min" : 0,
        "iops_max" : 0,
        "iops_mean" : 0.000000,
        "iops_stddev" : 0.000000,
        "iops_samples" : 0
      },
      "sync" : {
        "lat_ns" : {
          "min" : 0,
          "max" : 0,
          "mean" : 0.000000,
          "stddev" : 0.000000,
          "percentile" : {
            "1.000000" : 0,
            "5.000000" : 0,
            "10.000000" : 0,
            "20.000000" : 0,
            "30.000000" : 0,
            "40.000000" : 0,
            "50.000000" : 0,
            "60.000000" : 0,
            "70.000000" : 0,
            "80.000000" : 0,
            "90.000000" : 0,
            "95.000000" : 0,
            "99.000000" : 0,
            "99.500000" : 0,
            "99.900000" : 0,
            "99.950000" : 0,
            "99.990000" : 0
          }
        },
        "total_ios" : 0
      },
      "job_runtime" : 10000,
      "usr_cpu" : 1.720000,
      "sys_cpu" : 91.400000,
      "ctx" : 1773,
      "majf" : 0,
      "minf" : 16,
      "iodepth_level" : {
        "1" : 0.000000,
        "2" : 0.000000,
        "4" : 0.000000,
        "8" : 0.000000,
        "16" : 100.000000,
        "32" : 0.000000,
        ">=64" : 0.000000
      },
      "iodepth_submit" : {
        "0" : 0.000000,
        "4" : 100.000000,
        "8" : 0.000000,
        "16" : 0.000000,
        "32" : 0.000000,
        "64" : 0.000000,
        ">=64" : 0.000000
      },
      "iodepth_complete" : {
        "0" : 0.000000,
        "4" : 99.999463,
        "8" : 0.000000,
        "16" : 0.000000,
        "32" : 0.100000,
        "64" : 0.000000,
        ">=64" : 0.000000
      },
      "latency_ns" : {
        "2" : 0.000000,
        "4" : 0.000000,
        "10" : 0.000000,
        "20" : 0.000000,
        "50" : 0.000000,
        "100" : 0.000000,
        "250" : 0.000000,
        "500" : 0.000000,
        "750" : 0.000000,
        "1000" : 0.000000
      },
      "latency_us" : {
        "2" : 0.010000,
        "4" : 0.010000,
        "10" : 0.000000,
        "20" : 0.000000,
        "50" : 0.010000,
        "100" : 0.029000,
        "250" : 0.067666,
        "500" : 0.346387,
        "750" : 4.450400,
        "1000" : 41.089534
      },
      "latency_ms" : {
        "2" : 53.000408,
        "4" : 0.385053,
        "10" : 0.149832,
        "20" : 0.265832,
        "50" : 0.219110,
        "100" : 0.000000,
        "250" : 0.000000,
        "500" : 0.000000,
        "750" : 0.000000,
        "1000" : 0.000000,
        "2000" : 0.000000,
        ">=2000" : 0.000000
      },
      "latency_depth" : 22,
      "latency_target" : 0,
      "latency_percentile" : 100.000000,
      "latency_window" : 0,