
{
  "fio version" : "fio-3.15",
  "timestamp" : 1586557188,
  "time" : "Fri Apr 10 15:19:48 2020",
  "global options" : {
    "direct" : "1",
    "iodepth" : "22",
    "ioengine" : "libaio",
    "runtime" : "10",
    "time_based" : "1",
    "ramp_time" : "5",
    "size" : "5g",
    "numjobs" : "1",
    "rw" : "rw",
    "bs" : "64k",
    "rwmixread" : "90",
    "rwmixwrite" : "10"
  },
  "client_stats" : [
    {
      "jobname" : "rw_bw_test",
      "groupid" : 0,
      "error" : 0,
      "job options" : {
        "name" : "rw_bw_test",
        "filename" : "/mnt/VBOX_HARDDISK_xfs/test.dat"
      },
      "read" : {
        "io_bytes" : 2409955328,
        "io_kbytes" : 2353472,
        "bw_bytes" : 240875095,
        "bw" : 235229,
        "iops" : 3673.363318,
        "runtime" : 10005,
        "total_ios" : 36752,
        "short_ios" : 0,
        "drop_ios" : 0,
        "slat_ns" : {
          "min" : 19011,
          "max" : 13337874,
          "mean" : 38551.319302,
          "stddev" : 128588.720179
        },
        "clat_ns" : {
          "min" : 687018,
          "max" : 28200260,
          "mean" : 5920338.894678,
          "stddev" : 3016846.425979,
          "percentile" : {
            "1.000000" : 2899968,
            "5.000000" : 4816896,
            "10.000000" : 4947968,
            "20.000000" : 5079040,
            "30.000000" : 5079040,
            "40.000000" : 5079040,
            "50.000000" : 5079040,
            "60.000000" : 5144576,
            "70.000000" : 5144576,
            "80.000000" : 5210112,
            "90.000000" : 5931008,
            "95.000000" : 14876672,
            "99.000000" : 18219008,
            "99.500000" : 19791872,
            "99.900000" : 25296896,
            "99.950000" : 26083328,
            "99.990000" : 27656192
          }
        },
        "lat_ns" : {
          "min" : 752349,
          "max" : 28229415,
          "mean" : 5959714.483860,
          "stddev" : 3018213.270337
        },
        "bw_min" : 225408,
        "bw_max" : 242714,
        "bw_agg" : 99.942864,
        "bw_mean" : 235094.600000,
        "bw_dev" : 5652.112306,
        "bw_samples" : 20,
        "iops_min" : 3522,
        "iops_max" : 3792,
        "iops_mean" : 3673.200000,
        "iops_stddev" : 88.318562,
        "iops_samples" : 20
      },
      "write" : {
        "io_bytes" : 268566528,
        "io_kbytes" : 262272,
        "bw_bytes" : 26843231,
        "bw" : 26214,
        "iops" : 409.595202,
        "runtime" : 10005,
        "total_ios" : 4098,
        "short_ios" : 0,
        "drop_ios" : 0,
        "slat_ns" : {
          "min" : 21921,
          "max" : 1159339,
          "mean" : 41814.291850,
          "stddev" : 39427.300726
        },
        "clat_ns" : {
          "min" : 1909,
          "max" : 13875485,
          "mean" : 174117.938019,
          "stddev" : 303806.135284,
          "percentile" : {
            "1.000000" : 74240,
            "5.000000" : 86528,
            "10.000000" : 91648,
            "20.000000" : 96768,
            "30.000000" : 100864,
            "40.000000" : 105984,
            "50.000000" : 111104,
            "60.000000" : 119296,
            "70.000000" : 134144,
            "80.000000" : 179200,
            "90.000000" : 240640,
            "95.000000" : 436224,
            "99.000000" : 1236992,
            "99.500000" : 1581056,
            "99.900000" : 2244608,
            "99.950000" : 2768896,
            "99.990000" : 13828096
          }
        },
        "lat_ns" : {
          "min" : 89241,
          "max" : 13915516,
          "mean" : 216845.928014,
          "stddev" : 317169.851028
        },
        "bw_min" : 23936,
        "bw_max" : 29184,
        "bw_agg" : 100.000000,
        "bw_mean" : 26214.150000,
        "bw_dev" : 1419.973805,
        "bw_samples" : 20,
        "iops_min" : 374,
        "iops_max" : 456,
        "iops_mean" : 409.550000,
        "iops_stddev" : 22.205914,
        "iops_samples" : 20
      },
      "trim" : {
        "io_bytes" : 0,
        "io_kbytes" : 0,
        "bw_bytes" : 0,
        "bw" : 0,
        "iops" : 0.000000,
        "runtime" : 0,
        "total_ios" : 0,
        "short_ios" : 0,
        "drop_ios" : 0,
        "slat_ns" : {
          "min" : 0,
          "max" : 0,
          "mean" : 0.000000,
          "stddev" : 0.000000
        },
        "clat_ns" : {
          "min" : 0,
          "max" : 0,
          "mean" : 0.000000,
          "stddev" : 0.000000,
          "percentile" : {
            "1.000000" : 0,
            "5.000000" : 0,
            "10.000000" : 0,
            "20.000000" : 0,
            "30.000000" : 0,
            "40.000000" : 0,
            "50.000000" : 0,
            "60.000000" : 0,
            "70.000000" : 0,
            "80.000000" : 0,
            "90.000000" : 0,
            "95.000000" : 0,
            "99.000000" : 0,
            "99.500000" : 0,
            "99.900000" : 0,
            "99.950000" : 0,
            "99.990000" : 0
          }
        },
        "lat_ns" : {
          "min" : 0,
          "max" : 0,
          "mean" : 0.000000,
          "stddev" : 0.000000
        },
        "bw_min" : 0,
        "bw_max" : 0,
        "bw_agg" : 0.000000,
        "bw_mean" : 0.000000,
        "bw_dev" : 0.000000,
        "bw_samples" : 0,
        "iops_min" : 0,
        "iops_max" : 0,
        "iops_mean" : 0.000000,
        "iops_stddev" : 0.000000,
        "iops_samples" : 0
      },
      "sync" : {
        "lat_ns" : {
          "min" : 0,
          "max" : 0,
          "mean" : 0.000000,
          "stddev" : 0.000000,
          "percentile" : {
            "1.000000" : 0,
            "5.000000" : 0,
            "10.000000" : 0,
            "20.000000" : 0,
            "30.000000" : 0,
            "40.000000" : 0,
            "50.000000" : 0,
            "60.000000" : 0,
            "70.000000" : 0,
            "80.000000" : 0,
            "90.000000" : 0,
            "95.000000" : 0,
            "99.000000" : 0,
            "99.500000" : 0,
            "99.900000" : 0,
            "99.950000" : 0,
            "99.990000" : 0
          }
        },
        "total_ios" : 0
      },
      "job_runtime" : 10004,
      "usr_cpu" : 0.679728,
      "sys_cpu" : 22.351060,
      "ctx" : 36595,
      "majf" : 0,
      "minf" : 16,
      "iodepth_level" : {
        "1" : 0.000000,
        "2" : 0.000000,
        "4" : 0.000000,
        "8" : 0.000000,
        "16" : 100.000000,
        "32" : 0.000000,
        ">=64" : 0.000000
      },
      "iodepth_submit" : {
        "0" : 0.000000,
        "4" : 100.000000,
        "8" : 0.000000,
        "16" : 0.000000,
        "32" : 0.000000,
        "64" : 0.000000,
        ">=64" : 0.000000
      },
      "iodepth_complete" : {
        "0" : 0.000000,
        "4" : 99.997552,
        "8" : 0.000000,
        "16" : 0.000000,
        "32" : 0.100000,
        "64" : 0.000000,
        ">=64" : 0.000000
      },
      "latency_ns" : {
        "2" : 0.000000,
        "4" : 0.000000,
        "10" : 0.000000,
        "20" : 0.000000,
        "50" : 0.000000,
        "100" : 0.000000,
        "250" : 0.000000,
        "500" : 0.000000,
        "750" : 0.000000,
        "1000" : 0.000000
      },
      "latency_us" : {
        "2" : 0.010000,
        "4" : 0.010000,
        "10" : 0.000000,
        "20" : 0.000000,
        "50" : 0.022032,
        "100" : 2.707466,
        "250" : 6.369645,
        "500" : 0.496940,
        "750" : 0.141983,
        "1000" : 0.110159
      },
      "latency_ms" : {
        "2" : 0.428397,
        "4" : 1.725826,
        "10" : 81.529988,
        "20" : 6.122399,
        "50" : 0.384333,
        "100" : 0.000000,
        "250" : 0.000000,
        "500" : 0.000000,
        "750" : 0.000000,
        "1000" : 0.000000,
        "2000" : 0.000000,
        ">=2000" : 0.000000
      },
      "latency_depth" : 22,
      "latency_target" : 0,
      "latency_percentile" : 100.000000,
      "latency_window" : 0,