
{
  "fio version" : "fio-3.15",
  "timestamp" : 1586554071,
  "time" : "Fri Apr 10 14:27:51 2020",
  "global options" : {
    "direct" : "1",
    "iodepth" : "22",
    "ioengine" : "libaio",
    "runtime" : "10",
    "time_based" : "1",
    "ramp_time" : "5",
    "size" : "5g",
    "numjobs" : "1",
    "rw" : "rw",
    "bs" : "512k",
    "rwmixread" : "90",
    "rwmixwrite" : "10"
  },
  "client_stats" : [
    {
      "jobname" : "rw_bw_test",
      "groupid" : 0,
      "error" : 0,
      "job options" : {
        "name" : "rw_bw_test",
        "filename" : "/mnt/VBOX_HARDDISK_ext4/test.dat"
      },
      "read" : {
        "io_bytes" : 1660944384,
        "io_kbytes" : 1622016,
        "bw_bytes" : 165136645,
        "bw" : 161266,
        "iops" : 313.084112,
        "runtime" : 10058,
        "total_ios" : 3149,
        "short_ios" : 0,
        "drop_ios" : 0,
        "slat_ns" : {
          "min" : 29871,
          "max" : 21394562,
          "mean" : 97685.636393,
          "stddev" : 415791.828488
        },
        "clat_ns" : {
          "min" : 19091401,
          "max" : 196945937,
          "mean" : 65977286.029040,
          "stddev" : 24782005.255203,
          "percentile" : {
            "1.000000" : 34865152,
            "5.000000" : 38010880,
            "10.000000" : 39059456,
            "20.000000" : 41680896,
            "30.000000" : 46923776,
            "40.000000" : 51642368,
            "50.000000" : 62128128,
            "60.000000" : 73924608,
            "70.000000" : 80216064,
            "80.000000" : 87556096,
            "90.000000" : 94896128,
            "95.000000" : 103284736,
            "99.000000" : 141557760,
            "99.500000" : 177209344,
            "99.900000" : 193986560,
            "99.950000" : 196083712,
            "99.990000" : 196083712
          }
        },
        "lat_ns" : {
          "min" : 22855757,
          "max" : 196991921,
          "mean" : 66076162.679608,
          "stddev" : 24776788.872587
        },
        "bw_min" : 108544,
        "bw_max" : 195584,
        "bw_agg" : 99.750691,
        "bw_mean" : 160863.950000,
        "bw_dev" : 22385.919149,
        "bw_samples" : 20,
        "iops_min" : 212,
        "iops_max" : 382,
        "iops_mean" : 314.000000,
        "iops_stddev" : 43.733644,
        "iops_samples" : 20
      },
      "write" : {
        "io_bytes" : 195559424,
        "io_kbytes" : 190976,
        "bw_bytes" : 19443172,
        "bw" : 18987,
        "iops" : 36.886061,
        "runtime" : 10058,
        "total_ios" : 371,
        "short_ios" : 0,
        "drop_ios" : 0,
        "slat_ns" : {
          "min" : 29916,
          "max" : 491690,
          "mean" : 96703.544474,
          "stddev" : 49966.958863
        },
        "clat_ns" : {
          "min" : 7508726,
          "max" : 194716939,
          "mean" : 34584788.793566,
          "stddev" : 20365350.416348,
          "percentile" : {
            "1.000000" : 12779520,
            "5.000000" : 16580608,
            "10.000000" : 18743296,
            "20.000000" : 20316160,
            "30.000000" : 21626880,
            "40.000000" : 23199744,
            "50.000000" : 26083328,
            "60.000000" : 29229056,
            "70.000000" : 36438016,
            "80.000000" : 55312384,
            "90.000000" : 64749568,
            "95.000000" : 71827456,
            "99.000000" : 88604672,
            "99.500000" : 106430464,
            "99.900000" : 193986560,
            "99.950000" : 193986560,
            "99.990000" : 193986560
          }
        },
        "lat_ns" : {
          "min" : 7578115,
          "max" : 194769662,
          "mean" : 34682960.694370,
          "stddev" : 20359298.409278
        },
        "bw_min" : 13285,
        "bw_max" : 24576,
        "bw_agg" : 100.000000,
        "bw_mean" : 19071.100000,
        "bw_dev" : 3597.574737,
        "bw_samples" : 20,
        "iops_min" : 25,
        "iops_max" : 48,
        "iops_mean" : 36.850000,
        "iops_stddev" : 7.147138,
        "iops_samples" : 20
      },
      "trim" : {
        "io_bytes" : 0,
        "io_kbytes" : 0,
        "bw_bytes" : 0,
        "bw" : 0,
        "iops" : 0.000000,
        "runtime" : 0,
        "total_ios" : 0,
        "short_ios" : 0,
        "drop_ios" : 0,
        "slat_ns" : {
          "min" : 0,
          "max" : 0,
          "mean" : 0.000000,
          "stddev" : 0.000000
        },
        "clat_ns" : {
          "min" : 0,
          "max" : 0,
          "mean" : 0.000000,
          "stddev" : 0.000000,
          "percentile" : {
            "1.000000" : 0,
            "5.000000" : 0,
            "10.000000" : 0,
            "20.000000" : 0,
            "30.000000" : 0,
            "40.000000" : 0,
            "50.000000" : 0,
            "60.000000" : 0,
            "70.000000" : 0,
            "80.000000" : 0,
            "90.000000" : 0,
            "95.000000" : 0,
            "99.000000" : 0,
            "99.500000" : 0,
            "99.900000" : 0,
            "99.950000" : 0,
            "99.990000" : 0
          }
        },
        "lat_ns" : {
          "min" : 0,
          "max" : 0,
          "mean" : 0.000000,
          "stddev" : 0.000000
        },
        "bw_min" : 0,
        "bw_max" : 0,
        "bw_agg" : 0.000000,
        "bw_mean" : 0.000000,
        "bw_dev" : 0.000000,
        "bw_samples" : 0,
        "iops_min" : 0,
        "iops_max" : 0,
        "iops_mean" : 0.000000,
        "iops_stddev" : 0.000000,
        "iops_samples" : 0
      },
      "sync" : {
        "lat_ns" : {
          "min" : 0,
          "max" : 0,
          "mean" : 0.000000,
          "stddev" : 0.000000,
          "percentile" : {
            "1.000000" : 0,
            "5.000000" : 0,
            "10.000000" : 0,
            "20.000000" : 0,
            "30.000000" : 0,
            "40.000000" : 0,
            "50.000000" : 0,
            "60.000000" : 0,
            "70.000000" : 0,
            "80.000000" : 0,
            "90.000000" : 0,
            "95.000000" : 0,
            "99.000000" : 0,
            "99.500000" : 0,
            "99.900000" : 0,
            "99.950000" : 0,
            "99.990000" : 0
          }
        },
        "total_ios" : 0
      },
      "job_runtime" : 10057,
      "usr_cpu" : 0.477280,
      "sys_cpu" : 3.937556,
      "ctx" : 3025,
      "majf" : 0,
      "minf" : 16,
      "iodepth_level" : {
        "1" : 0.000000,
        "2" : 0.000000,
        "4" : 0.000000,
        "8" : 0.000000,
        "16" : 100.000000,
        "32" : 0.000000,
        ">=64" : 0.000000
      },
      "iodepth_submit" : {
        "0" : 0.000000,
        "4" : 100.000000,
        "8" : 0.000000,
        "16" : 0.000000,
        "32" : 0.000000,
        "64" : 0.000000,
        ">=64" : 0.000000
      },
      "iodepth_complete" : {
        "0" : 0.000000,
        "4" : 99.971599,
        "8" : 0.000000,
        "16" : 0.000000,
        "32" : 0.100000,
        "64" : 0.000000,
        ">=64" : 0.000000
      },
      "latency_ns" : {
        "2" : 0.000000,
        "4" : 0.000000,
        "10" : 0.000000,
        "20" : 0.000000,
        "50" : 0.000000,
        "100" : 0.000000,
        "250" : 0.000000,
        "500" : 0.000000,
        "750" : 0.000000,
        "1000" : 0.000000
      },
      "latency_us" : {
        "2" : 0.000000,
        "4" : 0.000000,
        "10" : 0.000000,
        "20" : 0.000000,
        "50" : 0.000000,
        "100" : 0.000000,
        "250" : 0.000000,
        "500" : 0.000000,
        "750" : 0.000000,
        "1000" : 0.000000
      },
      "latency_ms" : {
        "2" : 0.000000,
        "4" : 0.000000,
        "10" : 0.056818,
        "20" : 1.960227,
        "50" : 39.517045,
        "100" : 52.926136,
        "250" : 6.136364,
        "500" : 0.000000,
        "750" : 0.000000,
        "1000" : 0.000000,
        "2000" : 0.000000,
        ">=2000" : 0.000000
      },
      "latency_depth" : 22,
      "latency_target" : 0,