
{
  "fio version" : "fio-3.15",
  "timestamp" : 1586554038,
  "time" : "Fri Apr 10 14:27:18 2020",
  "global options" : {
    "direct" : "1",
    "iodepth" : "22",
    "ioengine" : "libaio",
    "runtime" : "10",
    "time_based" : "1",
    "ramp_time" : "5",
    "size" : "5g",
    "numjobs" : "1",
    "rw" : "rw",
    "bs" : "128k",
    "rwmixread" : "90",
    "rwmixwrite" : "10"
  },
  "client_stats" : [
    {
      "jobname" : "rw_bw_test",
      "groupid" : 0,
      "error" : 0,
      "job options" : {
        "name" : "rw_bw_test",
        "filename" : "/mnt/VBOX_HARDDISK_ext4/test.dat"
      },
      "read" : {
        "io_bytes" : 1838153728,
        "io_kbytes" : 1795072,
        "bw_bytes" : 183613398,
        "bw" : 179309,
        "iops" : 1398.761363,
        "runtime" : 10011,
        "total_ios" : 14003,
        "short_ios" : 0,
        "drop_ios" : 0,
        "slat_ns" : {
          "min" : 9648,
          "max" : 12588390,
          "mean" : 43226.246733,
          "stddev" : 198855.897772
        },
        "clat_ns" : {
          "min" : 901762,
          "max" : 87005512,
          "mean" : 15680512.694167,
          "stddev" : 10928153.717723,
          "percentile" : {
            "1.000000" : 5931008,
            "5.000000" : 9633792,
            "10.000000" : 9895936,
            "20.000000" : 10027008,
            "30.000000" : 10158080,
            "40.000000" : 10158080,
            "50.000000" : 10158080,
            "60.000000" : 11993088,
            "70.000000" : 14483456,
            "80.000000" : 18219008,
            "90.000000" : 30801920,
            "95.000000" : 45875200,
            "99.000000" : 53215232,
            "99.500000" : 55836672,
            "99.900000" : 82313216,
            "99.950000" : 85458944,
            "99.990000" : 86507520
          }
        },
        "lat_ns" : {
          "min" : 1063300,
          "max" : 87034155,
          "mean" : 15724544.488876,
          "stddev" : 10925103.618397
        },
        "bw_min" : 155904,
        "bw_max" : 194294,
        "bw_agg" : 99.834280,
        "bw_mean" : 179011.850000,
        "bw_dev" : 11626.815753,
        "bw_samples" : 20,
        "iops_min" : 1218,
        "iops_max" : 1517,
        "iops_mean" : 1398.400000,
        "iops_stddev" : 90.845966,
        "iops_samples" : 20
      },
      "write" : {
        "io_bytes" : 203685888,
        "io_kbytes" : 198912,
        "bw_bytes" : 20346207,
        "bw" : 19869,
        "iops" : 155.229248,
        "runtime" : 10011,
        "total_ios" : 1554,
        "short_ios" : 0,
        "drop_ios" : 0,
        "slat_ns" : {
          "min" : 19240,
          "max" : 981892,
          "mean" : 45936.568211,
          "stddev" : 46372.752791
        },
        "clat_ns" : {
          "min" : 1900,
          "max" : 35273203,
          "mean" : 273287.859073,
          "stddev" : 1616805.229032,
          "percentile" : {
            "1.000000" : 95744,
            "5.000000" : 99840,
            "10.000000" : 103936,
            "20.000000" : 112128,
            "30.000000" : 115200,
            "40.000000" : 118272,
            "50.000000" : 122368,
            "60.000000" : 128512,
            "70.000000" : 136192,
            "80.000000" : 148480,
            "90.000000" : 207872,
            "95.000000" : 378880,
            "99.000000" : 1728512,
            "99.500000" : 7962624,
            "99.900000" : 28966912,
            "99.950000" : 35389440,
            "99.990000" : 35389440
          }
        },
        "lat_ns" : {
          "min" : 123800,
          "max" : 35328744,
          "mean" : 320125.862934,
          "stddev" : 1618021.540745
        },
        "bw_min" : 15329,
        "bw_max" : 22528,
        "bw_agg" : 99.991192,
        "bw_mean" : 19867.250000,
        "bw_dev" : 1635.786721,
        "bw_samples" : 20,
        "iops_min" : 119,
        "iops_max" : 176,
        "iops_mean" : 155.050000,
        "iops_stddev" : 12.886039,
        "iops_samples" : 20
      },
      "trim" : {
        "io_bytes" : 0,
        "io_kbytes" : 0,
        "bw_bytes" : 0,
        "bw" : 0,
        "iops" : 0.000000,
        "runtime" : 0,
        "total_ios" : 0,
        "short_ios" : 0,
        "drop_ios" : 0,
        "slat_ns" : {
          "min" : 0,
          "max" : 0,
          "mean" : 0.000000,
          "stddev" : 0.000000
        },
        "clat_ns" : {
          "min" : 0,
          "max" : 0,
          "mean" : 0.000000,
          "stddev" : 0.000000,
          "percentile" : {
            "1.000000" : 0,
            "5.000000" : 0,
            "10.000000" : 0,
            "20.000000" : 0,
            "30.000000" : 0,
            "40.000000" : 0,
            "50.000000" : 0,
            "60.000000" : 0,
            "70.000000" : 0,
            "80.000000" : 0,
            "90.000000" : 0,
            "95.000000" : 0,
            "99.000000" : 0,
            "99.500000" : 0,
            "99.900000" : 0,
            "99.950000" : 0,
            "99.990000" : 0
          }
        },
        "lat_ns" : {
          "min" : 0,
          "max" : 0,
          "mean" : 0.000000,
          "stddev" : 0.000000
        },
        "bw_min" : 0,
        "bw_max" : 0,
        "bw_agg" : 0.000000,
        "bw_mean" : 0.000000,
        "bw_dev" : 0.000000,
        "bw_samples" : 0,
        "iops_min" : 0,
        "iops_max" : 0,
        "iops_mean" : 0.000000,
        "iops_stddev" : 0.000000,
        "iops_samples" : 0
      },
      "sync" : {
        "lat_ns" : {
          "min" : 0,
          "max" : 0,
          "mean" : 0.000000,
          "stddev" : 0.000000,
          "percentile" : {
            "1.000000" : 0,
            "5.000000" : 0,
            "10.000000" : 0,
            "20.000000" : 0,
            "30.000000" : 0,
            "40.000000" : 0,
            "50.000000" : 0,
            "60.000000" : 0,
            "70.000000" : 0,
            "80.000000" : 0,
            "90.000000" : 0,
            "95.000000" : 0,
            "99.000000" : 0,
            "99.500000" : 0,
            "99.900000" : 0,
            "99.950000" : 0,
            "99.990000" : 0
          }
        },
        "total_ios" : 0
      },
      "job_runtime" : 10010,
      "usr_cpu" : 0.679321,
      "sys_cpu" : 8.711289,
      "ctx" : 14222,
      "majf" : 0,
      "minf" : 16,
      "iodepth_level" : {
        "1" : 0.000000,
        "2" : 0.000000,
        "4" : 0.000000,
        "8" : 0.000000,
        "16" : 100.000000,
        "32" : 0.000000,
        ">=64" : 0.000000
      },
      "iodepth_submit" : {
        "0" : 0.000000,
        "4" : 100.000000,
        "8" : 0.000000,
        "16" : 0.000000,
        "32" : 0.000000,
        "64" : 0.000000,
        ">=64" : 0.000000
      },
      "iodepth_complete" : {
        "0" : 0.000000,
        "4" : 99.993572,
        "8" : 0.000000,
        "16" : 0.000000,
        "32" : 0.100000,
        "64" : 0.000000,
        ">=64" : 0.000000
      },
      "latency_ns" : {
        "2" : 0.000000,
        "4" : 0.000000,
        "10" : 0.000000,
        "20" : 0.000000,
        "50" : 0.000000,
        "100" : 0.000000,
        "250" : 0.000000,
        "500" : 0.000000,
        "750" : 0.000000,
        "1000" : 0.000000
      },
      "latency_us" : {
        "2" : 0.010000,
        "4" : 0.032140,
        "10" : 0.000000,
        "20" : 0.000000,
        "50" : 0.012856,
        "100" : 0.520666,
        "250" : 8.574918,
        "500" : 0.475670,
        "750" : 0.096420,
        "1000" : 0.064280
      },
      "latency_ms" : {
        "2" : 0.244263,
        "4" : 0.340683,
        "10" : 10.001928,
        "20" : 64.774699,
        "50" : 13.196632,
        "100" : 1.793405,
        "250" : 0.000000,
        "500" : 0.000000,
        "750" : 0.000000,
        "1000" : 0.000000,
        "2000" : 0.000000,
        ">=2000" : 0.000000
      },
      "latency_depth" : 22,
      "latency_target" : 0,
      "latency_percentile" : 100.000000,