
{
  "fio version" : "fio-3.15",
  "timestamp" : 1586553989,
  "time" : "Fri Apr 10 14:26:29 2020",
  "global options" : {
    "direct" : "1",
    "iodepth" : "22",
    "ioengine" : "libaio",
    "runtime" : "10",
    "time_based" : "1",
    "ramp_time" : "5",
    "size" : "5g",
    "numjobs" : "1",
    "rw" : "rw",
    "bs" : "16k",
    "rwmixread" : "90",
    "rwmixwrite" : "10"
  },
  "client_stats" : [
    {
      "jobname" : "rw_bw_test",
      "groupid" : 0,
      "error" : 0,
      "job options" : {
        "name" : "rw_bw_test",
        "filename" : "/mnt/VBOX_HARDDISK_ext4/test.dat"
      },
      "read" : {
        "io_bytes" : 1350696960,
        "io_kbytes" : 1319040,
        "bw_bytes" : 135015689,
        "bw" : 131851,
        "iops" : 8238.604558,
        "runtime" : 10004,
        "total_ios" : 82419,
        "short_ios" : 0,
        "drop_ios" : 0,
        "slat_ns" : {
          "min" : 4406,
          "max" : 31170581,
          "mean" : 65047.852291,
          "stddev" : 199787.245257
        },
        "clat_ns" : {
          "min" : 473518,
          "max" : 69677989,
          "mean" : 2467083.387385,
          "stddev" : 4190182.528372,
          "percentile" : {
            "1.000000" : 872448,
            "5.000000" : 1028096,
            "10.000000" : 1138688,
            "20.000000" : 1269760,
            "30.000000" : 1368064,
            "40.000000" : 1466368,
            "50.000000" : 1564672,
            "60.000000" : 1695744,
            "70.000000" : 1892352,
            "80.000000" : 2310144,
            "90.000000" : 3686400,
            "95.000000" : 5275648,
            "99.000000" : 33161216,
            "99.500000" : 37486592,
            "99.900000" : 42205184,
            "99.950000" : 44826624,
            "99.990000" : 49020928
          }
        },
        "lat_ns" : {
          "min" : 529148,
          "max" : 69733110,
          "mean" : 2533388.600388,
          "stddev" : 4193176.554664
        },
        "bw_min" : 98528,
        "bw_max" : 154126,
        "bw_agg" : 99.848920,
        "bw_mean" : 131651.800000,
        "bw_dev" : 16471.039611,
        "bw_samples" : 20,
        "iops_min" : 6158,
        "iops_max" : 9632,
        "iops_mean" : 8228.000000,
        "iops_stddev" : 1029.385867,
        "iops_samples" : 20
      },
      "write" : {
        "io_bytes" : 147341312,
        "io_kbytes" : 143888,
        "bw_bytes" : 14728239,
        "bw" : 14383,
        "iops" : 898.940424,
        "runtime" : 10004,
        "total_ios" : 8993,
        "short_ios" : 0,
        "drop_ios" : 0,
        "slat_ns" : {
          "min" : 5820,
          "max" : 8858028,
          "mean" : 84710.764261,
          "stddev" : 179346.367967
        },
        "clat_ns" : {
          "min" : 2063,
          "max" : 35113871,
          "mean" : 1141768.609140,
          "stddev" : 1267987.883981,
          "percentile" : {
            "1.000000" : 65280,
            "5.000000" : 109056,
            "10.000000" : 187392,
            "20.000000" : 460800,
            "30.000000" : 757760,
            "40.000000" : 937984,
            "50.000000" : 1056768,
            "60.000000" : 1155072,
            "70.000000" : 1269760,
            "80.000000" : 1417216,
            "90.000000" : 1744896,
            "95.000000" : 2375680,
            "99.000000" : 4882432,
            "99.500000" : 7766016,
            "99.900000" : 18481152,
            "99.950000" : 19529728,
            "99.990000" : 34865152
          }
        },
        "lat_ns" : {
          "min" : 67712,
          "max" : 35216473,
          "mean" : 1227947.836428,
          "stddev" : 1299583.150052
        },
        "bw_min" : 10240,
        "bw_max" : 17088,
        "bw_agg" : 99.876590,
        "bw_mean" : 14365.250000,
        "bw_dev" : 1788.395366,
        "bw_samples" : 20,
        "iops_min" : 640,
        "iops_max" : 1068,
        "iops_mean" : 897.650000,
        "iops_stddev" : 111.812472,
        "iops_samples" : 20
      },
      "trim" : {
        "io_bytes" : 0,
        "io_kbytes" : 0,
        "bw_bytes" : 0,
        "bw" : 0,
        "iops" : 0.000000,
        "runtime" : 0,
        "total_ios" : 0,
        "short_ios" : 0,
        "drop_ios" : 0,
        "slat_ns" : {
          "min" : 0,
          "max" : 0,
          "mean" : 0.000000,
          "stddev" : 0.000000
        },
        "clat_ns" : {
          "min" : 0,
          "max" : 0,
          "mean" : 0.000000,
          "stddev" : 0.000000,
          "percentile" : {
            "1.000000" : 0,
            "5.000000" : 0,
            "10.000000" : 0,
            "20.000000" : 0,
            "30.000000" : 0,
            "40.000000" : 0,
            "50.000000" : 0,
            "60.000000" : 0,
            "70.000000" : 0,
            "80.000000" : 0,
            "90.000000" : 0,
            "95.000000" : 0,
            "99.000000" : 0,
            "99.500000" : 0,
            "99.900000" : 0,
            "99.950000" : 0,
            "99.990000" : 0
          }
        },
        "lat_ns" : {
          "min" : 0,
          "max" : 0,
          "mean" : 0.000000,
          "stddev" : 0.000000
        },
        "bw_min" : 0,
        "bw_max" : 0,
        "bw_agg" : 0.000000,
        "bw_mean" : 0.000000,
        "bw_dev" : 0.000000,
        "bw_samples" : 0,
        "iops_min" : 0,
        "iops_max" : 0,
        "iops_mean" : 0.000000,
        "iops_stddev" : 0.000000,
        "iops_samples" : 0
      },
      "sync" : {
        "lat_ns" : {
          "min" : 0,
          "max" : 0,
          "mean" : 0.000000,
          "stddev" : 0.000000,
          "percentile" : {
            "1.000000" : 0,
            "5.000000" : 0,
            "10.000000" : 0,
            "20.000000" : 0,
            "30.000000" : 0,
            "40.000000" : 0,
            "50.000000" : 0,
            "60.000000" : 0,
            "70.000000" : 0,
            "80.000000" : 0,
            "90.000000" : 0,
            "95.000000" : 0,
            "99.000000" : 0,
            "99.500000" : 0,
            "99.900000" : 0,
            "99.950000" : 0,
            "99.990000" : 0
          }
        },
        "total_ios" : 0
      },
      "job_runtime" : 10003,
      "usr_cpu" : 1.399580,
      "sys_cpu" : 66.580026,
      "ctx" : 3594,
      "majf" : 0,
      "minf" : 16,
      "iodepth_level" : {
        "1" : 0.000000,
        "2" : 0.000000,
        "4" : 0.000000,
        "8" : 0.000000,
        "16" : 100.000000,
        "32" : 0.000000,
        ">=64" : 0.000000
      },
      "iodepth_submit" : {
        "0" : 0.000000,
        "4" : 100.000000,
        "8" : 0.000000,
        "16" : 0.000000,
        "32" : 0.000000,
        "64" : 0.000000,
        ">=64" : 0.000000
      },
      "iodepth_complete" : {
        "0" : 0.000000,
        "4" : 99.998906,
        "8" : 0.000000,
        "16" : 0.000000,
        "32" : 0.100000,
        "64" : 0.000000,
        ">=64" : 0.000000
      },
      "latency_ns" : {
        "2" : 0.000000,
        "4" : 0.000000,
        "10" : 0.000000,
        "20" : 0.000000,
        "50" : 0.000000,
        "100" : 0.000000,
        "250" : 0.000000,
        "500" : 0.000000,
        "750" : 0.000000,
        "1000" : 0.000000
      },
      "latency_us" : {
        "2" : 0.000000,
        "4" : 0.010000,
        "10" : 0.000000,
        "20" : 0.000000,
        "50" : 0.022973,
        "100" : 0.400385,
        "250" : 0.821555,
        "500" : 0.842340,
        "750" : 1.092854,
        "1000" : 4.710541
      },
      "latency_ms" : {
        "2" : 67.824793,
        "4" : 16.403754,
        "10" : 5.995931,
        "20" : 0.732945,
        "50" : 1.162867,
        "100" : 0.010000,
        "250" : 0.000000,
        "500" : 0.000000,
        "750" : 0.000000,
        "1000" : 0.000000,
        "2000" : 0.000000,
        ">=2000" : 0.000000
      },
      "latency_depth" : 22,
      "latency_target" : 0,
      "latency_percentile" : 100.000000,