
{
  "fio version" : "fio-3.15",
  "timestamp" : 1586553857,
  "time" : "Fri Apr 10 14:24:17 2020",
  "global options" : {
    "direct" : "1",
    "iodepth" : "22",
    "ioengine" : "libaio",
    "runtime" : "10",
    "time_based" : "1",
    "ramp_time" : "5",
    "size" : "5g",
    "numjobs" : "1",
    "rw" : "rw",
    "bs" : "4k",
    "rwmixread" : "90",
    "rwmixwrite" : "10"
  },
  "client_stats" : [
    {
      "jobname" : "rw_bw_test",
      "groupid" : 0,
      "error" : 0,
      "job options" : {
        "name" : "rw_bw_test",
        "filename" : "/mnt/VBOX_HARDDISK_ext4/test.dat"
      },
      "read" : {
        "io_bytes" : 523235328,
        "io_kbytes" : 510972,
        "bw_bytes" : 52313070,
        "bw" : 51086,
        "iops" : 12769.946011,
        "runtime" : 10002,
        "total_ios" : 127725,
        "short_ios" : 0,
        "drop_ios" : 0,
        "slat_ns" : {
          "min" : 3884,
          "max" : 16490527,
          "mean" : 54252.318011,
          "stddev" : 164738.390353
        },
        "clat_ns" : {
          "min" : 203103,
          "max" : 49308455,
          "mean" : 1531279.491033,
          "stddev" : 2391419.495043,
          "percentile" : {
            "1.000000" : 774144,
            "5.000000" : 888832,
            "10.000000" : 946176,
            "20.000000" : 1028096,
            "30.000000" : 1105920,
            "40.000000" : 1187840,
            "50.000000" : 1253376,
            "60.000000" : 1335296,
            "70.000000" : 1417216,
            "80.000000" : 1515520,
            "90.000000" : 1712128,
            "95.000000" : 1925120,
            "99.000000" : 7831552,
            "99.500000" : 14876672,
            "99.900000" : 38535168,
            "99.950000" : 40108032,
            "99.990000" : 48496640
          }
        },
        "lat_ns" : {
          "min" : 224799,
          "max" : 49425608,
          "mean" : 1586646.355057,
          "stddev" : 2396918.692514
        },
        "bw_min" : 40103,
        "bw_max" : 66846,
        "bw_agg" : 99.911032,
        "bw_mean" : 51040.550000,
        "bw_dev" : 7560.768754,
        "bw_samples" : 20,
        "iops_min" : 10025,
        "iops_max" : 16711,
        "iops_mean" : 12760.000000,
        "iops_stddev" : 1890.236772,
        "iops_samples" : 20
      },
      "write" : {
        "io_bytes" : 57851904,
        "io_kbytes" : 56496,
        "bw_bytes" : 5784033,
        "bw" : 5648,
        "iops" : 1411.817636,
        "runtime" : 10002,
        "total_ios" : 14121,
        "short_ios" : 0,
        "drop_ios" : 0,
        "slat_ns" : {
          "min" : 4770,
          "max" : 12768222,
          "mean" : 58156.375115,
          "stddev" : 117191.579093
        },
        "clat_ns" : {
          "min" : 2908,
          "max" : 34373004,
          "mean" : 1192424.331988,
          "stddev" : 1144100.039596,
          "percentile" : {
            "1.000000" : 177152,
            "5.000000" : 602112,
            "10.000000" : 757760,
            "20.000000" : 880640,
            "30.000000" : 962560,
            "40.000000" : 1036288,
            "50.000000" : 1122304,
            "60.000000" : 1204224,
            "70.000000" : 1269760,
            "80.000000" : 1368064,
            "90.000000" : 1515520,
            "95.000000" : 1662976,
            "99.000000" : 2277376,
            "99.500000" : 6324224,
            "99.900000" : 16187392,
            "99.950000" : 31850496,
            "99.990000" : 34340864
          }
        },
        "lat_ns" : {
          "min" : 67579,
          "max" : 34506552,
          "mean" : 1251726.845370,
          "stddev" : 1151851.489451
        },
        "bw_min" : 4423,
        "bw_max" : 7496,
        "bw_agg" : 99.933605,
        "bw_mean" : 5644.250000,
        "bw_dev" : 849.892307,
        "bw_samples" : 20,
        "iops_min" : 1105,
        "iops_max" : 1874,
        "iops_mean" : 1410.950000,
        "iops_stddev" : 212.548069,
        "iops_samples" : 20
      },
      "trim" : {
        "io_bytes" : 0,
        "io_kbytes" : 0,
        "bw_bytes" : 0,
        "bw" : 0,
        "iops" : 0.000000,
        "runtime" : 0,
        "total_ios" : 0,
        "short_ios" : 0,
        "drop_ios" : 0,
        "slat_ns" : {
          "min" : 0,
          "max" : 0,
          "mean" : 0.000000,
          "stddev" : 0.000000
        },
        "clat_ns" : {
          "min" : 0,
          "max" : 0,
          "mean" : 0.000000,
          "stddev" : 0.000000,
          "percentile" : {
            "1.000000" : 0,
            "5.000000" : 0,
            "10.000000" : 0,
            "20.000000" : 0,
            "30.000000" : 0,
            "40.000000" : 0,
            "50.000000" : 0,
            "60.000000" : 0,
            "70.000000" : 0,
            "80.000000" : 0,
            "90.000000" : 0,
            "95.000000" : 0,
            "99.000000" : 0,
            "99.500000" : 0,
            "99.900000" : 0,
            "99.950000" : 0,
            "99.990000" : 0
          }
        },
        "lat_ns" : {
          "min" : 0,
          "max" : 0,
          "mean" : 0.000000,
          "stddev" : 0.000000
        },
        "bw_min" : 0,
        "bw_max" : 0,
        "bw_agg" : 0.000000,
        "bw_mean" : 0.000000,
        "bw_dev" : 0.000000,
        "bw_samples" : 0,
        "iops_min" : 0,
        "iops_max" : 0,
        "iops_mean" : 0.000000,
        "iops_stddev" : 0.000000,
        "iops_samples" : 0
      },
      "sync" : {
        "lat_ns" : {
          "min" : 0,
          "max" : 0,
          "mean" : 0.000000,
          "stddev" : 0.000000,
          "percentile" : {
            "1.000000" : 0,
            "5.000000" : 0,
            "10.000000" : 0,
            "20.000000" : 0,
            "30.000000" : 0,
            "40.000000" : 0,
            "50.000000" : 0,
            "60.000000" : 0,
            "70.000000" : 0,
            "80.000000" : 0,
            "90.000000" : 0,
            "95.000000" : 0,
            "99.000000" : 0,
            "99.500000" : 0,
            "99.900000" : 0,
            "99.950000" : 0,
            "99.990000" : 0
          }
        },
        "total_ios" : 0
      },
      "job_runtime" : 10001,
      "usr_cpu" : 2.159784,
      "sys_cpu" : 83.631637,
      "ctx" : 1693,
      "majf" : 0,
      "minf" : 16,
      "iodepth_level" : {
        "1" : 0.000000,
        "2" : 0.000000,
        "4" : 0.000000,
        "8" : 0.000000,
        "16" : 100.000000,
        "32" : 0.000000,
        ">=64" : 0.000000
      },
      "iodepth_submit" : {
        "0" : 0.000000,
        "4" : 100.000000,
        "8" : 0.000000,
        "16" : 0.000000,
        "32" : 0.000000,
        "64" : 0.000000,
        ">=64" : 0.000000
      },
      "iodepth_complete" : {
        "0" : 0.000000,
        "4" : 99.999295,
        "8" : 0.000000,
        "16" : 0.000000,
        "32" : 0.100000,
        "64" : 0.000000,
        ">=64" : 0.000000
      },
      "latency_ns" : {
        "2" : 0.000000,
        "4" : 0.000000,
        "10" : 0.000000,
        "20" : 0.000000,
        "50" : 0.000000,
        "100" : 0.000000,
        "250" : 0.000000,
        "500" : 0.000000,
        "750" : 0.000000,
        "1000" : 0.000000
      },
      "latency_us" : {
        "2" : 0.000000,
        "4" : 0.010000,
        "10" : 0.000000,
        "20" : 0.000000,
        "50" : 0.010000,
        "100" : 0.029610,
        "250" : 0.130423,
        "500" : 0.206562,
        "750" : 1.243602,
        "1000" : 16.249313
      },
      "latency_ms" : {
        "2" : 78.266571,
        "4" : 2.032486,
        "10" : 1.156183,
        "20" : 0.313016,
        "50" : 0.384924,
        "100" : 0.000000,
        "250" : 0.000000,
        "500" : 0.000000,
        "750" : 0.000000,
        "1000" : 0.000000,
        "2000" : 0.000000,
        ">=2000" : 0.000000
      },
      "latency_depth" : 22,
      "latency_target" : 0,
      "latency_percentile" : 100.000000,