
{
  "fio version" : "fio-3.15",
  "timestamp" : 1586557254,
  "time" : "Fri Apr 10 15:20:54 2020",
  "global options" : {
    "direct" : "1",
    "iodepth" : "22",
    "ioengine" : "libaio",
    "runtime" : "10",
    "time_based" : "1",
    "ramp_time" : "5",
    "size" : "5g",
    "numjobs" : "1",
    "rw" : "rw",
    "bs" : "1024k",
    "rwmixread" : "90",
    "rwmixwrite" : "10"
  },
  "client_stats" : [
    {
      "jobname" : "rw_bw_test",
      "groupid" : 0,
      "error" : 0,
      "job options" : {
        "name" : "rw_bw_test",
        "filename" : "/mnt/VBOX_HARDDISK_xfs/test.dat"
      },
      "read" : {
        "io_bytes" : 2468347904,
        "io_kbytes" : 2410496,
        "bw_bytes" : 244633092,
        "bw" : 238899,
        "iops" : 231.417245,
        "runtime" : 10090,
        "total_ios" : 2335,
        "short_ios" : 0,
        "drop_ios" : 0,
        "slat_ns" : {
          "min" : 59387,
          "max" : 8491897,
          "mean" : 162285.857816,
          "stddev" : 241047.835660
        },
        "clat_ns" : {
          "min" : 65645461,
          "max" : 161867766,
          "mean" : 87027377.024639,
          "stddev" : 8707667.111964,
          "percentile" : {
            "1.000000" : 72876032,
            "5.000000" : 77070336,
            "10.000000" : 77070336,
            "20.000000" : 79167488,
            "30.000000" : 81264640,
            "40.000000" : 84410368,
            "50.000000" : 87556096,
            "60.000000" : 88604672,
            "70.000000" : 90701824,
            "80.000000" : 92798976,
            "90.000000" : 96993280,
            "95.000000" : 100139008,
            "99.000000" : 111673344,
            "99.500000" : 121110528,
            "99.900000" : 154140672,
            "99.950000" : 158334976,
            "99.990000" : 162529280
          }
        },
        "lat_ns" : {
          "min" : 65771699,
          "max" : 161965504,
          "mean" : 87191013.442651,
          "stddev" : 8696827.877308
        },
        "bw_min" : 208479,
        "bw_max" : 255489,
        "bw_agg" : 99.765256,
        "bw_mean" : 238338.200000,
        "bw_dev" : 12940.360255,
        "bw_samples" : 20,
        "iops_min" : 203,
        "iops_max" : 249,
        "iops_mean" : 232.500000,
        "iops_stddev" : 12.680279,
        "iops_samples" : 20
      },
      "write" : {
        "io_bytes" : 268435456,
        "io_kbytes" : 262144,
        "bw_bytes" : 26604108,
        "bw" : 25980,
        "iops" : 25.173439,
        "runtime" : 10090,
        "total_ios" : 254,
        "short_ios" : 0,
        "drop_ios" : 0,
        "slat_ns" : {
          "min" : 72259,
          "max" : 27164222,
          "mean" : 298538.791339,
          "stddev" : 1767249.169023
        },
        "clat_ns" : {
          "min" : 32393768,
          "max" : 139325328,
          "mean" : 67877839.773437,
          "stddev" : 10693135.343105,
          "percentile" : {
            "1.000000" : 49020928,
            "5.000000" : 55312384,
            "10.000000" : 57409536,
            "20.000000" : 59506688,
            "30.000000" : 62128128,
            "40.000000" : 63700992,
            "50.000000" : 65798144,
            "60.000000" : 69730304,
            "70.000000" : 71827456,
            "80.000000" : 74973184,
            "90.000000" : 80216064,
            "95.000000" : 84410368,
            "99.000000" : 103284736,
            "99.500000" : 111673344,
            "99.900000" : 139460608,
            "99.950000" : 139460608,
            "99.990000" : 139460608
          }
        },
        "lat_ns" : {
          "min" : 49428243,
          "max" : 139540472,
          "mean" : 68176750.785156,
          "stddev" : 10417069.504893
        },
        "bw_min" : 12094,
        "bw_max" : 38834,
        "bw_agg" : 100.000000,
        "bw_mean" : 26063.150000,
        "bw_dev" : 7696.412057,
        "bw_samples" : 20,
        "iops_min" : 11,
        "iops_max" : 37,
        "iops_mean" : 24.850000,
        "iops_stddev" : 7.589986,
        "iops_samples" : 20
      },
      "trim" : {
        "io_bytes" : 0,
        "io_kbytes" : 0,
        "bw_bytes" : 0,
        "bw" : 0,
        "iops" : 0.000000,
        "runtime" : 0,
        "total_ios" : 0,
        "short_ios" : 0,
        "drop_ios" : 0,
        "slat_ns" : {
          "min" : 0,
          "max" : 0,
          "mean" : 0.000000,
          "stddev" : 0.000000
        },
        "clat_ns" : {
          "min" : 0,
          "max" : 0,
          "mean" : 0.000000,
          "stddev" : 0.000000,
          "percentile" : {
            "1.000000" : 0,
            "5.000000" : 0,
            "10.000000" : 0,
            "20.000000" : 0,
            "30.000000" : 0,
            "40.000000" : 0,
            "50.000000" : 0,
            "60.000000" : 0,
            "70.000000" : 0,
            "80.000000" : 0,
            "90.000000" : 0,
            "95.000000" : 0,
            "99.000000" : 0,
            "99.500000" : 0,
            "99.900000" : 0,
            "99.950000" : 0,
            "99.990000" : 0
          }
        },
        "lat_ns" : {
          "min" : 0,
          "max" : 0,
          "mean" : 0.000000,
          "stddev" : 0.000000
        },
        "bw_min" : 0,
        "bw_max" : 0,
        "bw_agg" : 0.000000,
        "bw_mean" : 0.000000,
        "bw_dev" : 0.000000,
        "bw_samples" : 0,
        "iops_min" : 0,
        "iops_max" : 0,
        "iops_mean" : 0.000000,
        "iops_stddev" : 0.000000,
        "iops_samples" : 0
      },
      "sync" : {
        "lat_ns" : {
          "min" : 0,
          "max" : 0,
          "mean" : 0.000000,
          "stddev" : 0.000000,
          "percentile" : {
            "1.000000" : 0,
            "5.000000" : 0,
            "10.000000" : 0,
            "20.000000" : 0,
            "30.000000" : 0,
            "40.000000" : 0,
            "50.000000" : 0,
            "60.000000" : 0,
            "70.000000" : 0,
            "80.000000" : 0,
            "90.000000" : 0,
            "95.000000" : 0,
            "99.000000" : 0,
            "99.500000" : 0,
            "99.900000" : 0,
            "99.950000" : 0,
            "99.990000" : 0
          }
        },
        "total_ios" : 0
      },
      "job_runtime" : 10089,
      "usr_cpu" : 0.317177,
      "sys_cpu" : 5.352364,
      "ctx" : 2369,
      "majf" : 0,
      "minf" : 16,
      "iodepth_level" : {
        "1" : 0.000000,
        "2" : 0.000000,
        "4" : 0.000000,
        "8" : 0.000000,
        "16" : 100.000000,
        "32" : 0.000000,
        ">=64" : 0.000000
      },
      "iodepth_submit" : {
        "0" : 0.000000,
        "4" : 100.000000,
        "8" : 0.000000,
        "16" : 0.000000,
        "32" : 0.000000,
        "64" : 0.000000,
        ">=64" : 0.000000
      },
      "iodepth_complete" : {
        "0" : 0.000000,
        "4" : 99.961390,
        "8" : 0.000000,
        "16" : 0.000000,
        "32" : 0.100000,
        "64" : 0.000000,
        ">=64" : 0.000000
      },
      "latency_ns" : {
        "2" : 0.000000,
        "4" : 0.000000,
        "10" : 0.000000,
        "20" : 0.000000,
        "50" : 0.000000,
        "100" : 0.000000,
        "250" : 0.000000,
        "500" : 0.000000,
        "750" : 0.000000,
        "1000" : 0.000000
      },
      "latency_us" : {
        "2" : 0.000000,
        "4" : 0.000000,
        "10" : 0.000000,
        "20" : 0.000000,
        "50" : 0.000000,
        "100" : 0.000000,
        "250" : 0.000000,
        "500" : 0.000000,
        "750" : 0.000000,
        "1000" : 0.000000
      },
      "latency_ms" : {
        "2" : 0.000000,
        "4" : 0.000000,
        "10" : 0.000000,
        "20" : 0.000000,
        "50" : 0.115875,
        "100" : 95.751255,
        "250" : 4.943994,
        "500" : 0.000000,
        "750" : 0.000000,
        "1000" : 0.000000,
        "2000" : 0.000000,
        ">=2000" : 0.000000
      },
      "latency_depth" : 22,