
{
  "fio version" : "fio-3.15",
  "timestamp" : 1586553476,
  "time" : "Fri Apr 10 14:17:56 2020",
  "global options" : {
    "direct" : "1",
    "iodepth" : "22",
    "ioengine" : "libaio",
    "runtime" : "10",
    "time_based" : "1",
    "ramp_time" : "5",
    "size" : "5g",
    "numjobs" : "1",
    "rw" : "rw",
    "bs" : "256k",
    "rwmixread" : "90",
    "rwmixwrite" : "10"
  },
  "client_stats" : [
    {
      "jobname" : "rw_bw_test",
      "groupid" : 0,
      "error" : 0,
      "job options" : {
        "name" : "rw_bw_test",
        "filename" : "/dev/sdb"
      },
      "read" : {
        "io_bytes" : 2507669504,
        "io_kbytes" : 2448896,
        "bw_bytes" : 250241443,
        "bw" : 244376,
        "iops" : 952.499751,
        "runtime" : 10021,
        "total_ios" : 9545,
        "short_ios" : 0,
        "drop_ios" : 0,
        "slat_ns" : {
          "min" : 25079,
          "max" : 8055422,
          "mean" : 92640.439707,
          "stddev" : 128682.301791
        },
        "clat_ns" : {
          "min" : 1644215,
          "max" : 58681613,
          "mean" : 22754022.051746,
          "stddev" : 5114671.988791,
          "percentile" : {
            "1.000000" : 12124160,
            "5.000000" : 19005440,
            "10.000000" : 19529728,
            "20.000000" : 20054016,
            "30.000000" : 20316160,
            "40.000000" : 20316160,
            "50.000000" : 20578304,
            "60.000000" : 20578304,
            "70.000000" : 21102592,
            "80.000000" : 29491200,
            "90.000000" : 30539776,
            "95.000000" : 31326208,
            "99.000000" : 36438016,
            "99.500000" : 41680896,
            "99.900000" : 51642368,
            "99.950000" : 55836672,
            "99.990000" : 58458112
          }
        },
        "lat_ns" : {
          "min" : 1719829,
          "max" : 58825371,
          "mean" : 22848338.868179,
          "stddev" : 5108827.772620
        },
        "bw_min" : 237093,
        "bw_max" : 252934,
        "bw_agg" : 99.870364,
        "bw_mean" : 244059.200000,
        "bw_dev" : 4093.611886,
        "bw_samples" : 20,
        "iops_min" : 926,
        "iops_max" : 988,
        "iops_mean" : 953.300000,
        "iops_stddev" : 16.016768,
        "iops_samples" : 20
      },
      "write" : {
        "io_bytes" : 272105472,
        "io_kbytes" : 265728,
        "bw_bytes" : 27153524,
        "bw" : 26517,
        "iops" : 103.582477,
        "runtime" : 10021,
        "total_ios" : 1038,
        "short_ios" : 0,
        "drop_ios" : 0,
        "slat_ns" : {
          "min" : 27512,
          "max" : 4449333,
          "mean" : 94320.818882,
          "stddev" : 155571.529969
        },
        "clat_ns" : {
          "min" : 7110,
          "max" : 32303838,
          "mean" : 1934675.701349,
          "stddev" : 1715690.490092,
          "percentile" : {
            "1.000000" : 264192,
            "5.000000" : 823296,
            "10.000000" : 946176,
            "20.000000" : 1368064,
            "30.000000" : 1761280,
            "40.000000" : 1859584,
            "50.000000" : 1908736,
            "60.000000" : 1925120,
            "70.000000" : 1957888,
            "80.000000" : 2007040,
            "90.000000" : 2113536,
            "95.000000" : 2277376,
            "99.000000" : 11599872,
            "99.500000" : 11993088,
            "99.900000" : 22675456,
            "99.950000" : 32374784,
            "99.990000" : 32374784
          }
        },
        "lat_ns" : {
          "min" : 170449,
          "max" : 32453679,
          "mean" : 2030774.299615,
          "stddev" : 1718922.856688
        },
        "bw_min" : 20950,
        "bw_max" : 30147,
        "bw_agg" : 100.000000,
        "bw_mean" : 26540.200000,
        "bw_dev" : 2686.393701,
        "bw_samples" : 20,
        "iops_min" : 81,
        "iops_max" : 117,
        "iops_mean" : 103.200000,
        "iops_stddev" : 10.471013,
        "iops_samples" : 20
      },
      "trim" : {
        "io_bytes" : 0,
        "io_kbytes" : 0,
        "bw_bytes" : 0,
        "bw" : 0,
        "iops" : 0.000000,
        "runtime" : 0,
        "total_ios" : 0,
        "short_ios" : 0,
        "drop_ios" : 0,
        "slat_ns" : {
          "min" : 0,
          "max" : 0,
          "mean" : 0.000000,
          "stddev" : 0.000000
        },
        "clat_ns" : {
          "min" : 0,
          "max" : 0,
          "mean" : 0.000000,
          "stddev" : 0.000000,
          "percentile" : {
            "1.000000" : 0,
            "5.000000" : 0,
            "10.000000" : 0,
            "20.000000" : 0,
            "30.000000" : 0,
            "40.000000" : 0,
            "50.000000" : 0,
            "60.000000" : 0,
            "70.000000" : 0,
            "80.000000" : 0,
            "90.000000" : 0,
            "95.000000" : 0,
            "99.000000" : 0,
            "99.500000" : 0,
            "99.900000" : 0,
            "99.950000" : 0,
            "99.990000" : 0
          }
        },
        "lat_ns" : {
          "min" : 0,
          "max" : 0,
          "mean" : 0.000000,
          "stddev" : 0.000000
        },
        "bw_min" : 0,
        "bw_max" : 0,
        "bw_agg" : 0.000000,
        "bw_mean" : 0.000000,
        "bw_dev" : 0.000000,
        "bw_samples" : 0,
        "iops_min" : 0,
        "iops_max" : 0,
        "iops_mean" : 0.000000,
        "iops_stddev" : 0.000000,
        "iops_samples" : 0
      },
      "sync" : {
        "lat_ns" : {
          "min" : 0,
          "max" : 0,
          "mean" : 0.000000,
          "stddev" : 0.000000,
          "percentile" : {
            "1.000000" : 0,
            "5.000000" : 0,
            "10.000000" : 0,
            "20.000000" : 0,
            "30.000000" : 0,
            "40.000000" : 0,
            "50.000000" : 0,
            "60.000000" : 0,
            "70.000000" : 0,
            "80.000000" : 0,
            "90.000000" : 0,
            "95.000000" : 0,
            "99.000000" : 0,
            "99.500000" : 0,
            "99.900000" : 0,
            "99.950000" : 0,
            "99.990000" : 0
          }
        },
        "total_ios" : 0
      },
      "job_runtime" : 10020,
      "usr_cpu" : 0.279441,
      "sys_cpu" : 13.532934,
      "ctx" : 9249,
      "majf" : 0,
      "minf" : 16,
      "iodepth_level" : {
        "1" : 0.000000,
        "2" : 0.000000,
        "4" : 0.000000,
        "8" : 0.000000,
        "16" : 100.000000,
        "32" : 0.000000,
        ">=64" : 0.000000
      },
      "iodepth_submit" : {
        "0" : 0.000000,
        "4" : 100.000000,
        "8" : 0.000000,
        "16" : 0.000000,
        "32" : 0.000000,
        "64" : 0.000000,
        ">=64" : 0.000000
      },
      "iodepth_complete" : {
        "0" : 0.000000,
        "4" : 99.990552,
        "8" : 0.000000,
        "16" : 0.000000,
        "32" : 0.100000,
        "64" : 0.000000,
        ">=64" : 0.000000
      },
      "latency_ns" : {
        "2" : 0.000000,
        "4" : 0.000000,
        "10" : 0.000000,
        "20" : 0.000000,
        "50" : 0.000000,
        "100" : 0.000000,
        "250" : 0.000000,
        "500" : 0.000000,
        "750" : 0.000000,
        "1000" : 0.000000
      },
      "latency_us" : {
        "2" : 0.000000,
        "4" : 0.000000,
        "10" : 0.010000,
        "20" : 0.000000,
        "50" : 0.000000,
        "100" : 0.000000,
        "250" : 0.066144,
        "500" : 0.122839,
        "750" : 0.132288,
        "1000" : 0.878768
      },
      "latency_ms" : {
        "2" : 6.623831,
        "4" : 1.908722,
        "10" : 0.500803,
        "20" : 14.532741,
        "50" : 75.281111,
        "100" : 0.141737,
        "250" : 0.000000,
        "500" : 0.000000,
        "750" : 0.000000,
        "1000" : 0.000000,
        "2000" : 0.000000,
        ">=2000" : 0.000000
      },
      "latency_depth" : 22,
      "latency_target" : 0,
      "latency_percentile" : 100.000000,